event_name,began_local,estimated_end_local,venue_name,address,city,country,segment,genre,description,estimated_attendance,event_url
Cirque du Soleil ALIZÉ,2026-06-10T18:30:00+02:00,2026-06-10T20:30:00+02:00,,Marlene-Dietrich-Platz 1,Berlin,Germany,Arts & Theatre,Theatre,Segment: Arts & Theatre | Genre: Theatre,771,https://www.ticketmaster.de/event/cirque-du-soleil-alize-tickets/580037716?language=en-us
Lachkater - die Stand Up Comedy Show,2026-06-10T20:00:00+02:00,2026-06-10T22:00:00+02:00,Tati Goes Underground,Metzer Straße 2,Berlin,Germany,Arts & Theatre,Comedy,Segment: Arts & Theatre | Genre: Comedy,773,https://www.universe.com/events/lachkater-die-stand-up-comedy-show-tickets-T6CRGJ?ref=ticketmaster
ivri,2026-06-10T20:00:00+02:00,2026-06-10T23:00:00+02:00,,Skalitzer Straße 85-86,Berlin,Germany,Music,Rock,Segment: Music | Genre: Rock,1886,https://www.ticketmaster.de/event/ivri-tickets/1399949209?language=en-us
Cirque du Soleil ALIZÉ,2026-06-11T19:30:00+02:00,2026-06-11T21:30:00+02:00,,Marlene-Dietrich-Platz 1,Berlin,Germany,Arts & Theatre,Theatre,Segment: Arts & Theatre | Genre: Theatre,786,https://www.ticketmaster.de/event/cirque-du-soleil-alize-tickets/1696680729?language=en-us
Lachkater - die Stand Up Comedy Show,2026-06-11T20:00:00+02:00,2026-06-11T22:00:00+02:00,Tati Goes Underground,Metzer Straße 2,Berlin,Germany,Arts & Theatre,Comedy,Segment: Arts & Theatre | Genre: Comedy,646,https://www.universe.com/events/lachkater-die-stand-up-comedy-show-tickets-T6CRGJ?ref=ticketmaster
Cirque du Soleil ALIZÉ,2026-06-12T16:00:00+02:00,2026-06-12T18:00:00+02:00,,Marlene-Dietrich-Platz 1,Berlin,Germany,Arts & Theatre,Theatre,Segment: Arts & Theatre | Genre: Theatre,550,https://www.ticketmaster.de/event/cirque-du-soleil-alize-tickets/1677373833?language=en-us
Lachkater - die Stand Up Comedy Show,2026-06-12T19:00:00+02:00,2026-06-12T21:00:00+02:00,Tati Goes Underground,Metzer Straße 2,Berlin,Germany,Arts & Theatre,Comedy,Segment: Arts & Theatre | Genre: Comedy,587,https://www.universe.com/events/lachkater-die-stand-up-comedy-show-tickets-T6CRGJ?ref=ticketmaster
FKA twigs - Body High Tour,2026-06-12T19:45:00+02:00,2026-06-12T22:45:00+02:00,,Paul-Heyse-Straße 26,Berlin,Germany,Music,Rock,Segment: Music | Genre: Rock,1636,https://www.ticketmaster.de/event/fka-twigs-body-high-tour-tickets/625341063?language=en-us
Grace Ives - Girlfriend Tour,2026-06-12T20:00:00+02:00,2026-06-12T23:00:00+02:00,,Schönhauser Allee 36,Berlin,Germany,Music,Rock,Segment: Music | Genre: Rock,1359,https://www.ticketmaster.de/event/grace-ives-girlfriend-tour-tickets/549160499?language=en-us
Joost Klein - World Tour,2026-06-12T20:00:00+02:00,2026-06-12T23:00:00+02:00,,Columbiadamm 13 - 21,Berlin,Germany,Music,Hip-Hop/Rap,Segment: Music | Genre: Hip-Hop/Rap,1405,https://www.ticketmaster.de/event/joost-klein-world-tour-tickets/537702751?language=en-us
Cirque du Soleil ALIZÉ,2026-06-12T20:00:00+02:00,2026-06-12T22:00:00+02:00,,Marlene-Dietrich-Platz 1,Berlin,Germany,Arts & Theatre,Theatre,Segment: Arts & Theatre | Genre: Theatre,626,https://www.ticketmaster.de/event/cirque-du-soleil-alize-tickets/599219829?language=en-us
Lachkater - die Stand Up Comedy Show,2026-06-12T21:00:00+02:00,2026-06-12T23:00:00+02:00,Tati Goes Underground,Metzer Straße 2,Berlin,Germany,Arts & Theatre,Comedy,Segment: Arts & Theatre | Genre: Comedy,620,https://www.universe.com/events/lachkater-die-stand-up-comedy-show-tickets-T6CRGJ?ref=ticketmaster
Cirque du Soleil ALIZÉ,2026-06-13T16:00:00+02:00,2026-06-13T18:00:00+02:00,,Marlene-Dietrich-Platz 1,Berlin,Germany,Arts & Theatre,Theatre,Segment: Arts & Theatre | Genre: Theatre,624,https://www.ticketmaster.de/event/cirque-du-soleil-alize-tickets/38208908?language=en-us
Helene Fischer - 360° Stadion Tour 2026,2026-06-13T19:30:00+02:00,2026-06-13T22:30:00+02:00,,Olympischer Platz 3,Berlin,Germany,Music,World,Segment: Music | Genre: World,2231,https://www.ticketmaster.de/event/helene-fischer-360-stadion-tour-2026-tickets/529171?language=en-us
Helene Fischer - 360° Stadion Tour 2026 - VIP Packages,2026-06-13T19:30:00+02:00,2026-06-13T22:30:00+02:00,,Olympischer Platz 3,Berlin,Germany,Music,World,Segment: Music | Genre: World,1718,https://www.ticketmaster.de/event/helene-fischer-360-stadion-tour-2026-vip-packages-tickets/529693?language=en-us
Helene Fischer - 360° Stadion Tour 2026 |  Business Seat Package,2026-06-13T19:30:00+02:00,2026-06-13T22:30:00+02:00,,Olympischer Platz 3,Berlin,Germany,Music,World,Segment: Music | Genre: World,2108,https://www.ticketmaster.de/event/helene-fischer-360-stadion-tour-2026-%7C-business-seat-package-tickets/532961?language=en-us
Cirque du Soleil ALIZÉ,2026-06-13T20:00:00+02:00,2026-06-13T22:00:00+02:00,,Marlene-Dietrich-Platz 1,Berlin,Germany,Arts & Theatre,Theatre,Segment: Arts & Theatre | Genre: Theatre,446,https://www.ticketmaster.de/event/cirque-du-soleil-alize-tickets/1862887104?language=en-us
DJ Bobo | Box-Seat in the Ticketmaster Suite,2026-06-13T20:00:00+02:00,2026-06-13T23:00:00+02:00,Uber Arena,Uber-Platz 1,Berlin,Germany,Music,Dance/Electronic,Segment: Music | Genre: Dance/Electronic,1703,https://www.ticketmaster.de/event/dj-bobo-%7C-box-seat-in-the-ticketmaster-suite-tickets/1760083530?language=en-us
Cirque du Soleil ALIZÉ,2026-06-14T13:00:00+02:00,2026-06-14T15:00:00+02:00,,Marlene-Dietrich-Platz 1,Berlin,Germany,Arts & Theatre,Theatre,Segment: Arts & Theatre | Genre: Theatre,614,https://www.ticketmaster.de/event/cirque-du-soleil-alize-tickets/1039696745?language=en-us
Cirque du Soleil ALIZÉ,2026-06-14T17:00:00+02:00,2026-06-14T19:00:00+02:00,,Marlene-Dietrich-Platz 1,Berlin,Germany,Arts & Theatre,Theatre,Segment: Arts & Theatre | Genre: Theatre,539,https://www.ticketmaster.de/event/cirque-du-soleil-alize-tickets/1832833691?language=en-us
Lachkater - die Stand Up Comedy Show,2026-06-14T19:00:00+02:00,2026-06-14T21:00:00+02:00,Tati Goes Underground,Metzer Straße 2,Berlin,Germany,Arts & Theatre,Comedy,Segment: Arts & Theatre | Genre: Comedy,692,https://www.universe.com/events/lachkater-die-stand-up-comedy-show-tickets-T6CRGJ?ref=ticketmaster
DJ Bobo | Box-Seat in the Ticketmaster Suite,2026-06-14T20:00:00+02:00,2026-06-14T23:00:00+02:00,Uber Arena,Uber-Platz 1,Berlin,Germany,Music,Dance/Electronic,Segment: Music | Genre: Dance/Electronic,1788,https://www.ticketmaster.de/event/dj-bobo-%7C-box-seat-in-the-ticketmaster-suite-tickets/1751465579?language=en-us
Hayley Williams,2026-06-15T00:00:00+02:00,2026-06-15T03:00:00+02:00,Tempodrom Berlin,Mockernstrasse 10,Berlin,Germany,Music,Other,Segment: Music | Genre: Other,1485,https://www.ticketmaster.com/event/Z7r9jZ1A7rek3
WIR ARBEITEN DRAN - Stand-up Comedy Berlin,2026-06-15T20:00:00+02:00,2026-06-15T22:00:00+02:00,Oblomov Kreuzkoelln,Lenaustraße 7,Berlin,Germany,Arts & Theatre,Comedy,Segment: Arts & Theatre | Genre: Comedy,708,https://www.universe.com/events/wir-arbeiten-dran-stand-up-comedy-berlin-tickets-LF359S?ref=ticketmaster
femtanyl - Man Bites Dog Tour,2026-06-15T20:00:00+02:00,2026-06-15T23:00:00+02:00,,Hermannstraße 146,Berlin,Germany,Music,Dance/Electronic,Segment: Music | Genre: Dance/Electronic,1929,https://www.ticketmaster.de/event/femtanyl-man-bites-dog-tour-tickets/1147402566?language=en-us
Good Dye Young Presents: Hayley Williams At A Bachelorette Party,2026-06-15T20:00:00+02:00,2026-06-15T23:00:00+02:00,Tempodrom,Möckernstraße 10,Berlin,Germany,Music,Rock,Segment: Music | Genre: Rock,2195,https://www.ticketmaster.de/event/good-dye-young-presents-hayley-williams-at-a-bachelorette-party-tickets/394816175?language=en-us
Tom Misch,2026-06-16T20:00:00+02:00,2026-06-16T23:00:00+02:00,,Hasenheide 107 - 113,Berlin,Germany,Music,Rock,Segment: Music | Genre: Rock,1821,https://www.ticketmaster.de/event/tom-misch-tickets/255614013?language=en-us
Chezile - Wish You Were Here EU/UK Tour,2026-06-16T20:00:00+02:00,2026-06-16T23:00:00+02:00,,Skalitzer Straße 85-86,Berlin,Germany,Music,Rock,Segment: Music | Genre: Rock,2343,https://www.ticketmaster.de/event/chezile-wish-you-were-here-eu-uk-tour-tickets/953024638?language=en-us
Cirque du Soleil ALIZÉ,2026-06-17T19:30:00+02:00,2026-06-17T21:30:00+02:00,,Marlene-Dietrich-Platz 1,Berlin,Germany,Arts & Theatre,Theatre,Segment: Arts & Theatre | Genre: Theatre,841,https://www.ticketmaster.de/event/cirque-du-soleil-alize-tickets/458914780?language=en-us
Lachkater - die Stand Up Comedy Show,2026-06-17T20:00:00+02:00,2026-06-17T22:00:00+02:00,Tati Goes Underground,Metzer Straße 2,Berlin,Germany,Arts & Theatre,Comedy,Segment: Arts & Theatre | Genre: Comedy,730,https://www.universe.com/events/lachkater-die-stand-up-comedy-show-tickets-T6CRGJ?ref=ticketmaster
Doja Cat - Tour Ma Vie World Tour | Premium Packages,2026-06-17T20:00:00+02:00,2026-06-17T23:00:00+02:00,Uber Arena,Uber-Platz 1,Berlin,Germany,Music,Hip-Hop/Rap,Segment: Music | Genre: Hip-Hop/Rap,2025,https://www.ticketmaster.de/event/doja-cat-tour-ma-vie-world-tour-%7C-premium-packages-tickets/1561582957?language=en-us
Doja Cat - Tour Ma Vie World Tour | Box seat in the Ticketmaster Suite,2026-06-17T20:00:00+02:00,2026-06-17T22:00:00+02:00,Uber Arena,Uber-Platz 1,Berlin,Germany,Arts & Theatre,Miscellaneous,Segment: Arts & Theatre | Genre: Miscellaneous,603,https://www.ticketmaster.de/event/doja-cat-tour-ma-vie-world-tour-%7C-box-seat-in-the-ticketmaster-suite-tickets/1800351331?language=en-us
Doja Cat - Tour Ma Vie World Tour,2026-06-17T20:00:00+02:00,2026-06-17T23:00:00+02:00,Uber Arena,Uber-Platz 1,Berlin,Germany,Music,Hip-Hop/Rap,Segment: Music | Genre: Hip-Hop/Rap,2381,https://www.ticketmaster.de/event/doja-cat-tour-ma-vie-world-tour-tickets/867308287?language=en-us
Kings of Leon,2026-06-18T19:00:00+02:00,2026-06-18T22:00:00+02:00,,Am Juliusturm,Berlin,Germany,Music,Rock,Segment: Music | Genre: Rock,1666,https://www.ticketmaster.de/event/kings-of-leon-tickets/1401938636?language=en-us
Jimmy Carr | Box seat in the Ticketmaster Suite,2026-06-18T19:30:00+02:00,2026-06-18T21:30:00+02:00,Uber Arena,Uber-Platz 1,Berlin,Germany,Arts & Theatre,Comedy,Segment: Arts & Theatre | Genre: Comedy,581,https://www.ticketmaster.de/event/jimmy-carr-%7C-box-seat-in-the-ticketmaster-suite-tickets/1176105791?language=en-us
Cirque du Soleil ALIZÉ,2026-06-18T19:30:00+02:00,2026-06-18T21:30:00+02:00,,Marlene-Dietrich-Platz 1,Berlin,Germany,Arts & Theatre,Theatre,Segment: Arts & Theatre | Genre: Theatre,676,https://www.ticketmaster.de/event/cirque-du-soleil-alize-tickets/1158520359?language=en-us
Lachkater - die Stand Up Comedy Show,2026-06-18T20:00:00+02:00,2026-06-18T22:00:00+02:00,Tati Goes Underground,Metzer Straße 2,Berlin,Germany,Arts & Theatre,Comedy,Segment: Arts & Theatre | Genre: Comedy,725,https://www.universe.com/events/lachkater-die-stand-up-comedy-show-tickets-T6CRGJ?ref=ticketmaster
Casey Frey and Special Guest – Nick Colletti,2026-06-18T20:00:00+02:00,2026-06-18T22:00:00+02:00,PUNCH L!NE Club Berlin,Marlene-Dietrich-Platz 1,Berlin,Germany,Arts & Theatre,Comedy,Segment: Arts & Theatre | Genre: Comedy,540,https://www.ticketmaster.de/event/casey-frey-and-special-guest--nick-colletti-tickets/1828718426?language=en-us
Keli Holiday,2026-06-18T20:00:00+02:00,2026-06-18T23:00:00+02:00,,Schönhauser Allee 36,Berlin,Germany,Music,Alternative,Segment: Music | Genre: Alternative,1869,https://www.ticketmaster.de/event/keli-holiday-tickets/1748664961?language=en-us
Mieze - Releasy Party,2026-06-18T21:00:00+02:00,2026-06-19T00:00:00+02:00,,Holzmarktstraße 15,Berlin,Germany,Music,Hip-Hop/Rap,Segment: Music | Genre: Hip-Hop/Rap,1879,https://www.ticketmaster.de/event/mieze-releasy-party-tickets/1145885572?language=en-us
Cirque du Soleil ALIZÉ,2026-06-19T16:00:00+02:00,2026-06-19T18:00:00+02:00,,Marlene-Dietrich-Platz 1,Berlin,Germany,Arts & Theatre,Theatre,Segment: Arts & Theatre | Genre: Theatre,474,https://www.ticketmaster.de/event/cirque-du-soleil-alize-tickets/683497407?language=en-us
The Velvet Creepers present CARAVAN OBSCURA,2026-06-19T18:00:00+02:00,2026-06-19T20:00:00+02:00,Zirkus Mond,Lilli-Henoch-Straße 10,Berlin,Germany,Arts & Theatre,Circus & Specialty Acts,Segment: Arts & Theatre | Genre: Circus & Specialty Acts,769,https://www.universe.com/events/the-velvet-creepers-present-caravan-obscura-tickets-XMYP57?ref=ticketmaster
Lachkater - die Stand Up Comedy Show,2026-06-19T19:00:00+02:00,2026-06-19T21:00:00+02:00,Tati Goes Underground,Metzer Straße 2,Berlin,Germany,Arts & Theatre,Comedy,Segment: Arts & Theatre | Genre: Comedy,625,https://www.universe.com/events/lachkater-die-stand-up-comedy-show-tickets-T6CRGJ?ref=ticketmaster
Lachkater Open Air Stand Up Comedy Show Luftschloss Tempelhofer Feld,2026-06-19T19:30:00+02:00,2026-06-19T21:30:00+02:00,Luftschloss Tempelhofer Feld,Tempelhofer Damm 85,Berlin,Germany,Arts & Theatre,Comedy,Segment: Arts & Theatre | Genre: Comedy,599,https://www.universe.com/events/lachkater-open-air-stand-up-comedy-show-luftschloss-tempelhofer-feld-tickets-XD15QP?ref=ticketmaster
Cirque du Soleil ALIZÉ,2026-06-19T20:00:00+02:00,2026-06-19T22:00:00+02:00,,Marlene-Dietrich-Platz 1,Berlin,Germany,Arts & Theatre,Theatre,Segment: Arts & Theatre | Genre: Theatre,509,https://www.ticketmaster.de/event/cirque-du-soleil-alize-tickets/1685328828?language=en-us
fakemink - a Terrible Beauty . - The Tour,2026-06-19T20:00:00+02:00,2026-06-19T23:00:00+02:00,,Hasenheide 107 - 113,Berlin,Germany,Music,Hip-Hop/Rap,Segment: Music | Genre: Hip-Hop/Rap,1729,https://www.ticketmaster.de/event/fakemink-a-terrible-beauty--the-tour-tickets/892873552?language=en-us
Lachkater - die Stand Up Comedy Show,2026-06-19T21:00:00+02:00,2026-06-19T23:00:00+02:00,Tati Goes Underground,Metzer Straße 2,Berlin,Germany,Arts & Theatre,Comedy,Segment: Arts & Theatre | Genre: Comedy,619,https://www.universe.com/events/lachkater-die-stand-up-comedy-show-tickets-T6CRGJ?ref=ticketmaster
Cirque du Soleil ALIZÉ,2026-06-20T16:00:00+02:00,2026-06-20T18:00:00+02:00,,Marlene-Dietrich-Platz 1,Berlin,Germany,Arts & Theatre,Theatre,Segment: Arts & Theatre | Genre: Theatre,648,https://www.ticketmaster.de/event/cirque-du-soleil-alize-tickets/379758721?language=en-us
The Velvet Creepers present CARAVAN OBSCURA,2026-06-20T18:00:00+02:00,2026-06-20T20:00:00+02:00,Zirkus Mond,Lilli-Henoch-Straße 10,Berlin,Germany,Arts & Theatre,Circus & Specialty Acts,Segment: Arts & Theatre | Genre: Circus & Specialty Acts,534,https://www.universe.com/events/the-velvet-creepers-present-caravan-obscura-tickets-RD6GL0?ref=ticketmaster
Cirque du Soleil ALIZÉ,2026-06-20T20:00:00+02:00,2026-06-20T22:00:00+02:00,,Marlene-Dietrich-Platz 1,Berlin,Germany,Arts & Theatre,Theatre,Segment: Arts & Theatre | Genre: Theatre,535,https://www.ticketmaster.de/event/cirque-du-soleil-alize-tickets/30149151?language=en-us
Kevin Bridges - Here If You Need Me,2026-06-20T20:00:00+02:00,2026-06-20T22:00:00+02:00,PUNCH L!NE Club Berlin,Marlene-Dietrich-Platz 1,Berlin,Germany,Arts & Theatre,Comedy,Segment: Arts & Theatre | Genre: Comedy,703,https://www.ticketmaster.de/event/kevin-bridges-here-if-you-need-me-tickets/321804888?language=en-us
Cirque du Soleil ALIZÉ,2026-06-21T13:00:00+02:00,2026-06-21T15:00:00+02:00,,Marlene-Dietrich-Platz 1,Berlin,Germany,Arts & Theatre,Theatre,Segment: Arts & Theatre | Genre: Theatre,598,https://www.ticketmaster.de/event/cirque-du-soleil-alize-tickets/1109876703?language=en-us
Cirque du Soleil ALIZÉ,2026-06-21T17:00:00+02:00,2026-06-21T19:00:00+02:00,,Marlene-Dietrich-Platz 1,Berlin,Germany,Arts & Theatre,Theatre,Segment: Arts & Theatre | Genre: Theatre,636,https://www.ticketmaster.de/event/cirque-du-soleil-alize-tickets/319193337?language=en-us
Lachkater - die Stand Up Comedy Show,2026-06-21T19:00:00+02:00,2026-06-21T21:00:00+02:00,Tati Goes Underground,Metzer Straße 2,Berlin,Germany,Arts & Theatre,Comedy,Segment: Arts & Theatre | Genre: Comedy,699,https://www.universe.com/events/lachkater-die-stand-up-comedy-show-tickets-T6CRGJ?ref=ticketmaster
WIR ARBEITEN DRAN - Stand-up Comedy Berlin,2026-06-22T20:00:00+02:00,2026-06-22T22:00:00+02:00,Oblomov Kreuzkoelln,Lenaustraße 7,Berlin,Germany,Arts & Theatre,Comedy,Segment: Arts & Theatre | Genre: Comedy,592,https://www.universe.com/events/wir-arbeiten-dran-stand-up-comedy-berlin-tickets-LF359S?ref=ticketmaster
Guns N’ Roses - World Tour 2026,2026-06-23T18:30:00+02:00,2026-06-23T21:30:00+02:00,Uber Arena,Uber-Platz 1,Berlin,Germany,Music,Rock,Segment: Music | Genre: Rock,1996,https://www.ticketmaster.de/event/guns-n-roses-world-tour-2026-tickets/987462732?language=en-us
Cirque du Soleil ALIZÉ,2026-06-24T18:30:00+02:00,2026-06-24T20:30:00+02:00,,Marlene-Dietrich-Platz 1,Berlin,Germany,Arts & Theatre,Theatre,Segment: Arts & Theatre | Genre: Theatre,579,https://www.ticketmaster.de/event/cirque-du-soleil-alize-tickets/552460818?language=en-us
Lachkater - die Stand Up Comedy Show,2026-06-24T20:00:00+02:00,2026-06-24T22:00:00+02:00,Tati Goes Underground,Metzer Straße 2,Berlin,Germany,Arts & Theatre,Comedy,Segment: Arts & Theatre | Genre: Comedy,719,https://www.universe.com/events/lachkater-die-stand-up-comedy-show-tickets-T6CRGJ?ref=ticketmaster
OXIS - Live in Europe,2026-06-24T20:00:00+02:00,2026-06-24T23:00:00+02:00,Kantine am Berghain,Am Wriezener Bahnhof,Berlin,Germany,Music,Rock,Segment: Music | Genre: Rock,2056,https://www.ticketmaster.de/event/oxis-live-in-europe-tickets/852462423?language=en-us
Guns N’ Roses - World Tour 2026 | Box seat,2026-06-25T18:30:00+02:00,2026-06-25T21:30:00+02:00,Uber Arena,Uber-Platz 1,Berlin,Germany,Music,Rock,Segment: Music | Genre: Rock,2119,https://www.ticketmaster.de/event/guns-n-roses-world-tour-2026-%7C-box-seat-tickets/1940460287?language=en-us
Guns N’ Roses - World Tour 2026,2026-06-25T18:30:00+02:00,2026-06-25T21:30:00+02:00,Uber Arena,Uber-Platz 1,Berlin,Germany,Music,Rock,Segment: Music | Genre: Rock,1469,https://www.ticketmaster.de/event/guns-n-roses-world-tour-2026-tickets/394383334?language=en-us
Cirque du Soleil ALIZÉ,2026-06-25T19:30:00+02:00,2026-06-25T21:30:00+02:00,,Marlene-Dietrich-Platz 1,Berlin,Germany,Arts & Theatre,Theatre,Segment: Arts & Theatre | Genre: Theatre,546,https://www.ticketmaster.de/event/cirque-du-soleil-alize-tickets/700559673?language=en-us
Lachkater - die Stand Up Comedy Show,2026-06-25T20:00:00+02:00,2026-06-25T22:00:00+02:00,Tati Goes Underground,Metzer Straße 2,Berlin,Germany,Arts & Theatre,Comedy,Segment: Arts & Theatre | Genre: Comedy,623,https://www.universe.com/events/lachkater-die-stand-up-comedy-show-tickets-T6CRGJ?ref=ticketmaster
Cirque du Soleil ALIZÉ,2026-06-26T16:00:00+02:00,2026-06-26T18:00:00+02:00,,Marlene-Dietrich-Platz 1,Berlin,Germany,Arts & Theatre,Theatre,Segment: Arts & Theatre | Genre: Theatre,655,https://www.ticketmaster.de/event/cirque-du-soleil-alize-tickets/481365603?language=en-us
Bruno Mars – The Romantic Tour,2026-06-26T18:00:00+02:00,2026-06-26T21:00:00+02:00,,Olympischer Platz 3,Berlin,Germany,Music,Dance/Electronic,Segment: Music | Genre: Dance/Electronic,1288,https://www.ticketmaster.de/event/bruno-mars--the-romantic-tour-tickets/999494063?language=en-us
Bruno Mars,2026-06-26T18:00:00+02:00,2026-06-26T21:00:00+02:00,Olympiastadion - Berlin,Olympischer Platz 3,Berlin,Germany,Music,R&B,Segment: Music | Genre: R&B,2035,https://www.ticketmaster.com/event/Z7r9jZ1A7OE_K
Lachkater - die Stand Up Comedy Show,2026-06-26T19:00:00+02:00,2026-06-26T21:00:00+02:00,Tati Goes Underground,Metzer Straße 2,Berlin,Germany,Arts & Theatre,Comedy,Segment: Arts & Theatre | Genre: Comedy,785,https://www.universe.com/events/lachkater-die-stand-up-comedy-show-tickets-T6CRGJ?ref=ticketmaster
Namasenda,2026-06-26T20:00:00+02:00,2026-06-26T23:00:00+02:00,Mikropol,Nollendorfplatz 5,Berlin,Germany,Music,Dance/Electronic,Segment: Music | Genre: Dance/Electronic,1425,https://www.ticketmaster.de/event/namasenda-tickets/1195424089?language=en-us
Cirque du Soleil ALIZÉ,2026-06-26T20:00:00+02:00,2026-06-26T22:00:00+02:00,,Marlene-Dietrich-Platz 1,Berlin,Germany,Arts & Theatre,Theatre,Segment: Arts & Theatre | Genre: Theatre,591,https://www.ticketmaster.de/event/cirque-du-soleil-alize-tickets/332984714?language=en-us
Lachkater - die Stand Up Comedy Show,2026-06-26T21:00:00+02:00,2026-06-26T23:00:00+02:00,Tati Goes Underground,Metzer Straße 2,Berlin,Germany,Arts & Theatre,Comedy,Segment: Arts & Theatre | Genre: Comedy,706,https://www.universe.com/events/lachkater-die-stand-up-comedy-show-tickets-T6CRGJ?ref=ticketmaster
The Cloud,2026-06-26T21:00:00+02:00,2026-06-26T23:00:00+02:00,Haus der Visionäre, Eichenstraße 4A,Berlin,Germany,Arts & Theatre,Dance,Segment: Arts & Theatre | Genre: Dance,644,https://www.universe.com/events/the-cloud-tickets-3LNT0M?ref=ticketmaster
Omar76 - Tour 2026 - Tour 2026 | Premium Upgrade (no Ticket included),2026-06-27T00:00:00+02:00,2026-06-27T03:00:00+02:00,,Hermannstraße 146,Berlin,Germany,Music,Hip-Hop/Rap,Segment: Music | Genre: Hip-Hop/Rap,2145,https://www.ticketmaster.de/event/omar76-tour-2026-tour-2026-%7C-premium-upgrade-no-ticket-included--tickets/38606300?language=en-us
Bottoms Up Brunch!,2026-06-27T12:00:00+02:00,2026-06-27T14:00:00+02:00,Vagabund Brauerei Kesselhaus,Oudenarder Str. 16-20,Berlin,Germany,Arts & Theatre,Variety,Segment: Arts & Theatre | Genre: Variety,666,https://www.universe.com/events/bottoms-up-brunch-tickets-VDTNJK?ref=ticketmaster
Cirque du Soleil ALIZÉ,2026-06-27T16:00:00+02:00,2026-06-27T18:00:00+02:00,,Marlene-Dietrich-Platz 1,Berlin,Germany,Arts & Theatre,Theatre,Segment: Arts & Theatre | Genre: Theatre,553,https://www.ticketmaster.de/event/cirque-du-soleil-alize-tickets/1782166946?language=en-us
A night with Sinatra in Berlin,2026-06-27T19:30:00+02:00,2026-06-27T21:30:00+02:00,,Budapester Straße 45,Berlin,Germany,Arts & Theatre,Fine Art,Segment: Arts & Theatre | Genre: Fine Art,740,https://www.universe.com/events/a-night-with-sinatra-in-berlin-tickets-F5DCYB?ref=ticketmaster
LA PRIEST,2026-06-27T20:00:00+02:00,2026-06-27T23:00:00+02:00,,Skalitzer Str. 134,Berlin,Germany,Music,Dance/Electronic,Segment: Music | Genre: Dance/Electronic,1558,https://www.ticketmaster.de/event/la-priest-tickets/1294855635?language=en-us
Cirque du Soleil ALIZÉ,2026-06-27T20:00:00+02:00,2026-06-27T22:00:00+02:00,,Marlene-Dietrich-Platz 1,Berlin,Germany,Arts & Theatre,Theatre,Segment: Arts & Theatre | Genre: Theatre,538,https://www.ticketmaster.de/event/cirque-du-soleil-alize-tickets/854084510?language=en-us
"Lexa Gates	 - I Am 2026 Tour",2026-06-27T20:00:00+02:00,2026-06-27T23:00:00+02:00,,Obentrautstraße 19-21,Berlin,Germany,Music,Hip-Hop/Rap,Segment: Music | Genre: Hip-Hop/Rap,1903,https://www.ticketmaster.de/event/lexa-gates-i-am-2026-tour-tickets/282189196?language=en-us
The Cloud,2026-06-27T21:00:00+02:00,2026-06-27T23:00:00+02:00,Haus der Visionäre, Eichenstraße 4A,Berlin,Germany,Arts & Theatre,Dance,Segment: Arts & Theatre | Genre: Dance,537,https://www.universe.com/events/the-cloud-tickets-3LNT0M?ref=ticketmaster
Cirque du Soleil ALIZÉ,2026-06-28T13:00:00+02:00,2026-06-28T15:00:00+02:00,,Marlene-Dietrich-Platz 1,Berlin,Germany,Arts & Theatre,Theatre,Segment: Arts & Theatre | Genre: Theatre,667,https://www.ticketmaster.de/event/cirque-du-soleil-alize-tickets/330293345?language=en-us
Cirque du Soleil ALIZÉ,2026-06-28T17:00:00+02:00,2026-06-28T19:00:00+02:00,,Marlene-Dietrich-Platz 1,Berlin,Germany,Arts & Theatre,Theatre,Segment: Arts & Theatre | Genre: Theatre,395,https://www.ticketmaster.de/event/cirque-du-soleil-alize-tickets/291465678?language=en-us
Bruno Mars – The Romantic Tour,2026-06-28T18:00:00+02:00,2026-06-28T21:00:00+02:00,,Olympischer Platz 3,Berlin,Germany,Music,Rock,Segment: Music | Genre: Rock,1614,https://www.ticketmaster.de/event/bruno-mars--the-romantic-tour-tickets/1359666397?language=en-us
Bruno Mars,2026-06-28T18:00:00+02:00,2026-06-28T21:00:00+02:00,Olympiastadion - Berlin,Olympischer Platz 3,Berlin,Germany,Music,R&B,Segment: Music | Genre: R&B,2207,https://www.ticketmaster.com/event/Z7r9jZ1A7OE_f
Lachkater - die Stand Up Comedy Show,2026-06-28T19:00:00+02:00,2026-06-28T21:00:00+02:00,Tati Goes Underground,Metzer Straße 2,Berlin,Germany,Arts & Theatre,Comedy,Segment: Arts & Theatre | Genre: Comedy,687,https://www.universe.com/events/lachkater-die-stand-up-comedy-show-tickets-T6CRGJ?ref=ticketmaster
Bruno Mars – The Romantic Tour,2026-06-29T18:00:00+02:00,2026-06-29T21:00:00+02:00,,Olympischer Platz 3,Berlin,Germany,Music,Rock,Segment: Music | Genre: Rock,2063,https://www.ticketmaster.de/event/bruno-mars--the-romantic-tour-tickets/756141301?language=en-us
Bruno Mars,2026-06-29T18:00:00+02:00,2026-06-29T21:00:00+02:00,Olympiastadion - Berlin,Olympischer Platz 3,Berlin,Germany,Music,R&B,Segment: Music | Genre: R&B,1628,https://www.ticketmaster.com/event/Z7r9jZ1A7OE_4
Honey Slam BERLIN – Poetryslam ohne traurige Texte!,2026-06-29T19:00:00+02:00,2026-06-29T21:00:00+02:00,Tati Goes Underground,Metzer Straße 2,Berlin,Germany,Arts & Theatre,Cultural,Segment: Arts & Theatre | Genre: Cultural,552,https://www.universe.com/events/honey-slam-berlin-poetryslam-ohne-traurige-texte-tickets-KQVW6Y?ref=ticketmaster
WIR ARBEITEN DRAN - Stand-up Comedy Berlin,2026-06-29T20:00:00+02:00,2026-06-29T22:00:00+02:00,Oblomov Kreuzkoelln,Lenaustraße 7,Berlin,Germany,Arts & Theatre,Comedy,Segment: Arts & Theatre | Genre: Comedy,538,https://www.universe.com/events/wir-arbeiten-dran-stand-up-comedy-berlin-tickets-LF359S?ref=ticketmaster
December 10 - The Next Step,2026-06-29T20:30:00+02:00,2026-06-29T23:30:00+02:00,,Schönhauser Allee 36,Berlin,Germany,Music,Rock,Segment: Music | Genre: Rock,1812,https://www.ticketmaster.de/event/december-10-the-next-step-tickets/224249508?language=en-us
Cirque du Soleil ALIZÉ,2026-07-01T18:30:00+02:00,2026-07-01T20:30:00+02:00,,Marlene-Dietrich-Platz 1,Berlin,Germany,Arts & Theatre,Theatre,Segment: Arts & Theatre | Genre: Theatre,700,https://www.ticketmaster.de/event/cirque-du-soleil-alize-tickets/2046344569?language=en-us
Lachkater - die Stand Up Comedy Show,2026-07-01T20:00:00+02:00,2026-07-01T22:00:00+02:00,Tati Goes Underground,Metzer Straße 2,Berlin,Germany,Arts & Theatre,Comedy,Segment: Arts & Theatre | Genre: Comedy,623,https://www.universe.com/events/lachkater-die-stand-up-comedy-show-tickets-T6CRGJ?ref=ticketmaster
Cirque du Soleil ALIZÉ,2026-07-02T19:30:00+02:00,2026-07-02T21:30:00+02:00,,Marlene-Dietrich-Platz 1,Berlin,Germany,Arts & Theatre,Theatre,Segment: Arts & Theatre | Genre: Theatre,730,https://www.ticketmaster.de/event/cirque-du-soleil-alize-tickets/1223490600?language=en-us
Lachkater - die Stand Up Comedy Show,2026-07-02T20:00:00+02:00,2026-07-02T22:00:00+02:00,Tati Goes Underground,Metzer Straße 2,Berlin,Germany,Arts & Theatre,Comedy,Segment: Arts & Theatre | Genre: Comedy,653,https://www.universe.com/events/lachkater-die-stand-up-comedy-show-tickets-T6CRGJ?ref=ticketmaster
Delta Goodrem,2026-07-02T20:00:00+02:00,2026-07-02T23:00:00+02:00,,Schönhauser Allee 36,Berlin,Germany,Music,Rock,Segment: Music | Genre: Rock,1770,https://www.ticketmaster.de/event/delta-goodrem-tickets/171349745?language=en-us
Cirque du Soleil ALIZÉ,2026-07-03T16:00:00+02:00,2026-07-03T18:00:00+02:00,,Marlene-Dietrich-Platz 1,Berlin,Germany,Arts & Theatre,Theatre,Segment: Arts & Theatre | Genre: Theatre,518,https://www.ticketmaster.de/event/cirque-du-soleil-alize-tickets/354335858?language=en-us
Lachkater - die Stand Up Comedy Show,2026-07-03T19:00:00+02:00,2026-07-03T21:00:00+02:00,Tati Goes Underground,Metzer Straße 2,Berlin,Germany,Arts & Theatre,Comedy,Segment: Arts & Theatre | Genre: Comedy,456,https://www.universe.com/events/lachkater-die-stand-up-comedy-show-tickets-T6CRGJ?ref=ticketmaster
Cirque du Soleil ALIZÉ,2026-07-03T20:00:00+02:00,2026-07-03T22:00:00+02:00,,Marlene-Dietrich-Platz 1,Berlin,Germany,Arts & Theatre,Theatre,Segment: Arts & Theatre | Genre: Theatre,678,https://www.ticketmaster.de/event/cirque-du-soleil-alize-tickets/802937153?language=en-us
Lachkater - die Stand Up Comedy Show,2026-07-03T21:00:00+02:00,2026-07-03T23:00:00+02:00,Tati Goes Underground,Metzer Straße 2,Berlin,Germany,Arts & Theatre,Comedy,Segment: Arts & Theatre | Genre: Comedy,390,https://www.universe.com/events/lachkater-die-stand-up-comedy-show-tickets-T6CRGJ?ref=ticketmaster
KI/KI,2026-07-04T14:00:00+02:00,2026-07-04T17:00:00+02:00,RSO VALLEY,Schnellerstraße 137,Berlin,Germany,Music,Dance/Electronic,Segment: Music | Genre: Dance/Electronic,1710,https://www.ticketmaster.de/event/ki-ki-tickets/1226372384?language=en-us
Cirque du Soleil ALIZÉ,2026-07-04T16:00:00+02:00,2026-07-04T18:00:00+02:00,,Marlene-Dietrich-Platz 1,Berlin,Germany,Arts & Theatre,Theatre,Segment: Arts & Theatre | Genre: Theatre,493,https://www.ticketmaster.de/event/cirque-du-soleil-alize-tickets/1253284947?language=en-us
SUMMER MADNESS (Ü30) 04.07.2026,2026-07-04T18:00:00+02:00,2026-07-04T20:00:00+02:00,Engelnest Coworking Space and Ev,Wilhelm-Kabus-Straße 24,Berlin,Germany,Undefined,,Segment: Undefined,165,https://www.universe.com/events/summer-madness-u30-04-07-2026-tickets-41Z0TP?ref=ticketmaster
Ali Wong - Ali Wong Live,2026-07-04T18:00:00+02:00,2026-07-04T20:00:00+02:00,Tempodrom,Möckernstraße 10,Berlin,Germany,Arts & Theatre,Comedy,Segment: Arts & Theatre | Genre: Comedy,408,https://www.ticketmaster.de/event/ali-wong-ali-wong-live-tickets/963263216?language=en-us
A night with Sinatra in Berlin,2026-07-04T19:30:00+02:00,2026-07-04T21:30:00+02:00,,Budapester Straße 45,Berlin,Germany,Arts & Theatre,Fine Art,Segment: Arts & Theatre | Genre: Fine Art,630,https://www.universe.com/events/a-night-with-sinatra-in-berlin-tickets-F5DCYB?ref=ticketmaster
Was Ihr wollt - Premiere,2026-07-04T19:30:00+02:00,2026-07-04T21:30:00+02:00,,Sömmeringstraße 15,Berlin,Germany,Arts & Theatre,Theatre,Segment: Arts & Theatre | Genre: Theatre,457,https://www.ticketmaster.de/event/was-ihr-wollt-premiere-tickets/337872494?language=en-us
Cirque du Soleil ALIZÉ,2026-07-04T20:00:00+02:00,2026-07-04T22:00:00+02:00,,Marlene-Dietrich-Platz 1,Berlin,Germany,Arts & Theatre,Theatre,Segment: Arts & Theatre | Genre: Theatre,561,https://www.ticketmaster.de/event/cirque-du-soleil-alize-tickets/1265655621?language=en-us
FLYING Steps Academy | Sommershow Classes - CombiTicket,2026-07-05T00:00:00+02:00,2026-07-05T02:00:00+02:00,Uber Eats Music Hall,Uber-Platz 2,Berlin,Germany,Arts & Theatre,Spectacular,Segment: Arts & Theatre | Genre: Spectacular,577,https://www.ticketmaster.de/event/flying-steps-academy-%7C-sommershow-classes-combiticket-tickets/1691296337?language=en-us
Cirque du Soleil ALIZÉ,2026-07-05T13:00:00+02:00,2026-07-05T15:00:00+02:00,,Marlene-Dietrich-Platz 1,Berlin,Germany,Arts & Theatre,Theatre,Segment: Arts & Theatre | Genre: Theatre,681,https://www.ticketmaster.de/event/cirque-du-soleil-alize-tickets/694491554?language=en-us
FLYING Steps Academy - Sommershow Classes on Stage,2026-07-05T13:00:00+02:00,2026-07-05T15:00:00+02:00,Uber Eats Music Hall,Uber-Platz 2,Berlin,Germany,Arts & Theatre,Dance,Segment: Arts & Theatre | Genre: Dance,693,https://www.ticketmaster.de/event/flying-steps-academy-sommershow-classes-on-stage-tickets/192590508?language=en-us
FLYING Steps Academy - Sommershow Classes on Stage,2026-07-05T17:00:00+02:00,2026-07-05T19:00:00+02:00,Uber Eats Music Hall,Uber-Platz 2,Berlin,Germany,Arts & Theatre,Spectacular,Segment: Arts & Theatre | Genre: Spectacular,595,https://www.ticketmaster.de/event/flying-steps-academy-sommershow-classes-on-stage-tickets/1654465286?language=en-us
Cirque du Soleil ALIZÉ,2026-07-05T17:00:00+02:00,2026-07-05T19:00:00+02:00,,Marlene-Dietrich-Platz 1,Berlin,Germany,Arts & Theatre,Theatre,Segment: Arts & Theatre | Genre: Theatre,652,https://www.ticketmaster.de/event/cirque-du-soleil-alize-tickets/172465073?language=en-us
DIKKA - BOAH IST DAS KRASS TOUR 2 | Box seat,2026-07-05T17:00:00+02:00,2026-07-05T20:00:00+02:00,Uber Arena,Uber-Platz 1,Berlin,Germany,Music,Hip-Hop/Rap,Segment: Music | Genre: Hip-Hop/Rap,2321,https://www.ticketmaster.de/event/dikka-boah-ist-das-krass-tour-2-%7C-box-seat-tickets/261122912?language=en-us
Lachkater - die Stand Up Comedy Show,2026-07-05T19:00:00+02:00,2026-07-05T21:00:00+02:00,Tati Goes Underground,Metzer Straße 2,Berlin,Germany,Arts & Theatre,Comedy,Segment: Arts & Theatre | Genre: Comedy,577,https://www.universe.com/events/lachkater-die-stand-up-comedy-show-tickets-T6CRGJ?ref=ticketmaster
Critical Role: Echoes of Exandria - Live! 2026 | Logen-Seat,2026-07-06T20:00:00+02:00,2026-07-06T22:00:00+02:00,Uber Arena,Uber-Platz 1,Berlin,Germany,Arts & Theatre,Theatre,Segment: Arts & Theatre | Genre: Theatre,633,https://www.ticketmaster.de/event/critical-role-echoes-of-exandria-live-2026-%7C-logen-seat-tickets/1101202828?language=en-us
WIR ARBEITEN DRAN - Stand-up Comedy Berlin,2026-07-06T20:00:00+02:00,2026-07-06T22:00:00+02:00,Oblomov Kreuzkoelln,Lenaustraße 7,Berlin,Germany,Arts & Theatre,Comedy,Segment: Arts & Theatre | Genre: Comedy,661,https://www.universe.com/events/wir-arbeiten-dran-stand-up-comedy-berlin-tickets-LF359S?ref=ticketmaster
The Swingin' Hermlins,2026-07-07T19:00:00+02:00,2026-07-07T22:00:00+02:00,,Sömmeringstraße 15,Berlin,Germany,Music,Jazz,Segment: Music | Genre: Jazz,2347,https://www.ticketmaster.de/event/the-swingin-hermlins-tickets/1266432369?language=en-us
Dua Saleh - Of Earth & Wires Tour,2026-07-07T20:00:00+02:00,2026-07-07T23:00:00+02:00,,Obentrautstraße 19-21,Berlin,Germany,Music,Hip-Hop/Rap,Segment: Music | Genre: Hip-Hop/Rap,1923,https://www.ticketmaster.de/event/dua-saleh-of-earth--wires-tour-tickets/1590083527?language=en-us
System Of A Down | Business Seat Packages,2026-07-08T18:00:00+02:00,2026-07-08T21:00:00+02:00,,Olympischer Platz 3,Berlin,Germany,Music,Rock,Segment: Music | Genre: Rock,1746,https://www.ticketmaster.de/event/system-of-a-down-%7C-business-seat-packages-tickets/1131343698?language=en-us
"System Of A Down | VIP Packages	",2026-07-08T18:00:00+02:00,2026-07-08T21:00:00+02:00,,Olympischer Platz 3,Berlin,Germany,Music,Rock,Segment: Music | Genre: Rock,1911,https://www.ticketmaster.de/event/system-of-a-down-%7C-vip-packages-tickets/312505729?language=en-us
System Of A Down,2026-07-08T18:00:00+02:00,2026-07-08T21:00:00+02:00,,Olympischer Platz 3,Berlin,Germany,Music,Rock,Segment: Music | Genre: Rock,2149,https://www.ticketmaster.de/event/system-of-a-down-tickets/678953442?language=en-us
Cirque du Soleil ALIZÉ,2026-07-08T18:30:00+02:00,2026-07-08T20:30:00+02:00,,Marlene-Dietrich-Platz 1,Berlin,Germany,Arts & Theatre,Theatre,Segment: Arts & Theatre | Genre: Theatre,610,https://www.ticketmaster.de/event/cirque-du-soleil-alize-tickets/1383559813?language=en-us
Hamlet,2026-07-08T19:30:00+02:00,2026-07-08T21:30:00+02:00,,Sömmeringstraße 15,Berlin,Germany,Arts & Theatre,Theatre,Segment: Arts & Theatre | Genre: Theatre,613,https://www.ticketmaster.de/event/hamlet-tickets/609627524?language=en-us
Lachkater - die Stand Up Comedy Show,2026-07-08T20:00:00+02:00,2026-07-08T22:00:00+02:00,Tati Goes Underground,Metzer Straße 2,Berlin,Germany,Arts & Theatre,Comedy,Segment: Arts & Theatre | Genre: Comedy,685,https://www.universe.com/events/lachkater-die-stand-up-comedy-show-tickets-T6CRGJ?ref=ticketmaster
Mumford & Sons - Prizefighter Tour,2026-07-09T18:45:00+02:00,2026-07-09T21:45:00+02:00,Waldbühne,Am Glockenturm 1,Berlin,Germany,Music,Rock,Segment: Music | Genre: Rock,2091,https://www.ticketmaster.de/event/mumford--sons-prizefighter-tour-tickets/2066178400?language=en-us
Hamlet,2026-07-09T19:30:00+02:00,2026-07-09T21:30:00+02:00,,Sömmeringstraße 15,Berlin,Germany,Arts & Theatre,Theatre,Segment: Arts & Theatre | Genre: Theatre,665,https://www.ticketmaster.de/event/hamlet-tickets/1344840579?language=en-us
Cirque du Soleil ALIZÉ,2026-07-09T19:30:00+02:00,2026-07-09T21:30:00+02:00,,Marlene-Dietrich-Platz 1,Berlin,Germany,Arts & Theatre,Theatre,Segment: Arts & Theatre | Genre: Theatre,585,https://www.ticketmaster.de/event/cirque-du-soleil-alize-tickets/25237353?language=en-us
Lachkater - die Stand Up Comedy Show,2026-07-09T20:00:00+02:00,2026-07-09T22:00:00+02:00,Tati Goes Underground,Metzer Straße 2,Berlin,Germany,Arts & Theatre,Comedy,Segment: Arts & Theatre | Genre: Comedy,662,https://www.universe.com/events/lachkater-die-stand-up-comedy-show-tickets-T6CRGJ?ref=ticketmaster
Cirque du Soleil ALIZÉ,2026-07-10T16:00:00+02:00,2026-07-10T18:00:00+02:00,,Marlene-Dietrich-Platz 1,Berlin,Germany,Arts & Theatre,Theatre,Segment: Arts & Theatre | Genre: Theatre,736,https://www.ticketmaster.de/event/cirque-du-soleil-alize-tickets/325582544?language=en-us
Lachkater - die Stand Up Comedy Show,2026-07-10T19:00:00+02:00,2026-07-10T21:00:00+02:00,Tati Goes Underground,Metzer Straße 2,Berlin,Germany,Arts & Theatre,Comedy,Segment: Arts & Theatre | Genre: Comedy,631,https://www.universe.com/events/lachkater-die-stand-up-comedy-show-tickets-T6CRGJ?ref=ticketmaster
Lachkater Open Air Stand Up Comedy Show Luftschloss Tempelhofer Feld,2026-07-10T19:30:00+02:00,2026-07-10T21:30:00+02:00,Luftschloss Tempelhofer Feld,Tempelhofer Damm 85,Berlin,Germany,Arts & Theatre,Comedy,Segment: Arts & Theatre | Genre: Comedy,530,https://www.universe.com/events/lachkater-open-air-stand-up-comedy-show-luftschloss-tempelhofer-feld-tickets-XD15QP?ref=ticketmaster
Ein Sommernachtstraum,2026-07-10T19:30:00+02:00,2026-07-10T21:30:00+02:00,,Sömmeringstraße 15,Berlin,Germany,Arts & Theatre,Theatre,Segment: Arts & Theatre | Genre: Theatre,657,https://www.ticketmaster.de/event/ein-sommernachtstraum-tickets/482070364?language=en-us
Cirque du Soleil ALIZÉ,2026-07-10T20:00:00+02:00,2026-07-10T22:00:00+02:00,,Marlene-Dietrich-Platz 1,Berlin,Germany,Arts & Theatre,Theatre,Segment: Arts & Theatre | Genre: Theatre,586,https://www.ticketmaster.de/event/cirque-du-soleil-alize-tickets/915731687?language=en-us
Lachkater - die Stand Up Comedy Show,2026-07-10T21:00:00+02:00,2026-07-10T23:00:00+02:00,Tati Goes Underground,Metzer Straße 2,Berlin,Germany,Arts & Theatre,Comedy,Segment: Arts & Theatre | Genre: Comedy,589,https://www.universe.com/events/lachkater-die-stand-up-comedy-show-tickets-T6CRGJ?ref=ticketmaster
Berlin | Old but Gold Ü30 Hip Hop Festival @ Zitadelle Spandau,2026-07-11T13:00:00+02:00,2026-07-11T16:00:00+02:00,,Am Juliusturm,Berlin,Germany,Music,Undefined,Segment: Music | Genre: Undefined,1789,https://www.universe.com/events/berlin-old-but-gold-u30-hip-hop-festival-zitadelle-spandau-tickets-P214FW?ref=ticketmaster
Cirque du Soleil ALIZÉ,2026-07-11T16:00:00+02:00,2026-07-11T18:00:00+02:00,,Marlene-Dietrich-Platz 1,Berlin,Germany,Arts & Theatre,Theatre,Segment: Arts & Theatre | Genre: Theatre,368,https://www.ticketmaster.de/event/cirque-du-soleil-alize-tickets/1649065315?language=en-us
A night with Sinatra in Berlin,2026-07-11T19:30:00+02:00,2026-07-11T21:30:00+02:00,,Budapester Straße 45,Berlin,Germany,Arts & Theatre,Fine Art,Segment: Arts & Theatre | Genre: Fine Art,549,https://www.universe.com/events/a-night-with-sinatra-in-berlin-tickets-F5DCYB?ref=ticketmaster
Ein Sommernachtstraum,2026-07-11T19:30:00+02:00,2026-07-11T21:30:00+02:00,,Sömmeringstraße 15,Berlin,Germany,Arts & Theatre,Theatre,Segment: Arts & Theatre | Genre: Theatre,793,https://www.ticketmaster.de/event/ein-sommernachtstraum-tickets/1394734404?language=en-us
Cirque du Soleil ALIZÉ,2026-07-11T20:00:00+02:00,2026-07-11T22:00:00+02:00,,Marlene-Dietrich-Platz 1,Berlin,Germany,Arts & Theatre,Theatre,Segment: Arts & Theatre | Genre: Theatre,785,https://www.ticketmaster.de/event/cirque-du-soleil-alize-tickets/1558642139?language=en-us
Cirque du Soleil ALIZÉ,2026-07-12T13:00:00+02:00,2026-07-12T15:00:00+02:00,,Marlene-Dietrich-Platz 1,Berlin,Germany,Arts & Theatre,Theatre,Segment: Arts & Theatre | Genre: Theatre,687,https://www.ticketmaster.de/event/cirque-du-soleil-alize-tickets/417836681?language=en-us
Cirque du Soleil ALIZÉ,2026-07-12T17:00:00+02:00,2026-07-12T19:00:00+02:00,,Marlene-Dietrich-Platz 1,Berlin,Germany,Arts & Theatre,Theatre,Segment: Arts & Theatre | Genre: Theatre,568,https://www.ticketmaster.de/event/cirque-du-soleil-alize-tickets/497748445?language=en-us
Lachkater - die Stand Up Comedy Show,2026-07-12T19:00:00+02:00,2026-07-12T21:00:00+02:00,Tati Goes Underground,Metzer Straße 2,Berlin,Germany,Arts & Theatre,Comedy,Segment: Arts & Theatre | Genre: Comedy,647,https://www.universe.com/events/lachkater-die-stand-up-comedy-show-tickets-T6CRGJ?ref=ticketmaster
David Garrett - Millennium Symphony Open Air Tour 2026,2026-07-12T19:30:00+02:00,2026-07-12T22:30:00+02:00,Classic Open Air,Gendarmenmarkt,Berlin,Germany,Music,Rock,Segment: Music | Genre: Rock,1297,https://www.ticketmaster.de/event/david-garrett-millennium-symphony-open-air-tour-2026-tickets/945481779?language=en-us
David Garrett - Millennium Symphony Open Air Tour 2026 | VIP,2026-07-12T19:30:00+02:00,2026-07-12T22:30:00+02:00,Classic Open Air,Gendarmenmarkt,Berlin,Germany,Music,Rock,Segment: Music | Genre: Rock,1965,https://www.ticketmaster.de/event/david-garrett-millennium-symphony-open-air-tour-2026-%7C-vip-tickets/128571495?language=en-us
WIR ARBEITEN DRAN - Stand-up Comedy Berlin,2026-07-13T20:00:00+02:00,2026-07-13T22:00:00+02:00,Oblomov Kreuzkoelln,Lenaustraße 7,Berlin,Germany,Arts & Theatre,Comedy,Segment: Arts & Theatre | Genre: Comedy,591,https://www.universe.com/events/wir-arbeiten-dran-stand-up-comedy-berlin-tickets-LF359S?ref=ticketmaster
The Swingin' Hermlins,2026-07-14T19:00:00+02:00,2026-07-14T22:00:00+02:00,,Sömmeringstraße 15,Berlin,Germany,Music,Jazz,Segment: Music | Genre: Jazz,1833,https://www.ticketmaster.de/event/the-swingin-hermlins-tickets/697320385?language=en-us
Cirque du Soleil ALIZÉ,2026-07-15T18:30:00+02:00,2026-07-15T20:30:00+02:00,,Marlene-Dietrich-Platz 1,Berlin,Germany,Arts & Theatre,Theatre,Segment: Arts & Theatre | Genre: Theatre,691,https://www.ticketmaster.de/event/cirque-du-soleil-alize-tickets/1062416674?language=en-us
Brief an den Vater,2026-07-15T19:30:00+02:00,2026-07-15T21:30:00+02:00,,Sömmeringstraße 15,Berlin,Germany,Arts & Theatre,Theatre,Segment: Arts & Theatre | Genre: Theatre,539,https://www.ticketmaster.de/event/brief-an-den-vater-tickets/1409488078?language=en-us
Lachkater - die Stand Up Comedy Show,2026-07-15T20:00:00+02:00,2026-07-15T22:00:00+02:00,Tati Goes Underground,Metzer Straße 2,Berlin,Germany,Arts & Theatre,Comedy,Segment: Arts & Theatre | Genre: Comedy,603,https://www.universe.com/events/lachkater-die-stand-up-comedy-show-tickets-T6CRGJ?ref=ticketmaster
Urfaust,2026-07-16T19:30:00+02:00,2026-07-16T21:30:00+02:00,,Sömmeringstraße 15,Berlin,Germany,Arts & Theatre,Theatre,Segment: Arts & Theatre | Genre: Theatre,728,https://www.ticketmaster.de/event/urfaust-tickets/1548080255?language=en-us
Cirque du Soleil ALIZÉ,2026-07-16T19:30:00+02:00,2026-07-16T21:30:00+02:00,,Marlene-Dietrich-Platz 1,Berlin,Germany,Arts & Theatre,Theatre,Segment: Arts & Theatre | Genre: Theatre,468,https://www.ticketmaster.de/event/cirque-du-soleil-alize-tickets/120507812?language=en-us
Lachkater - die Stand Up Comedy Show,2026-07-16T20:00:00+02:00,2026-07-16T22:00:00+02:00,Tati Goes Underground,Metzer Straße 2,Berlin,Germany,Arts & Theatre,Comedy,Segment: Arts & Theatre | Genre: Comedy,767,https://www.universe.com/events/lachkater-die-stand-up-comedy-show-tickets-T6CRGJ?ref=ticketmaster
Cirque du Soleil ALIZÉ,2026-07-17T16:00:00+02:00,2026-07-17T18:00:00+02:00,,Marlene-Dietrich-Platz 1,Berlin,Germany,Arts & Theatre,Theatre,Segment: Arts & Theatre | Genre: Theatre,694,https://www.ticketmaster.de/event/cirque-du-soleil-alize-tickets/562905213?language=en-us
Lachkater - die Stand Up Comedy Show,2026-07-17T19:00:00+02:00,2026-07-17T21:00:00+02:00,Tati Goes Underground,Metzer Straße 2,Berlin,Germany,Arts & Theatre,Comedy,Segment: Arts & Theatre | Genre: Comedy,760,https://www.universe.com/events/lachkater-die-stand-up-comedy-show-tickets-T6CRGJ?ref=ticketmaster
Urfaust,2026-07-17T19:30:00+02:00,2026-07-17T21:30:00+02:00,,Sömmeringstraße 15,Berlin,Germany,Arts & Theatre,Theatre,Segment: Arts & Theatre | Genre: Theatre,584,https://www.ticketmaster.de/event/urfaust-tickets/1329460989?language=en-us
Dueja - Tour 2026,2026-07-17T20:00:00+02:00,2026-07-17T23:00:00+02:00,Mikropol,Nollendorfplatz 5,Berlin,Germany,Music,Rock,Segment: Music | Genre: Rock,1896,https://www.ticketmaster.de/event/dueja-tour-2026-tickets/103043687?language=en-us
Cirque du Soleil ALIZÉ,2026-07-17T20:00:00+02:00,2026-07-17T22:00:00+02:00,,Marlene-Dietrich-Platz 1,Berlin,Germany,Arts & Theatre,Theatre,Segment: Arts & Theatre | Genre: Theatre,525,https://www.ticketmaster.de/event/cirque-du-soleil-alize-tickets/69847042?language=en-us
Lachkater - die Stand Up Comedy Show,2026-07-17T21:00:00+02:00,2026-07-17T23:00:00+02:00,Tati Goes Underground,Metzer Straße 2,Berlin,Germany,Arts & Theatre,Comedy,Segment: Arts & Theatre | Genre: Comedy,624,https://www.universe.com/events/lachkater-die-stand-up-comedy-show-tickets-T6CRGJ?ref=ticketmaster
Lollapalooza Berlin 2026 presented by essence,2026-07-18T11:00:00+02:00,2026-07-18T14:00:00+02:00,Olympiapark Berlin,Friedrich-Friesen-Allee,Berlin,Germany,Music,Undefined,Segment: Music | Genre: Undefined,1652,https://www.universe.com/events/lollapalooza-berlin-2026-presented-by-essence-tickets-D8G5XL?ref=ticketmaster
Lollapalooza Berlin 2026 presented by essence I Samstag,2026-07-18T11:00:00+02:00,2026-07-18T14:00:00+02:00,Olympiapark Berlin,Friedrich-Friesen-Allee,Berlin,Germany,Music,Undefined,Segment: Music | Genre: Undefined,1926,https://www.universe.com/events/lollapalooza-berlin-2026-presented-by-essence-i-samstag-tickets-X7TNZF?ref=ticketmaster
Cirque du Soleil ALIZÉ,2026-07-18T16:00:00+02:00,2026-07-18T18:00:00+02:00,,Marlene-Dietrich-Platz 1,Berlin,Germany,Arts & Theatre,Theatre,Segment: Arts & Theatre | Genre: Theatre,664,https://www.ticketmaster.de/event/cirque-du-soleil-alize-tickets/287471794?language=en-us
CHARLOTTE DE WITTE,2026-07-18T16:00:00+02:00,2026-07-18T19:00:00+02:00,RSO VALLEY,Schnellerstraße 137,Berlin,Germany,Music,Dance/Electronic,Segment: Music | Genre: Dance/Electronic,1968,https://www.ticketmaster.de/event/charlotte-de-witte-tickets/475316802?language=en-us
A night with Sinatra in Berlin,2026-07-18T19:30:00+02:00,2026-07-18T21:30:00+02:00,,Budapester Straße 45,Berlin,Germany,Arts & Theatre,Fine Art,Segment: Arts & Theatre | Genre: Fine Art,595,https://www.universe.com/events/a-night-with-sinatra-in-berlin-tickets-F5DCYB?ref=ticketmaster
Urfaust,2026-07-18T19:30:00+02:00,2026-07-18T21:30:00+02:00,,Sömmeringstraße 15,Berlin,Germany,Arts & Theatre,Theatre,Segment: Arts & Theatre | Genre: Theatre,644,https://www.ticketmaster.de/event/urfaust-tickets/363101799?language=en-us
Cirque du Soleil ALIZÉ,2026-07-18T20:00:00+02:00,2026-07-18T22:00:00+02:00,,Marlene-Dietrich-Platz 1,Berlin,Germany,Arts & Theatre,Theatre,Segment: Arts & Theatre | Genre: Theatre,853,https://www.ticketmaster.de/event/cirque-du-soleil-alize-tickets/1896243895?language=en-us
Lollapalooza Berlin 2026 presented by essence I Sonntag,2026-07-19T11:00:00+02:00,2026-07-19T14:00:00+02:00,Olympiapark Berlin,Friedrich-Friesen-Allee,Berlin,Germany,Music,Undefined,Segment: Music | Genre: Undefined,2165,https://www.universe.com/events/lollapalooza-berlin-2026-presented-by-essence-i-sonntag-tickets-W9PK34?ref=ticketmaster
Cirque du Soleil ALIZÉ,2026-07-19T13:00:00+02:00,2026-07-19T15:00:00+02:00,,Marlene-Dietrich-Platz 1,Berlin,Germany,Arts & Theatre,Theatre,Segment: Arts & Theatre | Genre: Theatre,662,https://www.ticketmaster.de/event/cirque-du-soleil-alize-tickets/1096303434?language=en-us
Cirque du Soleil ALIZÉ,2026-07-19T17:00:00+02:00,2026-07-19T19:00:00+02:00,,Marlene-Dietrich-Platz 1,Berlin,Germany,Arts & Theatre,Theatre,Segment: Arts & Theatre | Genre: Theatre,755,https://www.ticketmaster.de/event/cirque-du-soleil-alize-tickets/1612345258?language=en-us
Lachkater - die Stand Up Comedy Show,2026-07-19T19:00:00+02:00,2026-07-19T21:00:00+02:00,Tati Goes Underground,Metzer Straße 2,Berlin,Germany,Arts & Theatre,Comedy,Segment: Arts & Theatre | Genre: Comedy,625,https://www.universe.com/events/lachkater-die-stand-up-comedy-show-tickets-T6CRGJ?ref=ticketmaster
WIR ARBEITEN DRAN - Stand-up Comedy Berlin,2026-07-20T20:00:00+02:00,2026-07-20T22:00:00+02:00,Oblomov Kreuzkoelln,Lenaustraße 7,Berlin,Germany,Arts & Theatre,Comedy,Segment: Arts & Theatre | Genre: Comedy,705,https://www.universe.com/events/wir-arbeiten-dran-stand-up-comedy-berlin-tickets-LF359S?ref=ticketmaster
The Swingin' Hermlins,2026-07-21T19:00:00+02:00,2026-07-21T22:00:00+02:00,,Sömmeringstraße 15,Berlin,Germany,Music,Jazz,Segment: Music | Genre: Jazz,2270,https://www.ticketmaster.de/event/the-swingin-hermlins-tickets/1450440182?language=en-us
Cirque du Soleil ALIZÉ,2026-07-22T18:30:00+02:00,2026-07-22T20:30:00+02:00,,Marlene-Dietrich-Platz 1,Berlin,Germany,Arts & Theatre,Theatre,Segment: Arts & Theatre | Genre: Theatre,759,https://www.ticketmaster.de/event/cirque-du-soleil-alize-tickets/1159403997?language=en-us
Phaidon,2026-07-22T19:30:00+02:00,2026-07-22T21:30:00+02:00,,Sömmeringstraße 15,Berlin,Germany,Arts & Theatre,Theatre,Segment: Arts & Theatre | Genre: Theatre,817,https://www.ticketmaster.de/event/phaidon-tickets/889543829?language=en-us
Cirque du Soleil ALIZÉ,2026-07-23T19:30:00+02:00,2026-07-23T21:30:00+02:00,,Marlene-Dietrich-Platz 1,Berlin,Germany,Arts & Theatre,Theatre,Segment: Arts & Theatre | Genre: Theatre,670,https://www.ticketmaster.de/event/cirque-du-soleil-alize-tickets/524827066?language=en-us
Romeo & Julia,2026-07-23T19:30:00+02:00,2026-07-23T21:30:00+02:00,,Sömmeringstraße 15,Berlin,Germany,Arts & Theatre,Theatre,Segment: Arts & Theatre | Genre: Theatre,553,https://www.ticketmaster.de/event/romeo--julia-tickets/507960208?language=en-us
Cirque du Soleil ALIZÉ,2026-07-24T16:00:00+02:00,2026-07-24T18:00:00+02:00,,Marlene-Dietrich-Platz 1,Berlin,Germany,Arts & Theatre,Theatre,Segment: Arts & Theatre | Genre: Theatre,777,https://www.ticketmaster.de/event/cirque-du-soleil-alize-tickets/1835778498?language=en-us
Romeo & Julia,2026-07-24T19:30:00+02:00,2026-07-24T21:30:00+02:00,,Sömmeringstraße 15,Berlin,Germany,Arts & Theatre,Theatre,Segment: Arts & Theatre | Genre: Theatre,485,https://www.ticketmaster.de/event/romeo--julia-tickets/2021126095?language=en-us
Pabllo Vittar presents: Club Vittar,2026-07-24T20:00:00+02:00,2026-07-24T23:00:00+02:00,,Hasenheide 107 - 113,Berlin,Germany,Music,Rock,Segment: Music | Genre: Rock,1421,https://www.ticketmaster.de/event/pabllo-vittar-presents-club-vittar-tickets/1332695226?language=en-us
Cirque du Soleil ALIZÉ,2026-07-24T20:00:00+02:00,2026-07-24T22:00:00+02:00,,Marlene-Dietrich-Platz 1,Berlin,Germany,Arts & Theatre,Theatre,Segment: Arts & Theatre | Genre: Theatre,528,https://www.ticketmaster.de/event/cirque-du-soleil-alize-tickets/1796040215?language=en-us
Max Cooper Live A/V - Feeling Is Structure album Tour,2026-07-24T22:00:00+02:00,2026-07-25T01:00:00+02:00,Haus der Visionäre, Eichenstraße 4A,Berlin,Germany,Music,Dance/Electronic,Segment: Music | Genre: Dance/Electronic,1721,https://www.ticketmaster.de/event/max-cooper-live-a-v-feeling-is-structure-album-tour-tickets/2091501796?language=en-us
Bottoms Up Brunch! (CSD SPECIAL),2026-07-25T12:00:00+02:00,2026-07-25T14:00:00+02:00,Vagabund Brauerei Kesselhaus,Oudenarder Str. 16-20,Berlin,Germany,Arts & Theatre,Variety,Segment: Arts & Theatre | Genre: Variety,765,https://www.universe.com/events/bottoms-up-brunch-csd-special-tickets-ZTYJFX?ref=ticketmaster
Cirque du Soleil ALIZÉ,2026-07-25T16:00:00+02:00,2026-07-25T18:00:00+02:00,,Marlene-Dietrich-Platz 1,Berlin,Germany,Arts & Theatre,Theatre,Segment: Arts & Theatre | Genre: Theatre,641,https://www.ticketmaster.de/event/cirque-du-soleil-alize-tickets/684163094?language=en-us
A night with Sinatra in Berlin,2026-07-25T19:30:00+02:00,2026-07-25T21:30:00+02:00,,Budapester Straße 45,Berlin,Germany,Arts & Theatre,Fine Art,Segment: Arts & Theatre | Genre: Fine Art,556,https://www.universe.com/events/a-night-with-sinatra-in-berlin-tickets-F5DCYB?ref=ticketmaster
Romeo & Julia,2026-07-25T19:30:00+02:00,2026-07-25T21:30:00+02:00,,Sömmeringstraße 15,Berlin,Germany,Arts & Theatre,Theatre,Segment: Arts & Theatre | Genre: Theatre,663,https://www.ticketmaster.de/event/romeo--julia-tickets/622325137?language=en-us
Cirque du Soleil ALIZÉ,2026-07-25T20:00:00+02:00,2026-07-25T22:00:00+02:00,,Marlene-Dietrich-Platz 1,Berlin,Germany,Arts & Theatre,Theatre,Segment: Arts & Theatre | Genre: Theatre,520,https://www.ticketmaster.de/event/cirque-du-soleil-alize-tickets/607293121?language=en-us
Cirque du Soleil ALIZÉ,2026-07-26T13:00:00+02:00,2026-07-26T15:00:00+02:00,,Marlene-Dietrich-Platz 1,Berlin,Germany,Arts & Theatre,Theatre,Segment: Arts & Theatre | Genre: Theatre,688,https://www.ticketmaster.de/event/cirque-du-soleil-alize-tickets/30007189?language=en-us
Cirque du Soleil ALIZÉ,2026-07-26T17:00:00+02:00,2026-07-26T19:00:00+02:00,,Marlene-Dietrich-Platz 1,Berlin,Germany,Arts & Theatre,Theatre,Segment: Arts & Theatre | Genre: Theatre,600,https://www.ticketmaster.de/event/cirque-du-soleil-alize-tickets/272481014?language=en-us
Lachkater Open Air Stand Up Comedy Show Luftschloss Tempelhofer Feld,2026-07-26T19:30:00+02:00,2026-07-26T21:30:00+02:00,Luftschloss Tempelhofer Feld,Tempelhofer Damm 85,Berlin,Germany,Arts & Theatre,Comedy,Segment: Arts & Theatre | Genre: Comedy,691,https://www.universe.com/events/lachkater-open-air-stand-up-comedy-show-luftschloss-tempelhofer-feld-tickets-XD15QP?ref=ticketmaster
WIR ARBEITEN DRAN - Stand-up Comedy Berlin,2026-07-27T20:00:00+02:00,2026-07-27T22:00:00+02:00,Oblomov Kreuzkoelln,Lenaustraße 7,Berlin,Germany,Arts & Theatre,Comedy,Segment: Arts & Theatre | Genre: Comedy,628,https://www.universe.com/events/wir-arbeiten-dran-stand-up-comedy-berlin-tickets-LF359S?ref=ticketmaster
Benedict Cork,2026-07-27T20:00:00+02:00,2026-07-27T23:00:00+02:00,Mikropol,Nollendorfplatz 5,Berlin,Germany,Music,Rock,Segment: Music | Genre: Rock,1928,https://www.ticketmaster.de/event/benedict-cork-tickets/1133650603?language=en-us
Lenny Kravitz | Box seat in the Ticketmaster Suite,2026-07-27T20:00:00+02:00,2026-07-27T23:00:00+02:00,Uber Arena,Uber-Platz 1,Berlin,Germany,Music,Rock,Segment: Music | Genre: Rock,1727,https://www.ticketmaster.de/event/lenny-kravitz-%7C-box-seat-in-the-ticketmaster-suite-tickets/1054633677?language=en-us
Kidd Voodoo - Euforia World Tour,2026-07-27T20:00:00+02:00,2026-07-27T23:00:00+02:00,Columbia Theater,Columbiadamm 9-11,Berlin,Germany,Music,Hip-Hop/Rap,Segment: Music | Genre: Hip-Hop/Rap,1619,https://www.ticketmaster.de/event/kidd-voodoo-euforia-world-tour-tickets/930349799?language=en-us
The Swingin' Hermlins,2026-07-28T19:00:00+02:00,2026-07-28T21:00:00+02:00,,Sömmeringstraße 15,Berlin,Germany,Arts & Theatre,Theatre,Segment: Arts & Theatre | Genre: Theatre,610,https://www.ticketmaster.de/event/the-swingin-hermlins-tickets/284480560?language=en-us
Cirque du Soleil ALIZÉ,2026-07-29T18:30:00+02:00,2026-07-29T20:30:00+02:00,,Marlene-Dietrich-Platz 1,Berlin,Germany,Arts & Theatre,Theatre,Segment: Arts & Theatre | Genre: Theatre,445,https://www.ticketmaster.de/event/cirque-du-soleil-alize-tickets/509770027?language=en-us
Was Ihr wollt,2026-07-29T19:30:00+02:00,2026-07-29T21:30:00+02:00,,Sömmeringstraße 15,Berlin,Germany,Arts & Theatre,Theatre,Segment: Arts & Theatre | Genre: Theatre,628,https://www.ticketmaster.de/event/was-ihr-wollt-tickets/1994522242?language=en-us
Cirque du Soleil ALIZÉ,2026-07-30T19:30:00+02:00,2026-07-30T21:30:00+02:00,,Marlene-Dietrich-Platz 1,Berlin,Germany,Arts & Theatre,Theatre,Segment: Arts & Theatre | Genre: Theatre,577,https://www.ticketmaster.de/event/cirque-du-soleil-alize-tickets/162611959?language=en-us
Hamlet,2026-07-30T19:30:00+02:00,2026-07-30T21:30:00+02:00,,Sömmeringstraße 15,Berlin,Germany,Arts & Theatre,Theatre,Segment: Arts & Theatre | Genre: Theatre,673,https://www.ticketmaster.de/event/hamlet-tickets/725169591?language=en-us
Cirque du Soleil ALIZÉ,2026-07-31T16:00:00+02:00,2026-07-31T18:00:00+02:00,,Marlene-Dietrich-Platz 1,Berlin,Germany,Arts & Theatre,Theatre,Segment: Arts & Theatre | Genre: Theatre,659,https://www.ticketmaster.de/event/cirque-du-soleil-alize-tickets/1194176914?language=en-us
Young Euro Classic 2026 | Bundesjugendorchester (Germany),2026-07-31T19:00:00+02:00,2026-07-31T21:00:00+02:00,,Gendarmenmarkt 2,Berlin,Germany,Arts & Theatre,Classical,Segment: Arts & Theatre | Genre: Classical,660,https://www.ticketmaster.de/event/young-euro-classic-2026-%7C-bundesjugendorchester-germany--tickets/614324563?language=en-us
Jeder stirbt für sich allein,2026-07-31T19:30:00+02:00,2026-07-31T21:30:00+02:00,,Sömmeringstraße 15,Berlin,Germany,Arts & Theatre,Comedy,Segment: Arts & Theatre | Genre: Comedy,694,https://www.ticketmaster.de/event/jeder-stirbt-fur-sich-allein-tickets/217254975?language=en-us
20 Jahre Alligatoah – Einmaliges Jubiläumskonzert,2026-07-31T20:00:00+02:00,2026-07-31T23:00:00+02:00,,Straße am FEZ 4,Berlin,Germany,Music,Hip-Hop/Rap,Segment: Music | Genre: Hip-Hop/Rap,2394,https://www.ticketmaster.de/event/20-jahre-alligatoah--einmaliges-jubilaumskonzert-tickets/755569290?language=en-us
Cirque du Soleil ALIZÉ,2026-07-31T20:00:00+02:00,2026-07-31T22:00:00+02:00,,Marlene-Dietrich-Platz 1,Berlin,Germany,Arts & Theatre,Theatre,Segment: Arts & Theatre | Genre: Theatre,547,https://www.ticketmaster.de/event/cirque-du-soleil-alize-tickets/376660012?language=en-us
Future Now -  Festivalpass für 3 Konzerte über (+49 (0)30 8410 8909,2026-08-01T00:00:00+02:00,2026-08-01T02:00:00+02:00,,Gendarmenmarkt,Berlin,Germany,Miscellaneous,Fairs & Festivals,Segment: Miscellaneous | Genre: Fairs & Festivals,608,https://www.ticketmaster.de/event/future-now-festivalpass-fur-3-konzerte-uber-49-0-30-8410-8909-tickets/1934059541?language=en-us
Young Euro Classic 2026 | Future Now - Festivalpass für 5 Konzerte,2026-08-01T16:00:00+02:00,2026-08-01T18:00:00+02:00,,Gendarmenmarkt,Berlin,Germany,Arts & Theatre,Classical,Segment: Arts & Theatre | Genre: Classical,687,https://www.ticketmaster.de/event/young-euro-classic-2026-%7C-future-now-festivalpass-fur-5-konzerte-tickets/2020761361?language=en-us
Cirque du Soleil ALIZÉ,2026-08-01T16:00:00+02:00,2026-08-01T18:00:00+02:00,,Marlene-Dietrich-Platz 1,Berlin,Germany,Arts & Theatre,Theatre,Segment: Arts & Theatre | Genre: Theatre,667,https://www.ticketmaster.de/event/cirque-du-soleil-alize-tickets/458400152?language=en-us
Young Euro Classic 2026 | Future Now - MOHIRON (Tadschikistan),2026-08-01T16:30:00+02:00,2026-08-01T18:30:00+02:00,,Gendarmenmarkt,Berlin,Germany,Miscellaneous,Fairs & Festivals,Segment: Miscellaneous | Genre: Fairs & Festivals,496,https://www.ticketmaster.de/event/young-euro-classic-2026-%7C-future-now-mohiron-tadschikistan--tickets/1912703263?language=en-us
Young Euro Classic 2026 | Youth Symphony Orchestra of Ukraine,2026-08-01T19:00:00+02:00,2026-08-01T21:00:00+02:00,,Gendarmenmarkt 2,Berlin,Germany,Arts & Theatre,Classical,Segment: Arts & Theatre | Genre: Classical,602,https://www.ticketmaster.de/event/young-euro-classic-2026-%7C-youth-symphony-orchestra-of-ukraine-tickets/1022207203?language=en-us
A night with Sinatra in Berlin,2026-08-01T19:30:00+02:00,2026-08-01T21:30:00+02:00,,Budapester Straße 45,Berlin,Germany,Arts & Theatre,Fine Art,Segment: Arts & Theatre | Genre: Fine Art,448,https://www.universe.com/events/a-night-with-sinatra-in-berlin-tickets-F5DCYB?ref=ticketmaster
1984,2026-08-01T19:30:00+02:00,2026-08-01T21:30:00+02:00,,Sömmeringstraße 15,Berlin,Germany,Arts & Theatre,Miscellaneous,Segment: Arts & Theatre | Genre: Miscellaneous,405,https://www.ticketmaster.de/event/1984-tickets/513643456?language=en-us
20 Jahre Alligatoah – Einmaliges Zusatzjubiläumskonzert,2026-08-01T20:00:00+02:00,2026-08-01T23:00:00+02:00,,Straße am FEZ 4,Berlin,Germany,Music,Hip-Hop/Rap,Segment: Music | Genre: Hip-Hop/Rap,2199,https://www.ticketmaster.de/event/20-jahre-alligatoah--einmaliges-zusatzjubilaumskonzert-tickets/2084113470?language=en-us
Cirque du Soleil ALIZÉ,2026-08-01T20:00:00+02:00,2026-08-01T22:00:00+02:00,,Marlene-Dietrich-Platz 1,Berlin,Germany,Arts & Theatre,Theatre,Segment: Arts & Theatre | Genre: Theatre,608,https://www.ticketmaster.de/event/cirque-du-soleil-alize-tickets/1541733988?language=en-us
Cirque du Soleil ALIZÉ,2026-08-02T13:00:00+02:00,2026-08-02T15:00:00+02:00,,Marlene-Dietrich-Platz 1,Berlin,Germany,Arts & Theatre,Theatre,Segment: Arts & Theatre | Genre: Theatre,676,https://www.ticketmaster.de/event/cirque-du-soleil-alize-tickets/1055125712?language=en-us
Young Euro Classic 2026 | Future Now - Lách Tách (Vietnam),2026-08-02T16:30:00+02:00,2026-08-02T18:30:00+02:00,,Gendarmenmarkt,Berlin,Germany,Miscellaneous,Fairs & Festivals,Segment: Miscellaneous | Genre: Fairs & Festivals,656,https://www.ticketmaster.de/event/young-euro-classic-2026-%7C-future-now-lach-tach-vietnam--tickets/569098875?language=en-us
Cirque du Soleil ALIZÉ,2026-08-02T17:00:00+02:00,2026-08-02T19:00:00+02:00,,Marlene-Dietrich-Platz 1,Berlin,Germany,Arts & Theatre,Theatre,Segment: Arts & Theatre | Genre: Theatre,738,https://www.ticketmaster.de/event/cirque-du-soleil-alize-tickets/719369365?language=en-us
Lachkater - die Stand Up Comedy Show,2026-08-02T19:00:00+02:00,2026-08-02T21:00:00+02:00,Tati Goes Underground,Metzer Straße 2,Berlin,Germany,Arts & Theatre,Comedy,Segment: Arts & Theatre | Genre: Comedy,628,https://www.universe.com/events/lachkater-die-stand-up-comedy-show-tickets-T6CRGJ?ref=ticketmaster
Young Euro Classic 2026 | Orchestre National des Jeunes du Luxembourg,2026-08-02T19:00:00+02:00,2026-08-02T21:00:00+02:00,,Gendarmenmarkt 2,Berlin,Germany,Arts & Theatre,Classical,Segment: Arts & Theatre | Genre: Classical,577,https://www.ticketmaster.de/event/young-euro-classic-2026-%7C-orchestre-national-des-jeunes-du-luxembourg-tickets/431711173?language=en-us
Young Euro Classic 2026 | European Union Youth Orchestra,2026-08-03T19:00:00+02:00,2026-08-03T21:00:00+02:00,,Gendarmenmarkt 2,Berlin,Germany,Arts & Theatre,Classical,Segment: Arts & Theatre | Genre: Classical,559,https://www.ticketmaster.de/event/young-euro-classic-2026-%7C-european-union-youth-orchestra-tickets/1187934324?language=en-us
WIR ARBEITEN DRAN - Stand-up Comedy Berlin,2026-08-03T20:00:00+02:00,2026-08-03T22:00:00+02:00,Oblomov Kreuzkoelln,Lenaustraße 7,Berlin,Germany,Arts & Theatre,Comedy,Segment: Arts & Theatre | Genre: Comedy,721,https://www.universe.com/events/wir-arbeiten-dran-stand-up-comedy-berlin-tickets-LF359S?ref=ticketmaster
The Swingin' Hermlins,2026-08-04T19:00:00+02:00,2026-08-04T22:00:00+02:00,,Sömmeringstraße 15,Berlin,Germany,Music,Jazz,Segment: Music | Genre: Jazz,1626,https://www.ticketmaster.de/event/the-swingin-hermlins-tickets/1836281295?language=en-us
Young Euro Classic 2026 | National Youth Orchestra of the USA,2026-08-04T19:00:00+02:00,2026-08-04T21:00:00+02:00,,Gendarmenmarkt 2,Berlin,Germany,Arts & Theatre,Classical,Segment: Arts & Theatre | Genre: Classical,766,https://www.ticketmaster.de/event/young-euro-classic-2026-%7C-national-youth-orchestra-of-the-usa-tickets/446538162?language=en-us
Young Euro Classic 2026 | Zhejiang Conservatory of Music,2026-08-05T19:00:00+02:00,2026-08-05T21:00:00+02:00,,Gendarmenmarkt 2,Berlin,Germany,Arts & Theatre,Classical,Segment: Arts & Theatre | Genre: Classical,569,https://www.ticketmaster.de/event/young-euro-classic-2026-%7C-zhejiang-conservatory-of-music-tickets/764887906?language=en-us
Hamlet,2026-08-05T19:30:00+02:00,2026-08-05T21:30:00+02:00,,Sömmeringstraße 15,Berlin,Germany,Arts & Theatre,Theatre,Segment: Arts & Theatre | Genre: Theatre,679,https://www.ticketmaster.de/event/hamlet-tickets/709897766?language=en-us
Lachkater - die Stand Up Comedy Show,2026-08-05T20:00:00+02:00,2026-08-05T22:00:00+02:00,Tati Goes Underground,Metzer Straße 2,Berlin,Germany,Arts & Theatre,Comedy,Segment: Arts & Theatre | Genre: Comedy,509,https://www.universe.com/events/lachkater-die-stand-up-comedy-show-tickets-T6CRGJ?ref=ticketmaster
Cirque du Soleil ALIZÉ,2026-08-06T18:30:00+02:00,2026-08-06T20:30:00+02:00,,Marlene-Dietrich-Platz 1,Berlin,Germany,Arts & Theatre,Theatre,Segment: Arts & Theatre | Genre: Theatre,483,https://www.ticketmaster.de/event/cirque-du-soleil-alize-tickets/106563287?language=en-us
Young Euro Classic 2026 | Jong Metropole Symphonic Jazz Orchestra,2026-08-06T19:00:00+02:00,2026-08-06T21:00:00+02:00,,Gendarmenmarkt 2,Berlin,Germany,Arts & Theatre,Classical,Segment: Arts & Theatre | Genre: Classical,465,https://www.ticketmaster.de/event/young-euro-classic-2026-%7C-jong-metropole-symphonic-jazz-orchestra-tickets/384825109?language=en-us
Hamlet,2026-08-06T19:30:00+02:00,2026-08-06T21:30:00+02:00,,Sömmeringstraße 15,Berlin,Germany,Arts & Theatre,Theatre,Segment: Arts & Theatre | Genre: Theatre,655,https://www.ticketmaster.de/event/hamlet-tickets/136645008?language=en-us
Lachkater - die Stand Up Comedy Show,2026-08-06T20:00:00+02:00,2026-08-06T22:00:00+02:00,Tati Goes Underground,Metzer Straße 2,Berlin,Germany,Arts & Theatre,Comedy,Segment: Arts & Theatre | Genre: Comedy,712,https://www.universe.com/events/lachkater-die-stand-up-comedy-show-tickets-T6CRGJ?ref=ticketmaster
Cirque du Soleil ALIZÉ,2026-08-07T16:00:00+02:00,2026-08-07T18:00:00+02:00,,Marlene-Dietrich-Platz 1,Berlin,Germany,Arts & Theatre,Theatre,Segment: Arts & Theatre | Genre: Theatre,640,https://www.ticketmaster.de/event/cirque-du-soleil-alize-tickets/953141855?language=en-us
Young Euro Classic 2026 | Jovem Orquestra Portuguesa,2026-08-07T19:00:00+02:00,2026-08-07T21:00:00+02:00,,Gendarmenmarkt 2,Berlin,Germany,Arts & Theatre,Classical,Segment: Arts & Theatre | Genre: Classical,604,https://www.ticketmaster.de/event/young-euro-classic-2026-%7C-jovem-orquestra-portuguesa-tickets/1725461891?language=en-us
Lachkater - die Stand Up Comedy Show,2026-08-07T19:00:00+02:00,2026-08-07T21:00:00+02:00,Tati Goes Underground,Metzer Straße 2,Berlin,Germany,Arts & Theatre,Comedy,Segment: Arts & Theatre | Genre: Comedy,654,https://www.universe.com/events/lachkater-die-stand-up-comedy-show-tickets-T6CRGJ?ref=ticketmaster
1984,2026-08-07T19:30:00+02:00,2026-08-07T21:30:00+02:00,,Sömmeringstraße 15,Berlin,Germany,Arts & Theatre,Theatre,Segment: Arts & Theatre | Genre: Theatre,645,https://www.ticketmaster.de/event/1984-tickets/1914452419?language=en-us
Cirque du Soleil ALIZÉ,2026-08-07T20:00:00+02:00,2026-08-07T22:00:00+02:00,,Marlene-Dietrich-Platz 1,Berlin,Germany,Arts & Theatre,Theatre,Segment: Arts & Theatre | Genre: Theatre,703,https://www.ticketmaster.de/event/cirque-du-soleil-alize-tickets/598662906?language=en-us
Lachkater - die Stand Up Comedy Show,2026-08-07T21:00:00+02:00,2026-08-07T23:00:00+02:00,Tati Goes Underground,Metzer Straße 2,Berlin,Germany,Arts & Theatre,Comedy,Segment: Arts & Theatre | Genre: Comedy,671,https://www.universe.com/events/lachkater-die-stand-up-comedy-show-tickets-T6CRGJ?ref=ticketmaster
MAGMA 2026 | 08.08.2026 DAY 1 TICKET,2026-08-08T12:00:00+02:00,2026-08-08T15:00:00+02:00,RSO.BERLIN,Schnellerstraße 137,Berlin,Germany,Music,Dance/Electronic,Segment: Music | Genre: Dance/Electronic,1964,https://www.ticketmaster.de/event/magma-2026-%7C-08082026-day-1-ticket-tickets/62177948?language=en-us
Metal On The Beach Open Air,2026-08-08T16:00:00+02:00,2026-08-08T19:00:00+02:00,Beach Neukölln,Treptower Str. 39,Berlin,Germany,Music,Metal,Segment: Music | Genre: Metal,1759,https://www.universe.com/events/metal-on-the-beach-open-air-tickets-RW9N17?ref=ticketmaster
Cirque du Soleil ALIZÉ,2026-08-08T16:00:00+02:00,2026-08-08T18:00:00+02:00,,Marlene-Dietrich-Platz 1,Berlin,Germany,Arts & Theatre,Theatre,Segment: Arts & Theatre | Genre: Theatre,593,https://www.ticketmaster.de/event/cirque-du-soleil-alize-tickets/1540207008?language=en-us
Young Euro Classic 2026 | Future Now - JISR // BRÜCKE (Marokko),2026-08-08T16:30:00+02:00,2026-08-08T18:30:00+02:00,,Gendarmenmarkt,Berlin,Germany,Miscellaneous,Fairs & Festivals,Segment: Miscellaneous | Genre: Fairs & Festivals,532,https://www.ticketmaster.de/event/young-euro-classic-2026-%7C-future-now-jisr-brucke-marokko--tickets/133346316?language=en-us
Young Euro Classic 2026 | Nationale Jugendphilharmonie der Türkei,2026-08-08T19:00:00+02:00,2026-08-08T21:00:00+02:00,,Gendarmenmarkt 2,Berlin,Germany,Arts & Theatre,Classical,Segment: Arts & Theatre | Genre: Classical,605,https://www.ticketmaster.de/event/young-euro-classic-2026-%7C-nationale-jugendphilharmonie-der-turkei-tickets/1176834191?language=en-us
A night with Sinatra in Berlin,2026-08-08T19:30:00+02:00,2026-08-08T21:30:00+02:00,,Budapester Straße 45,Berlin,Germany,Arts & Theatre,Fine Art,Segment: Arts & Theatre | Genre: Fine Art,455,https://www.universe.com/events/a-night-with-sinatra-in-berlin-tickets-F5DCYB?ref=ticketmaster
Jeder stirbt für sich allein,2026-08-08T19:30:00+02:00,2026-08-08T21:30:00+02:00,,Sömmeringstraße 15,Berlin,Germany,Arts & Theatre,Comedy,Segment: Arts & Theatre | Genre: Comedy,594,https://www.ticketmaster.de/event/jeder-stirbt-fur-sich-allein-tickets/1735331789?language=en-us
Cirque du Soleil ALIZÉ,2026-08-08T20:00:00+02:00,2026-08-08T22:00:00+02:00,,Marlene-Dietrich-Platz 1,Berlin,Germany,Arts & Theatre,Theatre,Segment: Arts & Theatre | Genre: Theatre,672,https://www.ticketmaster.de/event/cirque-du-soleil-alize-tickets/770332644?language=en-us
MAGMA 2026 | 08.+09.08.2026 WEEKEND TICKET,2026-08-09T00:00:00+02:00,2026-08-09T03:00:00+02:00,RSO.BERLIN,Schnellerstraße 137,Berlin,Germany,Music,Dance/Electronic,Segment: Music | Genre: Dance/Electronic,2057,https://www.ticketmaster.de/event/magma-2026-%7C-0809082026-weekend-ticket-tickets/745249883?language=en-us
Young Euro Classic | Rock’n Roll im Konzerthaus,2026-08-09T11:00:00+02:00,2026-08-09T14:00:00+02:00,,Gendarmenmarkt 2,Berlin,Germany,Music,Children's Music,Segment: Music | Genre: Children's Music,1992,https://www.ticketmaster.de/event/young-euro-classic-%7C-rockn-roll-im-konzerthaus-tickets/1586317601?language=en-us
MAGMA 2026 | 09.08.2026 DAY 2 TICKET,2026-08-09T12:00:00+02:00,2026-08-09T15:00:00+02:00,RSO.BERLIN,Schnellerstraße 137,Berlin,Germany,Music,Dance/Electronic,Segment: Music | Genre: Dance/Electronic,2038,https://www.ticketmaster.de/event/magma-2026-%7C-09082026-day-2-ticket-tickets/1445556733?language=en-us
Young Euro Classic | Mäuse auf dem Mond,2026-08-09T12:30:00+02:00,2026-08-09T15:30:00+02:00,,Gendarmenmarkt,Berlin,Germany,Music,Children's Music,Segment: Music | Genre: Children's Music,1835,https://www.ticketmaster.de/event/young-euro-classic-%7C-mause-auf-dem-mond-tickets/1820077423?language=en-us
Cirque du Soleil ALIZÉ,2026-08-09T13:00:00+02:00,2026-08-09T15:00:00+02:00,,Marlene-Dietrich-Platz 1,Berlin,Germany,Arts & Theatre,Theatre,Segment: Arts & Theatre | Genre: Theatre,627,https://www.ticketmaster.de/event/cirque-du-soleil-alize-tickets/246609196?language=en-us
Young Euro Classic | Mäuse auf dem Mond,2026-08-09T14:00:00+02:00,2026-08-09T16:00:00+02:00,,Gendarmenmarkt,Berlin,Germany,Arts & Theatre,Classical,Segment: Arts & Theatre | Genre: Classical,684,https://www.ticketmaster.de/event/young-euro-classic-%7C-mause-auf-dem-mond-tickets/143434378?language=en-us
Cirque du Soleil ALIZÉ,2026-08-09T17:00:00+02:00,2026-08-09T19:00:00+02:00,,Marlene-Dietrich-Platz 1,Berlin,Germany,Arts & Theatre,Theatre,Segment: Arts & Theatre | Genre: Theatre,478,https://www.ticketmaster.de/event/cirque-du-soleil-alize-tickets/1657715188?language=en-us
Lachkater - die Stand Up Comedy Show,2026-08-09T19:00:00+02:00,2026-08-09T21:00:00+02:00,Tati Goes Underground,Metzer Straße 2,Berlin,Germany,Arts & Theatre,Comedy,Segment: Arts & Theatre | Genre: Comedy,695,https://www.universe.com/events/lachkater-die-stand-up-comedy-show-tickets-T6CRGJ?ref=ticketmaster
Young Euro Classic 2026 | Youth Symphony Orchestra of Turkmenistan,2026-08-09T19:00:00+02:00,2026-08-09T21:00:00+02:00,,Gendarmenmarkt 2,Berlin,Germany,Arts & Theatre,Classical,Segment: Arts & Theatre | Genre: Classical,711,https://www.ticketmaster.de/event/young-euro-classic-2026-%7C-youth-symphony-orchestra-of-turkmenistan-tickets/705785346?language=en-us
Lachkater Open Air Stand Up Comedy Show Luftschloss Tempelhofer Feld,2026-08-09T19:30:00+02:00,2026-08-09T21:30:00+02:00,Luftschloss Tempelhofer Feld,Tempelhofer Damm 85,Berlin,Germany,Arts & Theatre,Comedy,Segment: Arts & Theatre | Genre: Comedy,630,https://www.universe.com/events/lachkater-open-air-stand-up-comedy-show-luftschloss-tempelhofer-feld-tickets-XD15QP?ref=ticketmaster
YEC 2026 | Orchestra of the Americas & Penderecki Youth Orchestra,2026-08-10T19:00:00+02:00,2026-08-10T21:00:00+02:00,,Gendarmenmarkt 2,Berlin,Germany,Arts & Theatre,Classical,Segment: Arts & Theatre | Genre: Classical,793,https://www.ticketmaster.de/event/yec-2026-%7C-orchestra-of-the-americas--penderecki-youth-orchestra-tickets/2094424221?language=en-us
WIR ARBEITEN DRAN - Stand-up Comedy Berlin,2026-08-10T20:00:00+02:00,2026-08-10T22:00:00+02:00,Oblomov Kreuzkoelln,Lenaustraße 7,Berlin,Germany,Arts & Theatre,Comedy,Segment: Arts & Theatre | Genre: Comedy,729,https://www.universe.com/events/wir-arbeiten-dran-stand-up-comedy-berlin-tickets-LF359S?ref=ticketmaster
"Young Euro Classic 2026 | The Jakob Manz – Karthik Mani Project	",2026-08-11T19:00:00+02:00,2026-08-11T21:00:00+02:00,,Gendarmenmarkt 2,Berlin,Germany,Arts & Theatre,Classical,Segment: Arts & Theatre | Genre: Classical,512,https://www.ticketmaster.de/event/young-euro-classic-2026-%7C-the-jakob-manz--karthik-mani-project-tickets/2058765132?language=en-us
The Swingin' Hermlins,2026-08-11T19:00:00+02:00,2026-08-11T22:00:00+02:00,,Sömmeringstraße 15,Berlin,Germany,Music,Jazz,Segment: Music | Genre: Jazz,2033,https://www.ticketmaster.de/event/the-swingin-hermlins-tickets/649531811?language=en-us
Young Euro Classic 2026 | Ulster Youth Orchestra,2026-08-12T19:00:00+02:00,2026-08-12T21:00:00+02:00,,Gendarmenmarkt 2,Berlin,Germany,Arts & Theatre,Classical,Segment: Arts & Theatre | Genre: Classical,626,https://www.ticketmaster.de/event/young-euro-classic-2026-%7C-ulster-youth-orchestra-tickets/1910553062?language=en-us
Ein Sommernachtstraum,2026-08-12T19:30:00+02:00,2026-08-12T21:30:00+02:00,,Sömmeringstraße 15,Berlin,Germany,Arts & Theatre,Theatre,Segment: Arts & Theatre | Genre: Theatre,604,https://www.ticketmaster.de/event/ein-sommernachtstraum-tickets/737724095?language=en-us
Lachkater - die Stand Up Comedy Show,2026-08-12T20:00:00+02:00,2026-08-12T22:00:00+02:00,Tati Goes Underground,Metzer Straße 2,Berlin,Germany,Arts & Theatre,Comedy,Segment: Arts & Theatre | Genre: Comedy,742,https://www.universe.com/events/lachkater-die-stand-up-comedy-show-tickets-T6CRGJ?ref=ticketmaster
Cirque du Soleil ALIZÉ,2026-08-13T18:30:00+02:00,2026-08-13T20:30:00+02:00,,Marlene-Dietrich-Platz 1,Berlin,Germany,Arts & Theatre,Theatre,Segment: Arts & Theatre | Genre: Theatre,611,https://www.ticketmaster.de/event/cirque-du-soleil-alize-tickets/382434652?language=en-us
Young Euro Classic 2026 | Slovenian Youth Orchestra,2026-08-13T19:00:00+02:00,2026-08-13T21:00:00+02:00,,Gendarmenmarkt 2,Berlin,Germany,Arts & Theatre,Classical,Segment: Arts & Theatre | Genre: Classical,716,https://www.ticketmaster.de/event/young-euro-classic-2026-%7C-slovenian-youth-orchestra-tickets/1276469975?language=en-us
Ein Sommernachtstraum,2026-08-13T19:30:00+02:00,2026-08-13T21:30:00+02:00,,Sömmeringstraße 15,Berlin,Germany,Arts & Theatre,Theatre,Segment: Arts & Theatre | Genre: Theatre,416,https://www.ticketmaster.de/event/ein-sommernachtstraum-tickets/1738025106?language=en-us
Lachkater - die Stand Up Comedy Show,2026-08-13T20:00:00+02:00,2026-08-13T22:00:00+02:00,Tati Goes Underground,Metzer Straße 2,Berlin,Germany,Arts & Theatre,Comedy,Segment: Arts & Theatre | Genre: Comedy,602,https://www.universe.com/events/lachkater-die-stand-up-comedy-show-tickets-T6CRGJ?ref=ticketmaster
Cirque du Soleil ALIZÉ,2026-08-14T16:00:00+02:00,2026-08-14T18:00:00+02:00,,Marlene-Dietrich-Platz 1,Berlin,Germany,Arts & Theatre,Theatre,Segment: Arts & Theatre | Genre: Theatre,539,https://www.ticketmaster.de/event/cirque-du-soleil-alize-tickets/958739268?language=en-us
Lachkater - die Stand Up Comedy Show,2026-08-14T19:00:00+02:00,2026-08-14T21:00:00+02:00,Tati Goes Underground,Metzer Straße 2,Berlin,Germany,Arts & Theatre,Comedy,Segment: Arts & Theatre | Genre: Comedy,566,https://www.universe.com/events/lachkater-die-stand-up-comedy-show-tickets-T6CRGJ?ref=ticketmaster
YEC 2026 | Angelika Prokopp Sommerakademie der Wiener Philharmoniker,2026-08-14T19:00:00+02:00,2026-08-14T21:00:00+02:00,,Gendarmenmarkt 2,Berlin,Germany,Arts & Theatre,Classical,Segment: Arts & Theatre | Genre: Classical,650,https://www.ticketmaster.de/event/yec-2026-%7C-angelika-prokopp-sommerakademie-der-wiener-philharmoniker-tickets/648690754?language=en-us
Lachkater Open Air Stand Up Comedy Show Luftschloss Tempelhofer Feld,2026-08-14T19:30:00+02:00,2026-08-14T21:30:00+02:00,Luftschloss Tempelhofer Feld,Tempelhofer Damm 85,Berlin,Germany,Arts & Theatre,Comedy,Segment: Arts & Theatre | Genre: Comedy,670,https://www.universe.com/events/lachkater-open-air-stand-up-comedy-show-luftschloss-tempelhofer-feld-tickets-XD15QP?ref=ticketmaster
Romeo & Juliet (EN),2026-08-14T19:30:00+02:00,2026-08-14T21:30:00+02:00,,Sömmeringstraße 15,Berlin,Germany,Arts & Theatre,Theatre,Segment: Arts & Theatre | Genre: Theatre,628,https://www.ticketmaster.de/event/romeo--juliet-en--tickets/1242247466?language=en-us
Cirque du Soleil ALIZÉ,2026-08-14T20:00:00+02:00,2026-08-14T22:00:00+02:00,,Marlene-Dietrich-Platz 1,Berlin,Germany,Arts & Theatre,Theatre,Segment: Arts & Theatre | Genre: Theatre,713,https://www.ticketmaster.de/event/cirque-du-soleil-alize-tickets/1913044432?language=en-us
Lachkater - die Stand Up Comedy Show,2026-08-14T21:00:00+02:00,2026-08-14T23:00:00+02:00,Tati Goes Underground,Metzer Straße 2,Berlin,Germany,Arts & Theatre,Comedy,Segment: Arts & Theatre | Genre: Comedy,578,https://www.universe.com/events/lachkater-die-stand-up-comedy-show-tickets-T6CRGJ?ref=ticketmaster
Cirque du Soleil ALIZÉ,2026-08-15T16:00:00+02:00,2026-08-15T18:00:00+02:00,,Marlene-Dietrich-Platz 1,Berlin,Germany,Arts & Theatre,Theatre,Segment: Arts & Theatre | Genre: Theatre,653,https://www.ticketmaster.de/event/cirque-du-soleil-alize-tickets/1420150993?language=en-us
Young Euro Classic 2026 | Future Now - ni-va (Argentinien),2026-08-15T16:30:00+02:00,2026-08-15T18:30:00+02:00,,Gendarmenmarkt,Berlin,Germany,Arts & Theatre,Classical,Segment: Arts & Theatre | Genre: Classical,711,https://www.ticketmaster.de/event/young-euro-classic-2026-%7C-future-now-ni-va-argentinien--tickets/1488225632?language=en-us
Young Euro Classic 2026 | Estonian National Opera Boys’ Choir,2026-08-15T19:00:00+02:00,2026-08-15T21:00:00+02:00,,Gendarmenmarkt 2,Berlin,Germany,Arts & Theatre,Classical,Segment: Arts & Theatre | Genre: Classical,578,https://www.ticketmaster.de/event/young-euro-classic-2026-%7C-estonian-national-opera-boys-choir-tickets/1510043914?language=en-us
A night with Sinatra in Berlin,2026-08-15T19:30:00+02:00,2026-08-15T21:30:00+02:00,,Budapester Straße 45,Berlin,Germany,Arts & Theatre,Fine Art,Segment: Arts & Theatre | Genre: Fine Art,687,https://www.universe.com/events/a-night-with-sinatra-in-berlin-tickets-F5DCYB?ref=ticketmaster
Romeo & Juliet (EN),2026-08-15T19:30:00+02:00,2026-08-15T21:30:00+02:00,,Sömmeringstraße 15,Berlin,Germany,Arts & Theatre,Theatre,Segment: Arts & Theatre | Genre: Theatre,597,https://www.ticketmaster.de/event/romeo--juliet-en--tickets/146261985?language=en-us
Cirque du Soleil ALIZÉ,2026-08-15T20:00:00+02:00,2026-08-15T22:00:00+02:00,,Marlene-Dietrich-Platz 1,Berlin,Germany,Arts & Theatre,Theatre,Segment: Arts & Theatre | Genre: Theatre,622,https://www.ticketmaster.de/event/cirque-du-soleil-alize-tickets/1296378096?language=en-us
Cirque du Soleil ALIZÉ,2026-08-16T13:00:00+02:00,2026-08-16T15:00:00+02:00,,Marlene-Dietrich-Platz 1,Berlin,Germany,Arts & Theatre,Theatre,Segment: Arts & Theatre | Genre: Theatre,658,https://www.ticketmaster.de/event/cirque-du-soleil-alize-tickets/637688428?language=en-us
Young Euro Classic 2026 | Future Now-Ensemble &ñiou,2026-08-16T16:30:00+02:00,2026-08-16T18:30:00+02:00,,Gendarmenmarkt,Berlin,Germany,Arts & Theatre,Classical,Segment: Arts & Theatre | Genre: Classical,652,https://www.ticketmaster.de/event/young-euro-classic-2026-%7C-future-now-ensemble-niou-tickets/745089275?language=en-us
Cirque du Soleil ALIZÉ,2026-08-16T17:00:00+02:00,2026-08-16T19:00:00+02:00,,Marlene-Dietrich-Platz 1,Berlin,Germany,Arts & Theatre,Theatre,Segment: Arts & Theatre | Genre: Theatre,506,https://www.ticketmaster.de/event/cirque-du-soleil-alize-tickets/755110497?language=en-us
Lachkater - die Stand Up Comedy Show,2026-08-16T19:00:00+02:00,2026-08-16T21:00:00+02:00,Tati Goes Underground,Metzer Straße 2,Berlin,Germany,Arts & Theatre,Comedy,Segment: Arts & Theatre | Genre: Comedy,495,https://www.universe.com/events/lachkater-die-stand-up-comedy-show-tickets-T6CRGJ?ref=ticketmaster
Young Euro Classic 2026 | AYSO - Accademia Youth Symphony Orchestra,2026-08-16T19:00:00+02:00,2026-08-16T21:00:00+02:00,,Gendarmenmarkt 2,Berlin,Germany,Arts & Theatre,Classical,Segment: Arts & Theatre | Genre: Classical,656,https://www.ticketmaster.de/event/young-euro-classic-2026-%7C-ayso-accademia-youth-symphony-orchestra-tickets/1406147368?language=en-us
WIR ARBEITEN DRAN - Stand-up Comedy Berlin,2026-08-17T20:00:00+02:00,2026-08-17T22:00:00+02:00,Oblomov Kreuzkoelln,Lenaustraße 7,Berlin,Germany,Arts & Theatre,Comedy,Segment: Arts & Theatre | Genre: Comedy,526,https://www.universe.com/events/wir-arbeiten-dran-stand-up-comedy-berlin-tickets-LF359S?ref=ticketmaster
The Swingin' Hermlins,2026-08-18T19:00:00+02:00,2026-08-18T21:00:00+02:00,,Sömmeringstraße 15,Berlin,Germany,Arts & Theatre,Theatre,Segment: Arts & Theatre | Genre: Theatre,550,https://www.ticketmaster.de/event/the-swingin-hermlins-tickets/180953306?language=en-us
OFF DAYS 2026: Blood Orange,2026-08-19T19:15:00+02:00,2026-08-19T22:15:00+02:00,,Columbiadamm 13 - 21,Berlin,Germany,Music,Rock,Segment: Music | Genre: Rock,1439,https://www.ticketmaster.de/event/off-days-2026-blood-orange-tickets/427018280?language=en-us
Schuld und Sühne,2026-08-19T19:30:00+02:00,2026-08-19T21:30:00+02:00,,Sömmeringstraße 15,Berlin,Germany,Arts & Theatre,Theatre,Segment: Arts & Theatre | Genre: Theatre,738,https://www.ticketmaster.de/event/schuld-und-suhne-tickets/833301750?language=en-us
Lachkater - die Stand Up Comedy Show,2026-08-19T20:00:00+02:00,2026-08-19T22:00:00+02:00,Tati Goes Underground,Metzer Straße 2,Berlin,Germany,Arts & Theatre,Comedy,Segment: Arts & Theatre | Genre: Comedy,511,https://www.universe.com/events/lachkater-die-stand-up-comedy-show-tickets-T6CRGJ?ref=ticketmaster
Cirque du Soleil ALIZÉ,2026-08-20T18:30:00+02:00,2026-08-20T20:30:00+02:00,,Marlene-Dietrich-Platz 1,Berlin,Germany,Arts & Theatre,Theatre,Segment: Arts & Theatre | Genre: Theatre,625,https://www.ticketmaster.de/event/cirque-du-soleil-alize-tickets/410462815?language=en-us
Was Ihr wollt,2026-08-20T19:30:00+02:00,2026-08-20T21:30:00+02:00,,Sömmeringstraße 15,Berlin,Germany,Arts & Theatre,Theatre,Segment: Arts & Theatre | Genre: Theatre,522,https://www.ticketmaster.de/event/was-ihr-wollt-tickets/1982691282?language=en-us
Lachkater - die Stand Up Comedy Show,2026-08-20T20:00:00+02:00,2026-08-20T22:00:00+02:00,Tati Goes Underground,Metzer Straße 2,Berlin,Germany,Arts & Theatre,Comedy,Segment: Arts & Theatre | Genre: Comedy,634,https://www.universe.com/events/lachkater-die-stand-up-comedy-show-tickets-T6CRGJ?ref=ticketmaster
Two Feet - The Next Steps Tour,2026-08-20T20:00:00+02:00,2026-08-20T23:00:00+02:00,,Hasenheide 107 - 113,Berlin,Germany,Music,Rock,Segment: Music | Genre: Rock,1722,https://www.ticketmaster.de/event/two-feet-the-next-steps-tour-tickets/905458209?language=en-us
Cirque du Soleil ALIZÉ,2026-08-21T16:00:00+02:00,2026-08-21T18:00:00+02:00,,Marlene-Dietrich-Platz 1,Berlin,Germany,Arts & Theatre,Theatre,Segment: Arts & Theatre | Genre: Theatre,560,https://www.ticketmaster.de/event/cirque-du-soleil-alize-tickets/1932270840?language=en-us
Lachkater - die Stand Up Comedy Show,2026-08-21T19:00:00+02:00,2026-08-21T21:00:00+02:00,Tati Goes Underground,Metzer Straße 2,Berlin,Germany,Arts & Theatre,Comedy,Segment: Arts & Theatre | Genre: Comedy,743,https://www.universe.com/events/lachkater-die-stand-up-comedy-show-tickets-T6CRGJ?ref=ticketmaster
Was Ihr wollt,2026-08-21T19:30:00+02:00,2026-08-21T21:30:00+02:00,,Sömmeringstraße 15,Berlin,Germany,Arts & Theatre,Theatre,Segment: Arts & Theatre | Genre: Theatre,627,https://www.ticketmaster.de/event/was-ihr-wollt-tickets/1198567594?language=en-us
Cirque du Soleil ALIZÉ,2026-08-21T20:00:00+02:00,2026-08-21T22:00:00+02:00,,Marlene-Dietrich-Platz 1,Berlin,Germany,Arts & Theatre,Theatre,Segment: Arts & Theatre | Genre: Theatre,542,https://www.ticketmaster.de/event/cirque-du-soleil-alize-tickets/1473233502?language=en-us
ZARNA GARG: MILLION DOLLAR EXCUSES,2026-08-21T20:00:00+02:00,2026-08-21T23:00:00+02:00,PUNCH L!NE Club Berlin,Marlene-Dietrich-Platz 1,Berlin,Germany,Music,Rock,Segment: Music | Genre: Rock,2147,https://www.ticketmaster.de/event/zarna-garg-million-dollar-excuses-tickets/592261174?language=en-us
Lachkater - die Stand Up Comedy Show,2026-08-21T21:00:00+02:00,2026-08-21T23:00:00+02:00,Tati Goes Underground,Metzer Straße 2,Berlin,Germany,Arts & Theatre,Comedy,Segment: Arts & Theatre | Genre: Comedy,692,https://www.universe.com/events/lachkater-die-stand-up-comedy-show-tickets-T6CRGJ?ref=ticketmaster
Roland-Tour - Auf den Spuren von Roland Kaiser,2026-08-22T10:00:00+02:00,2026-08-22T12:00:00+02:00,,Invalidenstraße,Berlin,Germany,Miscellaneous,Undefined,Segment: Miscellaneous | Genre: Undefined,603,https://www.universe.com/events/roland-tour-auf-den-spuren-von-roland-kaiser-tickets-B20C7R?ref=ticketmaster
TFELD 2026,2026-08-22T13:00:00+02:00,2026-08-22T16:00:00+02:00,,Platz der Luftbrücke,Berlin,Germany,Music,Hip-Hop/Rap,Segment: Music | Genre: Hip-Hop/Rap,2090,https://www.universe.com/events/tfeld-2026-tickets-WDF421?ref=ticketmaster
Cirque du Soleil ALIZÉ,2026-08-22T16:00:00+02:00,2026-08-22T18:00:00+02:00,,Marlene-Dietrich-Platz 1,Berlin,Germany,Arts & Theatre,Theatre,Segment: Arts & Theatre | Genre: Theatre,415,https://www.ticketmaster.de/event/cirque-du-soleil-alize-tickets/380134008?language=en-us
A night with Sinatra in Berlin,2026-08-22T19:30:00+02:00,2026-08-22T21:30:00+02:00,,Budapester Straße 45,Berlin,Germany,Arts & Theatre,Fine Art,Segment: Arts & Theatre | Genre: Fine Art,538,https://www.universe.com/events/a-night-with-sinatra-in-berlin-tickets-F5DCYB?ref=ticketmaster
Ein Sommernachtstraum,2026-08-22T19:30:00+02:00,2026-08-22T21:30:00+02:00,,Sömmeringstraße 15,Berlin,Germany,Arts & Theatre,Theatre,Segment: Arts & Theatre | Genre: Theatre,643,https://www.ticketmaster.de/event/ein-sommernachtstraum-tickets/1356052079?language=en-us
Cirque du Soleil ALIZÉ,2026-08-22T20:00:00+02:00,2026-08-22T22:00:00+02:00,,Marlene-Dietrich-Platz 1,Berlin,Germany,Arts & Theatre,Theatre,Segment: Arts & Theatre | Genre: Theatre,643,https://www.ticketmaster.de/event/cirque-du-soleil-alize-tickets/2070892610?language=en-us
Cirque du Soleil ALIZÉ,2026-08-23T13:00:00+02:00,2026-08-23T15:00:00+02:00,,Marlene-Dietrich-Platz 1,Berlin,Germany,Arts & Theatre,Theatre,Segment: Arts & Theatre | Genre: Theatre,685,https://www.ticketmaster.de/event/cirque-du-soleil-alize-tickets/348614619?language=en-us
Cirque du Soleil ALIZÉ,2026-08-23T17:00:00+02:00,2026-08-23T19:00:00+02:00,,Marlene-Dietrich-Platz 1,Berlin,Germany,Arts & Theatre,Theatre,Segment: Arts & Theatre | Genre: Theatre,628,https://www.ticketmaster.de/event/cirque-du-soleil-alize-tickets/898406990?language=en-us
Lachkater - die Stand Up Comedy Show,2026-08-23T19:00:00+02:00,2026-08-23T21:00:00+02:00,Tati Goes Underground,Metzer Straße 2,Berlin,Germany,Arts & Theatre,Comedy,Segment: Arts & Theatre | Genre: Comedy,771,https://www.universe.com/events/lachkater-die-stand-up-comedy-show-tickets-T6CRGJ?ref=ticketmaster
WIR ARBEITEN DRAN - Stand-up Comedy Berlin,2026-08-24T20:00:00+02:00,2026-08-24T22:00:00+02:00,Oblomov Kreuzkoelln,Lenaustraße 7,Berlin,Germany,Arts & Theatre,Comedy,Segment: Arts & Theatre | Genre: Comedy,621,https://www.universe.com/events/wir-arbeiten-dran-stand-up-comedy-berlin-tickets-LF359S?ref=ticketmaster
Hudson Freeman - EU/UK Tour 2026,2026-08-24T20:00:00+02:00,2026-08-24T23:00:00+02:00,,Skalitzer Straße 85-86,Berlin,Germany,Music,Alternative,Segment: Music | Genre: Alternative,1757,https://www.ticketmaster.de/event/hudson-freeman-eu-uk-tour-2026-tickets/1034710827?language=en-us
The Swingin' Hermlins,2026-08-25T19:00:00+02:00,2026-08-25T21:00:00+02:00,,Sömmeringstraße 15,Berlin,Germany,Arts & Theatre,Theatre,Segment: Arts & Theatre | Genre: Theatre,836,https://www.ticketmaster.de/event/the-swingin-hermlins-tickets/976596552?language=en-us
Sammy Obeid: Live in Berlin!,2026-08-25T20:00:00+02:00,2026-08-25T22:00:00+02:00,PUNCH L!NE Club Berlin,Marlene-Dietrich-Platz 1,Berlin,Germany,Arts & Theatre,Comedy,Segment: Arts & Theatre | Genre: Comedy,592,https://www.ticketmaster.de/event/sammy-obeid-live-in-berlin-tickets/82407127?language=en-us
Was Ihr wollt,2026-08-26T19:30:00+02:00,2026-08-26T21:30:00+02:00,,Sömmeringstraße 15,Berlin,Germany,Arts & Theatre,Theatre,Segment: Arts & Theatre | Genre: Theatre,665,https://www.ticketmaster.de/event/was-ihr-wollt-tickets/1030908982?language=en-us
Lachkater - die Stand Up Comedy Show,2026-08-26T20:00:00+02:00,2026-08-26T22:00:00+02:00,Tati Goes Underground,Metzer Straße 2,Berlin,Germany,Arts & Theatre,Comedy,Segment: Arts & Theatre | Genre: Comedy,715,https://www.universe.com/events/lachkater-die-stand-up-comedy-show-tickets-T6CRGJ?ref=ticketmaster
Kels - Across The Pond Tour,2026-08-26T20:00:00+02:00,2026-08-26T23:00:00+02:00,Mikropol,Nollendorfplatz 5,Berlin,Germany,Music,Hip-Hop/Rap,Segment: Music | Genre: Hip-Hop/Rap,2359,https://www.ticketmaster.de/event/kels-across-the-pond-tour-tickets/1219507953?language=en-us
Cirque du Soleil ALIZÉ,2026-08-27T18:30:00+02:00,2026-08-27T20:30:00+02:00,,Marlene-Dietrich-Platz 1,Berlin,Germany,Arts & Theatre,Theatre,Segment: Arts & Theatre | Genre: Theatre,637,https://www.ticketmaster.de/event/cirque-du-soleil-alize-tickets/903010184?language=en-us
Was Ihr wollt,2026-08-27T19:30:00+02:00,2026-08-27T21:30:00+02:00,,Sömmeringstraße 15,Berlin,Germany,Arts & Theatre,Theatre,Segment: Arts & Theatre | Genre: Theatre,645,https://www.ticketmaster.de/event/was-ihr-wollt-tickets/124755316?language=en-us
Lachkater - die Stand Up Comedy Show,2026-08-27T20:00:00+02:00,2026-08-27T22:00:00+02:00,Tati Goes Underground,Metzer Straße 2,Berlin,Germany,Arts & Theatre,Comedy,Segment: Arts & Theatre | Genre: Comedy,644,https://www.universe.com/events/lachkater-die-stand-up-comedy-show-tickets-T6CRGJ?ref=ticketmaster
Cirque du Soleil ALIZÉ,2026-08-28T16:00:00+02:00,2026-08-28T18:00:00+02:00,,Marlene-Dietrich-Platz 1,Berlin,Germany,Arts & Theatre,Theatre,Segment: Arts & Theatre | Genre: Theatre,734,https://www.ticketmaster.de/event/cirque-du-soleil-alize-tickets/489136457?language=en-us
Brews Cruise Vol. 1 – Opening Cruise 2026,2026-08-28T17:00:00+02:00,2026-08-28T19:00:00+02:00,Schiffsanlegestelle,Märkisches Ufer 48,Berlin,Germany,Miscellaneous,Food & Drink,Segment: Miscellaneous | Genre: Food & Drink,443,https://www.universe.com/events/brews-cruise-vol-1-opening-cruise-2026-tickets-MCRKQT?ref=ticketmaster
Lachkater - die Stand Up Comedy Show,2026-08-28T19:00:00+02:00,2026-08-28T21:00:00+02:00,Tati Goes Underground,Metzer Straße 2,Berlin,Germany,Arts & Theatre,Comedy,Segment: Arts & Theatre | Genre: Comedy,498,https://www.universe.com/events/lachkater-die-stand-up-comedy-show-tickets-T6CRGJ?ref=ticketmaster
Schuld und Sühne,2026-08-28T19:30:00+02:00,2026-08-28T21:30:00+02:00,,Sömmeringstraße 15,Berlin,Germany,Arts & Theatre,Theatre,Segment: Arts & Theatre | Genre: Theatre,668,https://www.ticketmaster.de/event/schuld-und-suhne-tickets/1056513452?language=en-us
Cirque du Soleil ALIZÉ,2026-08-28T20:00:00+02:00,2026-08-28T22:00:00+02:00,,Marlene-Dietrich-Platz 1,Berlin,Germany,Arts & Theatre,Theatre,Segment: Arts & Theatre | Genre: Theatre,808,https://www.ticketmaster.de/event/cirque-du-soleil-alize-tickets/1625034279?language=en-us
Lachkater - die Stand Up Comedy Show,2026-08-28T21:00:00+02:00,2026-08-28T23:00:00+02:00,Tati Goes Underground,Metzer Straße 2,Berlin,Germany,Arts & Theatre,Comedy,Segment: Arts & Theatre | Genre: Comedy,661,https://www.universe.com/events/lachkater-die-stand-up-comedy-show-tickets-T6CRGJ?ref=ticketmaster
Bottoms Up Brunch!,2026-08-29T12:00:00+02:00,2026-08-29T14:00:00+02:00,Vagabund Brauerei Kesselhaus,Oudenarder Str. 16-20,Berlin,Germany,Arts & Theatre,Variety,Segment: Arts & Theatre | Genre: Variety,570,https://www.universe.com/events/bottoms-up-brunch-tickets-83P2VM?ref=ticketmaster
Klassentreffen Festival,2026-08-29T12:00:00+02:00,2026-08-29T15:00:00+02:00,,Kurt-Schumacher-Damm 207,Berlin,Germany,Music,Hip-Hop/Rap,Segment: Music | Genre: Hip-Hop/Rap,1914,https://www.universe.com/events/klassentreffen-festival-tickets-HWQZJ5?ref=ticketmaster
Brews Cruise Vol.2: One Continent. Many Cheers. Störtebeker×BRLO×Friends,2026-08-29T14:00:00+02:00,2026-08-29T16:00:00+02:00,Schiffsanlegestelle,Märkisches Ufer 48,Berlin,Germany,Miscellaneous,Food & Drink,Segment: Miscellaneous | Genre: Food & Drink,568,https://www.universe.com/events/brews-cruise-vol-2-one-continent-many-cheers-stortebekerxbrloxfriends-tickets-WPFX67?ref=ticketmaster
Cirque du Soleil ALIZÉ,2026-08-29T16:00:00+02:00,2026-08-29T18:00:00+02:00,,Marlene-Dietrich-Platz 1,Berlin,Germany,Arts & Theatre,Theatre,Segment: Arts & Theatre | Genre: Theatre,722,https://www.ticketmaster.de/event/cirque-du-soleil-alize-tickets/1834217125?language=en-us
Brews Cruise Vol. 3 – Across the Atlantic,2026-08-29T18:00:00+02:00,2026-08-29T20:00:00+02:00,Schiffsanlegestelle,Märkisches Ufer 48,Berlin,Germany,Miscellaneous,Food & Drink,Segment: Miscellaneous | Genre: Food & Drink,553,https://www.universe.com/events/brews-cruise-vol-3-across-the-atlantic-tickets-9NQFG0?ref=ticketmaster
A night with Sinatra in Berlin,2026-08-29T19:30:00+02:00,2026-08-29T21:30:00+02:00,,Budapester Straße 45,Berlin,Germany,Arts & Theatre,Fine Art,Segment: Arts & Theatre | Genre: Fine Art,554,https://www.universe.com/events/a-night-with-sinatra-in-berlin-tickets-F5DCYB?ref=ticketmaster
Lachkater Open Air Stand Up Comedy Show Luftschloss Tempelhofer Feld,2026-08-29T19:30:00+02:00,2026-08-29T21:30:00+02:00,Luftschloss Tempelhofer Feld,Tempelhofer Damm 85,Berlin,Germany,Arts & Theatre,Comedy,Segment: Arts & Theatre | Genre: Comedy,647,https://www.universe.com/events/lachkater-open-air-stand-up-comedy-show-luftschloss-tempelhofer-feld-tickets-XD15QP?ref=ticketmaster
Urfaust,2026-08-29T19:30:00+02:00,2026-08-29T21:30:00+02:00,,Sömmeringstraße 15,Berlin,Germany,Arts & Theatre,Theatre,Segment: Arts & Theatre | Genre: Theatre,626,https://www.ticketmaster.de/event/urfaust-tickets/1084557676?language=en-us
Cirque du Soleil ALIZÉ,2026-08-29T20:00:00+02:00,2026-08-29T22:00:00+02:00,,Marlene-Dietrich-Platz 1,Berlin,Germany,Arts & Theatre,Theatre,Segment: Arts & Theatre | Genre: Theatre,687,https://www.ticketmaster.de/event/cirque-du-soleil-alize-tickets/169328826?language=en-us
JOJI: SOLARIS,2026-08-29T20:00:00+02:00,2026-08-29T23:00:00+02:00,,Paul-Heyse-Straße 26,Berlin,Germany,Music,Hip-Hop/Rap,Segment: Music | Genre: Hip-Hop/Rap,1349,https://www.ticketmaster.de/event/joji-solaris-tickets/1514580263?language=en-us
Cirque du Soleil ALIZÉ,2026-08-30T13:00:00+02:00,2026-08-30T15:00:00+02:00,,Marlene-Dietrich-Platz 1,Berlin,Germany,Arts & Theatre,Theatre,Segment: Arts & Theatre | Genre: Theatre,627,https://www.ticketmaster.de/event/cirque-du-soleil-alize-tickets/1926007877?language=en-us
Cirque du Soleil ALIZÉ,2026-08-30T17:00:00+02:00,2026-08-30T19:00:00+02:00,,Marlene-Dietrich-Platz 1,Berlin,Germany,Arts & Theatre,Theatre,Segment: Arts & Theatre | Genre: Theatre,671,https://www.ticketmaster.de/event/cirque-du-soleil-alize-tickets/126703519?language=en-us
Lachkater - die Stand Up Comedy Show,2026-08-30T19:00:00+02:00,2026-08-30T21:00:00+02:00,Tati Goes Underground,Metzer Straße 2,Berlin,Germany,Arts & Theatre,Comedy,Segment: Arts & Theatre | Genre: Comedy,481,https://www.universe.com/events/lachkater-die-stand-up-comedy-show-tickets-T6CRGJ?ref=ticketmaster
WIR ARBEITEN DRAN - Stand-up Comedy Berlin,2026-08-31T20:00:00+02:00,2026-08-31T22:00:00+02:00,Oblomov Kreuzkoelln,Lenaustraße 7,Berlin,Germany,Arts & Theatre,Comedy,Segment: Arts & Theatre | Genre: Comedy,711,https://www.universe.com/events/wir-arbeiten-dran-stand-up-comedy-berlin-tickets-LF359S?ref=ticketmaster
Eartheater,2026-08-31T20:00:00+02:00,2026-08-31T23:00:00+02:00,Theater des Westens,Kantstraße 12,Berlin,Germany,Music,Dance/Electronic,Segment: Music | Genre: Dance/Electronic,2047,https://www.ticketmaster.de/event/eartheater-tickets/2078204046?language=en-us
The Swingin' Hermlins,2026-09-01T19:00:00+02:00,2026-09-01T22:00:00+02:00,,Sömmeringstraße 15,Berlin,Germany,Music,Jazz,Segment: Music | Genre: Jazz,1994,https://www.ticketmaster.de/event/the-swingin-hermlins-tickets/1725049701?language=en-us
Baby Keem - The Ca$ino Tour,2026-09-01T20:30:00+02:00,2026-09-01T23:30:00+02:00,Tempodrom,Möckernstraße 10,Berlin,Germany,Music,Hip-Hop/Rap,Segment: Music | Genre: Hip-Hop/Rap,1656,https://www.ticketmaster.de/event/baby-keem-the-caino-tour-tickets/1191383101?language=en-us
Was Ihr wollt,2026-09-02T19:30:00+02:00,2026-09-02T21:30:00+02:00,,Sömmeringstraße 15,Berlin,Germany,Arts & Theatre,Theatre,Segment: Arts & Theatre | Genre: Theatre,634,https://www.ticketmaster.de/event/was-ihr-wollt-tickets/1954982619?language=en-us
Lachkater - die Stand Up Comedy Show,2026-09-02T20:00:00+02:00,2026-09-02T22:00:00+02:00,Tati Goes Underground,Metzer Straße 2,Berlin,Germany,Arts & Theatre,Comedy,Segment: Arts & Theatre | Genre: Comedy,639,https://www.universe.com/events/lachkater-die-stand-up-comedy-show-tickets-T6CRGJ?ref=ticketmaster
YEBBA - Jean Tour,2026-09-02T20:00:00+02:00,2026-09-02T23:00:00+02:00,,Hasenheide 107 - 113,Berlin,Germany,Music,Rock,Segment: Music | Genre: Rock,1888,https://www.ticketmaster.de/event/yebba-jean-tour-tickets/10809181?language=en-us
Cirque du Soleil ALIZÉ,2026-09-03T18:30:00+02:00,2026-09-03T20:30:00+02:00,,Marlene-Dietrich-Platz 1,Berlin,Germany,Arts & Theatre,Theatre,Segment: Arts & Theatre | Genre: Theatre,609,https://www.ticketmaster.de/event/cirque-du-soleil-alize-tickets/1183662539?language=en-us
Was Ihr wollt,2026-09-03T19:30:00+02:00,2026-09-03T21:30:00+02:00,,Sömmeringstraße 15,Berlin,Germany,Arts & Theatre,Theatre,Segment: Arts & Theatre | Genre: Theatre,662,https://www.ticketmaster.de/event/was-ihr-wollt-tickets/401764057?language=en-us
Dance Gavin Dance - Europe Tour 2026,2026-09-03T20:00:00+02:00,2026-09-03T23:00:00+02:00,Columbia Theater,Columbiadamm 9-11,Berlin,Germany,Music,Rock,Segment: Music | Genre: Rock,1795,https://www.ticketmaster.de/event/dance-gavin-dance-europe-tour-2026-tickets/279279239?language=en-us
Lachkater - die Stand Up Comedy Show,2026-09-03T20:00:00+02:00,2026-09-03T22:00:00+02:00,Tati Goes Underground,Metzer Straße 2,Berlin,Germany,Arts & Theatre,Comedy,Segment: Arts & Theatre | Genre: Comedy,648,https://www.universe.com/events/lachkater-die-stand-up-comedy-show-tickets-T6CRGJ?ref=ticketmaster
Brews Cruise Vol. 4 – Deutsch: Tradition trifft Rebellion,2026-09-04T06:00:00+02:00,2026-09-04T08:00:00+02:00,Schiffsanlegestelle,Märkisches Ufer 48,Berlin,Germany,Miscellaneous,Food & Drink,Segment: Miscellaneous | Genre: Food & Drink,479,https://www.universe.com/events/brews-cruise-vol-4-deutsch-tradition-trifft-rebellion-tickets-6VWHQ8?ref=ticketmaster
Cirque du Soleil ALIZÉ,2026-09-04T16:00:00+02:00,2026-09-04T18:00:00+02:00,,Marlene-Dietrich-Platz 1,Berlin,Germany,Arts & Theatre,Theatre,Segment: Arts & Theatre | Genre: Theatre,419,https://www.ticketmaster.de/event/cirque-du-soleil-alize-tickets/842869831?language=en-us
Lachkater - die Stand Up Comedy Show,2026-09-04T19:00:00+02:00,2026-09-04T21:00:00+02:00,Tati Goes Underground,Metzer Straße 2,Berlin,Germany,Arts & Theatre,Comedy,Segment: Arts & Theatre | Genre: Comedy,676,https://www.universe.com/events/lachkater-die-stand-up-comedy-show-tickets-T6CRGJ?ref=ticketmaster
Lachkater Open Air Stand Up Comedy Show Luftschloss Tempelhofer Feld,2026-09-04T19:30:00+02:00,2026-09-04T21:30:00+02:00,Luftschloss Tempelhofer Feld,Tempelhofer Damm 85,Berlin,Germany,Arts & Theatre,Comedy,Segment: Arts & Theatre | Genre: Comedy,738,https://www.universe.com/events/lachkater-open-air-stand-up-comedy-show-luftschloss-tempelhofer-feld-tickets-XD15QP?ref=ticketmaster
Romeo & Julia,2026-09-04T19:30:00+02:00,2026-09-04T21:30:00+02:00,,Sömmeringstraße 15,Berlin,Germany,Arts & Theatre,Theatre,Segment: Arts & Theatre | Genre: Theatre,545,https://www.ticketmaster.de/event/romeo--julia-tickets/1352632209?language=en-us
Alex Spencer - These Will Be The Days European Tour 2026,2026-09-04T20:00:00+02:00,2026-09-04T23:00:00+02:00,,Skalitzer Straße 85-86,Berlin,Germany,Music,Rock,Segment: Music | Genre: Rock,1942,https://www.ticketmaster.de/event/alex-spencer-these-will-be-the-days-european-tour-2026-tickets/2034131029?language=en-us
Cirque du Soleil ALIZÉ,2026-09-04T20:00:00+02:00,2026-09-04T22:00:00+02:00,,Marlene-Dietrich-Platz 1,Berlin,Germany,Arts & Theatre,Theatre,Segment: Arts & Theatre | Genre: Theatre,779,https://www.ticketmaster.de/event/cirque-du-soleil-alize-tickets/1605470954?language=en-us
Lachkater - die Stand Up Comedy Show,2026-09-04T21:00:00+02:00,2026-09-04T23:00:00+02:00,Tati Goes Underground,Metzer Straße 2,Berlin,Germany,Arts & Theatre,Comedy,Segment: Arts & Theatre | Genre: Comedy,525,https://www.universe.com/events/lachkater-die-stand-up-comedy-show-tickets-T6CRGJ?ref=ticketmaster
Brews Cruise Vol. 5 – The Big Collab Cruise,2026-09-05T14:00:00+02:00,2026-09-05T16:00:00+02:00,Schiffsanlegestelle,Märkisches Ufer 48,Berlin,Germany,Miscellaneous,Food & Drink,Segment: Miscellaneous | Genre: Food & Drink,427,https://www.universe.com/events/brews-cruise-vol-5-the-big-collab-cruise-tickets-FZG63L?ref=ticketmaster
Cirque du Soleil ALIZÉ,2026-09-05T16:00:00+02:00,2026-09-05T18:00:00+02:00,,Marlene-Dietrich-Platz 1,Berlin,Germany,Arts & Theatre,Theatre,Segment: Arts & Theatre | Genre: Theatre,647,https://www.ticketmaster.de/event/cirque-du-soleil-alize-tickets/1734683663?language=en-us
Brews Cruise Vol. 6 – One Last Ride: All Stars. All Beers. All Night.,2026-09-05T18:00:00+02:00,2026-09-05T20:00:00+02:00,Schiffsanlegestelle,Märkisches Ufer 48,Berlin,Germany,Miscellaneous,Food & Drink,Segment: Miscellaneous | Genre: Food & Drink,457,https://www.universe.com/events/brews-cruise-vol-6-one-last-ride-all-stars-all-beers-all-night-tickets-2X3RWY?ref=ticketmaster
A night with Sinatra in Berlin,2026-09-05T19:30:00+02:00,2026-09-05T21:30:00+02:00,,Budapester Straße 45,Berlin,Germany,Arts & Theatre,Fine Art,Segment: Arts & Theatre | Genre: Fine Art,683,https://www.universe.com/events/a-night-with-sinatra-in-berlin-tickets-F5DCYB?ref=ticketmaster
Jeder stirbt für sich allein,2026-09-05T19:30:00+02:00,2026-09-05T21:30:00+02:00,,Sömmeringstraße 15,Berlin,Germany,Arts & Theatre,Theatre,Segment: Arts & Theatre | Genre: Theatre,707,https://www.ticketmaster.de/event/jeder-stirbt-fur-sich-allein-tickets/682662073?language=en-us
Cirque du Soleil ALIZÉ,2026-09-05T20:00:00+02:00,2026-09-05T22:00:00+02:00,,Marlene-Dietrich-Platz 1,Berlin,Germany,Arts & Theatre,Theatre,Segment: Arts & Theatre | Genre: Theatre,767,https://www.ticketmaster.de/event/cirque-du-soleil-alize-tickets/925966369?language=en-us
Cirque du Soleil ALIZÉ,2026-09-06T13:00:00+02:00,2026-09-06T15:00:00+02:00,,Marlene-Dietrich-Platz 1,Berlin,Germany,Arts & Theatre,Theatre,Segment: Arts & Theatre | Genre: Theatre,486,https://www.ticketmaster.de/event/cirque-du-soleil-alize-tickets/190195587?language=en-us
Cirque du Soleil ALIZÉ,2026-09-06T17:00:00+02:00,2026-09-06T19:00:00+02:00,,Marlene-Dietrich-Platz 1,Berlin,Germany,Arts & Theatre,Theatre,Segment: Arts & Theatre | Genre: Theatre,604,https://www.ticketmaster.de/event/cirque-du-soleil-alize-tickets/34296694?language=en-us
Lachkater - die Stand Up Comedy Show,2026-09-06T19:00:00+02:00,2026-09-06T21:00:00+02:00,Tati Goes Underground,Metzer Straße 2,Berlin,Germany,Arts & Theatre,Comedy,Segment: Arts & Theatre | Genre: Comedy,540,https://www.universe.com/events/lachkater-die-stand-up-comedy-show-tickets-T6CRGJ?ref=ticketmaster
Foy Vance - The Wake World Tour,2026-09-06T19:00:00+02:00,2026-09-06T22:00:00+02:00,,Karl-Marx-Straße 141,Berlin,Germany,Music,Rock,Segment: Music | Genre: Rock,2203,https://www.ticketmaster.de/event/foy-vance-the-wake-world-tour-tickets/864291986?language=en-us
Kalimba: Íntimo Tour Deluxe | Berlín,2026-09-06T20:00:00+02:00,2026-09-06T23:00:00+02:00,,Schönhauser Allee 36,Berlin,Germany,Music,Latin,Segment: Music | Genre: Latin,2135,https://www.universe.com/events/kalimba-intimo-tour-deluxe-berlin-tickets-5X401Z?ref=ticketmaster
Khamari - To Dry a Tear Tour,2026-09-06T20:00:00+02:00,2026-09-06T23:00:00+02:00,,Nollendorfplatz 5,Berlin,Germany,Music,Hip-Hop/Rap,Segment: Music | Genre: Hip-Hop/Rap,1840,https://www.ticketmaster.de/event/khamari-to-dry-a-tear-tour-tickets/745640527?language=en-us
WIR ARBEITEN DRAN - Stand-up Comedy Berlin,2026-09-07T20:00:00+02:00,2026-09-07T22:00:00+02:00,Oblomov Kreuzkoelln,Lenaustraße 7,Berlin,Germany,Arts & Theatre,Comedy,Segment: Arts & Theatre | Genre: Comedy,711,https://www.universe.com/events/wir-arbeiten-dran-stand-up-comedy-berlin-tickets-LF359S?ref=ticketmaster
Lachkater - die Stand Up Comedy Show,2026-09-09T20:00:00+02:00,2026-09-09T22:00:00+02:00,Tati Goes Underground,Metzer Straße 2,Berlin,Germany,Arts & Theatre,Comedy,Segment: Arts & Theatre | Genre: Comedy,764,https://www.universe.com/events/lachkater-die-stand-up-comedy-show-tickets-T6CRGJ?ref=ticketmaster
Cirque du Soleil ALIZÉ,2026-09-10T18:30:00+02:00,2026-09-10T20:30:00+02:00,,Marlene-Dietrich-Platz 1,Berlin,Germany,Arts & Theatre,Theatre,Segment: Arts & Theatre | Genre: Theatre,821,https://www.ticketmaster.de/event/cirque-du-soleil-alize-tickets/1109282205?language=en-us
Jacob Collier - The Light For Days Tour,2026-09-10T19:00:00+02:00,2026-09-10T22:00:00+02:00,,Friedrichstraße 101,Berlin,Germany,Music,Rock,Segment: Music | Genre: Rock,1750,https://www.ticketmaster.de/event/jacob-collier-the-light-for-days-tour-tickets/1035892121?language=en-us
Jacob Collier,2026-09-10T19:00:00+02:00,2026-09-10T22:00:00+02:00,Admiralspalast,Friedrichstrasse 101,Berlin,Germany,Music,Other,Segment: Music | Genre: Other,2237,https://www.ticketmaster.com/event/Z7r9jZ1A7-S8z
Lachkater - die Stand Up Comedy Show,2026-09-10T20:00:00+02:00,2026-09-10T22:00:00+02:00,Tati Goes Underground,Metzer Straße 2,Berlin,Germany,Arts & Theatre,Comedy,Segment: Arts & Theatre | Genre: Comedy,751,https://www.universe.com/events/lachkater-die-stand-up-comedy-show-tickets-T6CRGJ?ref=ticketmaster
Cirque du Soleil ALIZÉ,2026-09-11T16:00:00+02:00,2026-09-11T18:00:00+02:00,,Marlene-Dietrich-Platz 1,Berlin,Germany,Arts & Theatre,Theatre,Segment: Arts & Theatre | Genre: Theatre,641,https://www.ticketmaster.de/event/cirque-du-soleil-alize-tickets/646939848?language=en-us
Lachkater - die Stand Up Comedy Show,2026-09-11T19:00:00+02:00,2026-09-11T21:00:00+02:00,Tati Goes Underground,Metzer Straße 2,Berlin,Germany,Arts & Theatre,Comedy,Segment: Arts & Theatre | Genre: Comedy,381,https://www.universe.com/events/lachkater-die-stand-up-comedy-show-tickets-T6CRGJ?ref=ticketmaster
zeyne - AWDA EU Tour 2026,2026-09-11T20:00:00+02:00,2026-09-11T23:00:00+02:00,,Holzmarktstraße 25,Berlin,Germany,Music,Rock,Segment: Music | Genre: Rock,2285,https://www.ticketmaster.de/event/zeyne-awda-eu-tour-2026-tickets/1140402887?language=en-us
Cirque du Soleil ALIZÉ,2026-09-11T20:00:00+02:00,2026-09-11T22:00:00+02:00,,Marlene-Dietrich-Platz 1,Berlin,Germany,Arts & Theatre,Theatre,Segment: Arts & Theatre | Genre: Theatre,600,https://www.ticketmaster.de/event/cirque-du-soleil-alize-tickets/1052251995?language=en-us
Lachkater - die Stand Up Comedy Show,2026-09-11T21:00:00+02:00,2026-09-11T23:00:00+02:00,Tati Goes Underground,Metzer Straße 2,Berlin,Germany,Arts & Theatre,Comedy,Segment: Arts & Theatre | Genre: Comedy,612,https://www.universe.com/events/lachkater-die-stand-up-comedy-show-tickets-T6CRGJ?ref=ticketmaster
Depeche-Mode-Fantour Berlin: XXL-Special,2026-09-12T10:00:00+02:00,2026-09-12T12:00:00+02:00,,Invalidenstraße,Berlin,Germany,Miscellaneous,Undefined,Segment: Miscellaneous | Genre: Undefined,418,https://www.universe.com/events/depeche-mode-fantour-berlin-xxl-special-tickets-RBM3T9?ref=ticketmaster
Depeche-Mode-Fantour Berlin,2026-09-12T15:00:00+02:00,2026-09-12T17:00:00+02:00,,Invalidenstraße,Berlin,Germany,Miscellaneous,Undefined,Segment: Miscellaneous | Genre: Undefined,475,https://www.universe.com/events/depeche-mode-fantour-berlin-tickets-WXZKBM?ref=ticketmaster
Cirque du Soleil ALIZÉ,2026-09-12T16:00:00+02:00,2026-09-12T18:00:00+02:00,,Marlene-Dietrich-Platz 1,Berlin,Germany,Arts & Theatre,Theatre,Segment: Arts & Theatre | Genre: Theatre,568,https://www.ticketmaster.de/event/cirque-du-soleil-alize-tickets/1070767006?language=en-us
A night with Sinatra in Berlin,2026-09-12T19:30:00+02:00,2026-09-12T21:30:00+02:00,,Budapester Straße 45,Berlin,Germany,Arts & Theatre,Fine Art,Segment: Arts & Theatre | Genre: Fine Art,636,https://www.universe.com/events/a-night-with-sinatra-in-berlin-tickets-F5DCYB?ref=ticketmaster
Cirque du Soleil ALIZÉ,2026-09-12T20:00:00+02:00,2026-09-12T22:00:00+02:00,,Marlene-Dietrich-Platz 1,Berlin,Germany,Arts & Theatre,Theatre,Segment: Arts & Theatre | Genre: Theatre,629,https://www.ticketmaster.de/event/cirque-du-soleil-alize-tickets/2021845430?language=en-us
Ásgeir - EU Tour 2026,2026-09-12T20:00:00+02:00,2026-09-12T23:00:00+02:00,,Hermannstraße 146,Berlin,Germany,Music,Rock,Segment: Music | Genre: Rock,2072,https://www.ticketmaster.de/event/asgeir-eu-tour-2026-tickets/1101918897?language=en-us
Feng - Weekend Rockstar Tour,2026-09-12T20:00:00+02:00,2026-09-12T23:00:00+02:00,Columbia Theater,Columbiadamm 9-11,Berlin,Germany,Music,Hip-Hop/Rap,Segment: Music | Genre: Hip-Hop/Rap,1738,https://www.ticketmaster.de/event/feng-weekend-rockstar-tour-tickets/661478116?language=en-us
Cirque du Soleil ALIZÉ,2026-09-13T13:00:00+02:00,2026-09-13T15:00:00+02:00,,Marlene-Dietrich-Platz 1,Berlin,Germany,Arts & Theatre,Theatre,Segment: Arts & Theatre | Genre: Theatre,657,https://www.ticketmaster.de/event/cirque-du-soleil-alize-tickets/1464954372?language=en-us
Cirque du Soleil ALIZÉ,2026-09-13T17:00:00+02:00,2026-09-13T19:00:00+02:00,,Marlene-Dietrich-Platz 1,Berlin,Germany,Arts & Theatre,Theatre,Segment: Arts & Theatre | Genre: Theatre,489,https://www.ticketmaster.de/event/cirque-du-soleil-alize-tickets/1887372979?language=en-us
Friendly Fire - LIVE 2026,2026-09-13T19:00:00+02:00,2026-09-13T21:00:00+02:00,Tempodrom Kleine Arena,Möckernstraße 10,Berlin,Germany,Arts & Theatre,Comedy,Segment: Arts & Theatre | Genre: Comedy,586,https://www.ticketmaster.de/event/friendly-fire-live-2026-tickets/162221645?language=en-us
Lachkater - die Stand Up Comedy Show,2026-09-13T19:00:00+02:00,2026-09-13T21:00:00+02:00,Tati Goes Underground,Metzer Straße 2,Berlin,Germany,Arts & Theatre,Comedy,Segment: Arts & Theatre | Genre: Comedy,661,https://www.universe.com/events/lachkater-die-stand-up-comedy-show-tickets-T6CRGJ?ref=ticketmaster
10 Years of 6LACK Tour,2026-09-13T20:00:00+02:00,2026-09-13T23:00:00+02:00,,Hasenheide 107 - 113,Berlin,Germany,Music,Hip-Hop/Rap,Segment: Music | Genre: Hip-Hop/Rap,2223,https://www.ticketmaster.de/event/10-years-of-6lack-tour-tickets/209650787?language=en-us
WIR ARBEITEN DRAN - Stand-up Comedy Berlin,2026-09-14T20:00:00+02:00,2026-09-14T22:00:00+02:00,Oblomov Kreuzkoelln,Lenaustraße 7,Berlin,Germany,Arts & Theatre,Comedy,Segment: Arts & Theatre | Genre: Comedy,532,https://www.universe.com/events/wir-arbeiten-dran-stand-up-comedy-berlin-tickets-LF359S?ref=ticketmaster
RAWAYANA - ¿Dónde Es El After? World Tour,2026-09-14T20:00:00+02:00,2026-09-14T23:00:00+02:00,,Columbiadamm 13 - 21,Berlin,Germany,Music,Rock,Segment: Music | Genre: Rock,1863,https://www.ticketmaster.de/event/rawayana-donde-es-el-after-world-tour-tickets/1026692875?language=en-us
Apache 207 | Box seat in the Ticketmaster Suite,2026-09-15T20:00:00+02:00,2026-09-15T23:00:00+02:00,Uber Arena,Uber-Platz 1,Berlin,Germany,Music,Hip-Hop/Rap,Segment: Music | Genre: Hip-Hop/Rap,2136,https://www.ticketmaster.de/event/apache-207-%7C-box-seat-in-the-ticketmaster-suite-tickets/1971059887?language=en-us
Drug Church,2026-09-15T20:00:00+02:00,2026-09-15T23:00:00+02:00,,Schönhauser Allee 36,Berlin,Germany,Music,Alternative,Segment: Music | Genre: Alternative,1906,https://www.ticketmaster.de/event/drug-church-tickets/1715101346?language=en-us
GANS - The Evolution Tour,2026-09-15T20:00:00+02:00,2026-09-15T23:00:00+02:00,,Schönhauser Allee 36,Berlin,Germany,Music,Rock,Segment: Music | Genre: Rock,1758,https://www.ticketmaster.de/event/gans-the-evolution-tour-tickets/20006786?language=en-us
Lachkater - die Stand Up Comedy Show,2026-09-16T20:00:00+02:00,2026-09-16T22:00:00+02:00,Tati Goes Underground,Metzer Straße 2,Berlin,Germany,Arts & Theatre,Comedy,Segment: Arts & Theatre | Genre: Comedy,674,https://www.universe.com/events/lachkater-die-stand-up-comedy-show-tickets-T6CRGJ?ref=ticketmaster
Apache 207 | Box seat in the Ticketmaster Suite,2026-09-16T20:00:00+02:00,2026-09-16T23:00:00+02:00,Uber Arena,Uber-Platz 1,Berlin,Germany,Music,Hip-Hop/Rap,Segment: Music | Genre: Hip-Hop/Rap,1222,https://www.ticketmaster.de/event/apache-207-%7C-box-seat-in-the-ticketmaster-suite-tickets/781042039?language=en-us
Cirque du Soleil ALIZÉ,2026-09-17T18:30:00+02:00,2026-09-17T20:30:00+02:00,,Marlene-Dietrich-Platz 1,Berlin,Germany,Arts & Theatre,Theatre,Segment: Arts & Theatre | Genre: Theatre,641,https://www.ticketmaster.de/event/cirque-du-soleil-alize-tickets/1993423473?language=en-us
Lachkater - die Stand Up Comedy Show,2026-09-17T20:00:00+02:00,2026-09-17T22:00:00+02:00,Tati Goes Underground,Metzer Straße 2,Berlin,Germany,Arts & Theatre,Comedy,Segment: Arts & Theatre | Genre: Comedy,627,https://www.universe.com/events/lachkater-die-stand-up-comedy-show-tickets-T6CRGJ?ref=ticketmaster
WITCHZ presents ENTER AFTERLIFE World Tour 2026,2026-09-17T20:00:00+02:00,2026-09-17T23:00:00+02:00,,Obentrautstraße 19-21,Berlin,Germany,Music,Alternative,Segment: Music | Genre: Alternative,1952,https://www.ticketmaster.de/event/witchz-presents-enter-afterlife-world-tour-2026-tickets/779447506?language=en-us
Cirque du Soleil ALIZÉ,2026-09-18T16:00:00+02:00,2026-09-18T18:00:00+02:00,,Marlene-Dietrich-Platz 1,Berlin,Germany,Arts & Theatre,Theatre,Segment: Arts & Theatre | Genre: Theatre,756,https://www.ticketmaster.de/event/cirque-du-soleil-alize-tickets/704089811?language=en-us
Lachkater - die Stand Up Comedy Show,2026-09-18T19:00:00+02:00,2026-09-18T21:00:00+02:00,Tati Goes Underground,Metzer Straße 2,Berlin,Germany,Arts & Theatre,Comedy,Segment: Arts & Theatre | Genre: Comedy,632,https://www.universe.com/events/lachkater-die-stand-up-comedy-show-tickets-T6CRGJ?ref=ticketmaster
Cirque du Soleil ALIZÉ,2026-09-18T20:00:00+02:00,2026-09-18T22:00:00+02:00,,Marlene-Dietrich-Platz 1,Berlin,Germany,Arts & Theatre,Theatre,Segment: Arts & Theatre | Genre: Theatre,639,https://www.ticketmaster.de/event/cirque-du-soleil-alize-tickets/442847180?language=en-us
Ella Mai - Do You Still Love Me? 2026 Tour,2026-09-18T20:00:00+02:00,2026-09-18T23:00:00+02:00,,Hasenheide 107 - 113,Berlin,Germany,Music,Hip-Hop/Rap,Segment: Music | Genre: Hip-Hop/Rap,1258,https://www.ticketmaster.de/event/ella-mai-do-you-still-love-me-2026-tour-tickets/9705079?language=en-us
Lachkater - die Stand Up Comedy Show,2026-09-18T21:00:00+02:00,2026-09-18T23:00:00+02:00,Tati Goes Underground,Metzer Straße 2,Berlin,Germany,Arts & Theatre,Comedy,Segment: Arts & Theatre | Genre: Comedy,715,https://www.universe.com/events/lachkater-die-stand-up-comedy-show-tickets-T6CRGJ?ref=ticketmaster
Lachkater Waffeln & Comedy,2026-09-19T15:00:00+02:00,2026-09-19T17:00:00+02:00,Tati Goes Underground,Metzer Straße 2,Berlin,Germany,Arts & Theatre,Comedy,Segment: Arts & Theatre | Genre: Comedy,553,https://www.universe.com/events/lachkater-waffeln-comedy-tickets-Z5C91L?ref=ticketmaster
Cirque du Soleil ALIZÉ,2026-09-19T16:00:00+02:00,2026-09-19T18:00:00+02:00,,Marlene-Dietrich-Platz 1,Berlin,Germany,Arts & Theatre,Theatre,Segment: Arts & Theatre | Genre: Theatre,645,https://www.ticketmaster.de/event/cirque-du-soleil-alize-tickets/147784106?language=en-us
Lachkater Waffeln & Comedy,2026-09-19T17:00:00+02:00,2026-09-19T19:00:00+02:00,Tati Goes Underground,Metzer Straße 2,Berlin,Germany,Arts & Theatre,Comedy,Segment: Arts & Theatre | Genre: Comedy,650,https://www.universe.com/events/lachkater-waffeln-comedy-tickets-Z5C91L?ref=ticketmaster
A night with Sinatra in Berlin,2026-09-19T19:30:00+02:00,2026-09-19T21:30:00+02:00,,Budapester Straße 45,Berlin,Germany,Arts & Theatre,Fine Art,Segment: Arts & Theatre | Genre: Fine Art,682,https://www.universe.com/events/a-night-with-sinatra-in-berlin-tickets-F5DCYB?ref=ticketmaster
Isabel van Gelder - EU & UK TOUR 2026,2026-09-19T19:30:00+02:00,2026-09-19T22:30:00+02:00,,Cuvrystraße 7,Berlin,Germany,Music,Rock,Segment: Music | Genre: Rock,1437,https://www.ticketmaster.de/event/isabel-van-gelder-eu--uk-tour-2026-tickets/817016946?language=en-us
Cirque du Soleil ALIZÉ,2026-09-19T20:00:00+02:00,2026-09-19T22:00:00+02:00,,Marlene-Dietrich-Platz 1,Berlin,Germany,Arts & Theatre,Theatre,Segment: Arts & Theatre | Genre: Theatre,674,https://www.ticketmaster.de/event/cirque-du-soleil-alize-tickets/1035328106?language=en-us
Zackavelli - MASI 2 TOUR,2026-09-19T20:00:00+02:00,2026-09-19T23:00:00+02:00,,Revaler Straße 99,Berlin,Germany,Music,Hip-Hop/Rap,Segment: Music | Genre: Hip-Hop/Rap,2101,https://www.ticketmaster.de/event/zackavelli-masi-2-tour-tickets/1610750766?language=en-us
TJARK - auch wenn’s uns morgen nicht mehr gibt Tour 2026,2026-09-19T20:00:00+02:00,2026-09-19T23:00:00+02:00,,Hasenheide 107 - 113,Berlin,Germany,Music,Rock,Segment: Music | Genre: Rock,1591,https://www.ticketmaster.de/event/tjark-auch-wenns-uns-morgen-nicht-mehr-gibt-tour-2026-tickets/115947631?language=en-us
"ALL THE FEELINGS TOUR with METRIC, BROKEN SOCIAL SCENE, AND STARS",2026-09-19T20:00:00+02:00,2026-09-19T23:00:00+02:00,,Columbiadamm 13 - 21,Berlin,Germany,Music,Rock,Segment: Music | Genre: Rock,1802,https://www.ticketmaster.de/event/all-the-feelings-tour-with-metric-broken-social-scene-and-stars-tickets/359751164?language=en-us
Ultra Night - Depeche Mode Party Berlin,2026-09-19T21:00:00+02:00,2026-09-19T23:00:00+02:00,,Im U-Bhf. Schlesisches Tor,Berlin,Germany,Miscellaneous,Undefined,Segment: Miscellaneous | Genre: Undefined,624,https://www.universe.com/events/ultra-night-depeche-mode-party-berlin-tickets-BFYW1M?ref=ticketmaster
Cirque du Soleil ALIZÉ,2026-09-20T13:00:00+02:00,2026-09-20T15:00:00+02:00,,Marlene-Dietrich-Platz 1,Berlin,Germany,Arts & Theatre,Theatre,Segment: Arts & Theatre | Genre: Theatre,656,https://www.ticketmaster.de/event/cirque-du-soleil-alize-tickets/458185163?language=en-us
Lachkater Waffeln & Comedy,2026-09-20T15:00:00+02:00,2026-09-20T17:00:00+02:00,Tati Goes Underground,Metzer Straße 2,Berlin,Germany,Arts & Theatre,Comedy,Segment: Arts & Theatre | Genre: Comedy,458,https://www.universe.com/events/lachkater-waffeln-comedy-tickets-Z5C91L?ref=ticketmaster
Cirque du Soleil ALIZÉ,2026-09-20T17:00:00+02:00,2026-09-20T19:00:00+02:00,,Marlene-Dietrich-Platz 1,Berlin,Germany,Arts & Theatre,Theatre,Segment: Arts & Theatre | Genre: Theatre,795,https://www.ticketmaster.de/event/cirque-du-soleil-alize-tickets/939974875?language=en-us
Lachkater - die Stand Up Comedy Show,2026-09-20T19:00:00+02:00,2026-09-20T21:00:00+02:00,Tati Goes Underground,Metzer Straße 2,Berlin,Germany,Arts & Theatre,Comedy,Segment: Arts & Theatre | Genre: Comedy,600,https://www.universe.com/events/lachkater-die-stand-up-comedy-show-tickets-T6CRGJ?ref=ticketmaster
WIR ARBEITEN DRAN - Stand-up Comedy Berlin,2026-09-21T20:00:00+02:00,2026-09-21T22:00:00+02:00,Oblomov Kreuzkoelln,Lenaustraße 7,Berlin,Germany,Arts & Theatre,Comedy,Segment: Arts & Theatre | Genre: Comedy,783,https://www.universe.com/events/wir-arbeiten-dran-stand-up-comedy-berlin-tickets-LF359S?ref=ticketmaster
Lilyisthatyou - THE FLOWERS HAVE FEELINGS TOUR,2026-09-21T20:00:00+02:00,2026-09-21T23:00:00+02:00,,Hermannstraße 146,Berlin,Germany,Music,Rock,Segment: Music | Genre: Rock,1737,https://www.ticketmaster.de/event/lilyisthatyou-the-flowers-have-feelings-tour-tickets/1142929684?language=en-us
"overpass - Elsewhere, Always Album Tour Europe",2026-09-21T20:00:00+02:00,2026-09-21T23:00:00+02:00,,Schönhauser Allee 36,Berlin,Germany,Music,Rock,Segment: Music | Genre: Rock,1676,https://www.ticketmaster.de/event/overpass-elsewhere-always-album-tour-europe-tickets/762941714?language=en-us
