,temp,rhum,prcp,wdir,wspd,pres,cldc,coco
6/10/2026 5:00,12.3,78,0,171,8.6,1018.6,8,3
6/10/2026 5:15,12.625,76.75,0,173.75,8.7,1018.5,8,3
6/10/2026 5:30,12.95,75.5,0,176.5,8.8,1018.4,8,3
6/10/2026 5:45,13.275,74.25,0,179.25,8.9,1018.3,8,3
6/10/2026 6:00,13.6,73,0,182,9,1018.2,8,3
6/10/2026 6:15,14.075,71.25,0,181.5,9.275,1018.025,8,3
6/10/2026 6:30,14.55,69.5,0,181,9.55,1017.85,8,3
6/10/2026 6:45,15.025,67.75,0,180.5,9.825,1017.675,8,3
6/10/2026 7:00,15.5,66,0,180,10.1,1017.5,8,3
6/10/2026 7:15,15.725,65,0,181.25,10.1,1017.35,8,3
6/10/2026 7:30,15.95,64,0,182.5,10.1,1017.2,8,3
6/10/2026 7:45,16.175,63,0,183.75,10.1,1017.05,8,3
6/10/2026 8:00,16.4,62,0,185,10.1,1016.9,8,3
6/10/2026 8:15,16.675,61,0,184.75,10.825,1016.725,8,3
6/10/2026 8:30,16.95,60,0,184.5,11.55,1016.55,8,3
6/10/2026 8:45,17.225,59,0,184.25,12.275,1016.375,8,3
6/10/2026 9:00,17.5,58,0,184,13,1016.2,8,3
6/10/2026 9:15,17.7,57.25,0,186.25,13.525,1015.925,8,3
6/10/2026 9:30,17.9,56.5,0,188.5,14.05,1015.65,8,3
6/10/2026 9:45,18.1,55.75,0,190.75,14.575,1015.375,8,3
6/10/2026 10:00,18.3,55,0,193,15.1,1015.1,8,3
6/10/2026 10:15,18.325,55,0,198.75,16.45,1014.925,8,3
6/10/2026 10:30,18.35,55,0,204.5,17.8,1014.75,8,3
6/10/2026 10:45,18.375,55,0,210.25,19.15,1014.575,8,3
6/10/2026 11:00,18.4,55,0,216,20.5,1014.4,8,3
6/10/2026 11:15,18.275,56.25,0,219.25,20.5,1014.25,8,3
6/10/2026 11:30,18.15,57.5,0,222.5,20.5,1014.1,8,3
6/10/2026 11:45,18.025,58.75,0,225.75,20.5,1013.95,8,3
6/10/2026 12:00,17.9,60,0,229,20.5,1013.8,8,3
6/10/2026 12:15,18.05,58.5,0.025,232.5,20.05,1013.6,8,3
6/10/2026 12:30,18.2,57,0.05,236,19.6,1013.4,8,3
6/10/2026 12:45,18.35,55.5,0.075,239.5,19.15,1013.2,8,3
6/10/2026 13:00,18.5,54,0.1,243,18.7,1013,8,3
6/10/2026 13:15,17.875,60,0.25,239,18.35,1012.85,8,3
6/10/2026 13:30,17.25,66,0.4,235,18,1012.7,8,3
6/10/2026 13:45,16.625,72,0.55,231,17.65,1012.55,8,3
6/10/2026 14:00,16,78,0.7,227,17.3,1012.4,8,3
6/10/2026 14:15,16.1,78.75,0.575,220.75,16.225,1012.075,7.75,3
6/10/2026 14:30,16.2,79.5,0.45,214.5,15.15,1011.75,7.5,3
6/10/2026 14:45,16.3,80.25,0.325,208.25,14.075,1011.425,7.25,3
6/10/2026 15:00,16.4,81,0.2,202,13,1011.1,7,3
6/10/2026 15:15,16.225,81.5,0.2,212.25,14.525,1011.05,7,6.5
6/10/2026 15:30,16.05,82,0.2,222.5,16.05,1011,7,10
6/10/2026 15:45,15.875,82.5,0.2,232.75,17.575,1010.95,7,13.5
6/10/2026 16:00,15.7,83,0.2,243,19.1,1010.9,7,17
6/10/2026 16:15,15.425,85.75,0.3,246.75,18.475,1010.925,6.25,17
6/10/2026 16:30,15.15,88.5,0.4,250.5,17.85,1010.95,5.5,17
6/10/2026 16:45,14.875,91.25,0.5,254.25,17.225,1010.975,4.75,17
6/10/2026 17:00,14.6,94,0.6,258,16.6,1011,4,17
6/10/2026 17:15,14.575,93.75,0.525,253.5,15.7,1010.95,4.75,13.5
6/10/2026 17:30,14.55,93.5,0.45,249,14.8,1010.9,5.5,10
6/10/2026 17:45,14.525,93.25,0.375,244.5,13.9,1010.85,6.25,6.5
6/10/2026 18:00,14.5,93,0.3,240,13,1010.8,7,3
6/10/2026 18:15,14.55,93,0.225,242.75,13.625,1010.825,6.25,4
6/10/2026 18:30,14.6,93,0.15,245.5,14.25,1010.85,5.5,5
6/10/2026 18:45,14.65,93,0.075,248.25,14.875,1010.875,4.75,6
6/10/2026 19:00,14.7,93,0,251,15.5,1010.9,4,7
6/10/2026 19:15,14.75,92.5,0,250.75,15.675,1011,4,6
6/10/2026 19:30,14.8,92,0,250.5,15.85,1011.1,4,5
6/10/2026 19:45,14.85,91.5,0,250.25,16.025,1011.2,4,4
6/10/2026 20:00,14.9,91,0,250,16.2,1011.3,4,3
6/10/2026 20:15,14.6,89.75,0.025,252,16.475,1011.3,4.75,6.5
6/10/2026 20:30,14.3,88.5,0.05,254,16.75,1011.3,5.5,10
6/10/2026 20:45,14,87.25,0.075,256,17.025,1011.3,6.25,13.5
6/10/2026 21:00,13.7,86,0.1,258,17.3,1011.3,7,17
6/10/2026 21:15,13.625,87.75,0.075,261,18.475,1011.325,6.5,14.5
6/10/2026 21:30,13.55,89.5,0.05,264,19.65,1011.35,6,12
6/10/2026 21:45,13.475,91.25,0.025,267,20.825,1011.375,5.5,9.5
6/10/2026 22:00,13.4,93,0,270,22,1011.4,5,7
6/10/2026 22:15,13.675,91.5,0.025,270.75,21.45,1011.6,5.75,9.5
6/10/2026 22:30,13.95,90,0.05,271.5,20.9,1011.8,6.5,12
6/10/2026 22:45,14.225,88.5,0.075,272.25,20.35,1012,7.25,14.5
6/10/2026 23:00,14.5,87,0.1,273,19.8,1012.2,8,17
6/10/2026 23:15,14.45,86.25,0.075,274.5,20.6,1012.3,8,14.75
6/10/2026 23:30,14.4,85.5,0.05,276,21.4,1012.4,8,12.5
6/10/2026 23:45,14.35,84.75,0.025,277.5,22.2,1012.5,8,10.25
6/11/2026 0:00,14.3,84,0,279,23,1012.6,8,8
6/11/2026 0:15,13.95,83.25,0,282.25,22.55,1013.7,8,6.75
6/11/2026 0:30,13.6,82.5,0,285.5,22.1,1014.8,8,5.5
6/11/2026 0:45,13.25,81.75,0,288.75,21.65,1015.9,8,4.25
6/11/2026 5:00,12.9,81,0,292,21.2,1017,8,3
6/11/2026 5:15,13.15,79.25,0,294,21.65,1017.125,7.25,3
6/11/2026 5:30,13.4,77.5,0,296,22.1,1017.25,6.5,3
6/11/2026 5:45,13.65,75.75,0,298,22.55,1017.375,5.75,3
6/11/2026 6:00,13.9,74,0,300,23,1017.5,5,3
6/11/2026 6:15,14.025,73.5,0,301.25,22.825,1017.625,5.75,3
6/11/2026 6:30,14.15,73,0,302.5,22.65,1017.75,6.5,3
6/11/2026 6:45,14.275,72.5,0,303.75,22.475,1017.875,7.25,3
6/11/2026 7:00,14.4,72,0,305,22.3,1018,8,3
6/11/2026 7:15,14.525,70.5,0,304.25,22.125,1018.15,7.75,3
6/11/2026 7:30,14.65,69,0,303.5,21.95,1018.3,7.5,3
6/11/2026 7:45,14.775,67.5,0,302.75,21.775,1018.45,7.25,3
6/11/2026 8:00,14.9,66,0,302,21.6,1018.6,7,3
6/11/2026 8:15,15.225,64.75,0,302.75,21.25,1018.725,6.5,3
6/11/2026 8:30,15.55,63.5,0,303.5,20.9,1018.85,6,3
6/11/2026 8:45,15.875,62.25,0,304.25,20.55,1018.975,5.5,3
6/11/2026 9:00,16.2,61,0,305,20.2,1019.1,5,3
6/11/2026 9:15,16.425,60,0,304.25,19.925,1019.2,5.75,3
6/11/2026 9:30,16.65,59,0,303.5,19.65,1019.3,6.5,3
6/11/2026 9:45,16.875,58,0,302.75,19.375,1019.4,7.25,3
6/11/2026 10:00,17.1,57,0,302,19.1,1019.5,8,3
6/11/2026 10:15,17.1,56.5,0,301.25,18.925,1019.6,7,3
6/11/2026 10:30,17.1,56,0,300.5,18.75,1019.7,6,3
6/11/2026 10:45,17.1,55.5,0,299.75,18.575,1019.8,5,3
6/11/2026 11:00,17.1,55,0,299,18.4,1019.9,4,3
6/11/2026 11:15,17.5,53.75,0,298.5,18.2,1019.975,4.25,3
6/11/2026 11:30,17.9,52.5,0,298,18,1020.05,4.5,3
6/11/2026 11:45,18.3,51.25,0,297.5,17.8,1020.125,4.75,3
6/11/2026 12:00,18.7,50,0,297,17.6,1020.2,5,3
6/11/2026 12:15,19.175,48.5,0,296.25,17.6,1020.225,4.25,3
6/11/2026 12:30,19.65,47,0,295.5,17.6,1020.25,3.5,3
6/11/2026 12:45,20.125,45.5,0,294.75,17.6,1020.275,2.75,3
6/11/2026 13:00,20.6,44,0,294,17.6,1020.3,2,3
6/11/2026 13:15,20.425,43.75,0,295.75,17.8,1020.275,2.5,2.75
6/11/2026 13:30,20.25,43.5,0,297.5,18,1020.25,3,2.5
6/11/2026 13:45,20.075,43.25,0,299.25,18.2,1020.225,3.5,2.25
6/11/2026 14:00,19.9,43,0,301,18.4,1020.2,4,2
6/11/2026 14:15,20.05,42.25,0,301.5,18.2,1020.15,4.25,2.25
6/11/2026 14:30,20.2,41.5,0,302,18,1020.1,4.5,2.5
6/11/2026 14:45,20.35,40.75,0,302.5,17.8,1020.05,4.75,2.75
6/11/2026 15:00,20.5,40,0,303,17.6,1020,5,3
6/11/2026 15:15,20.55,39.75,0,302.75,17.15,1020.025,4.5,3
6/11/2026 15:30,20.6,39.5,0,302.5,16.7,1020.05,4,3
6/11/2026 15:45,20.65,39.25,0,302.25,16.25,1020.075,3.5,3
6/11/2026 16:00,20.7,39,0,302,15.8,1020.1,3,3
6/11/2026 16:15,20.65,39.25,0,303,15.275,1020.125,2.75,2.75
6/11/2026 16:30,20.6,39.5,0,304,14.75,1020.15,2.5,2.5
6/11/2026 16:45,20.55,39.75,0,305,14.225,1020.175,2.25,2.25
6/11/2026 17:00,20.5,40,0,306,13.7,1020.2,2,2
6/11/2026 17:15,20.2,41.5,0,307,13.15,1020.3,2.25,2
6/11/2026 17:30,19.9,43,0,308,12.6,1020.4,2.5,2
6/11/2026 17:45,19.6,44.5,0,309,12.05,1020.5,2.75,2
6/11/2026 18:00,19.3,46,0,310,11.5,1020.6,3,2
6/11/2026 18:15,19.1,46.5,0,314.25,10.875,1020.8,4.25,2.25
6/11/2026 18:30,18.9,47,0,318.5,10.25,1021,5.5,2.5
6/11/2026 18:45,18.7,47.5,0,322.75,9.625,1021.2,6.75,2.75
6/11/2026 19:00,18.5,48,0,327,9,1021.4,8,3
6/11/2026 19:15,18.15,49.75,0,332,9.1,1021.525,6.5,3
6/11/2026 19:30,17.8,51.5,0,337,9.2,1021.65,5,3
6/11/2026 19:45,17.45,53.25,0,342,9.3,1021.775,3.5,3
6/11/2026 20:00,17.1,55,0,347,9.4,1021.9,2,3
6/11/2026 20:15,16.525,57.25,0,260.25,9.475,1022,1.5,2.75
6/11/2026 20:30,15.95,59.5,0,173.5,9.55,1022.1,1,2.5
6/11/2026 20:45,15.375,61.75,0,86.75,9.625,1022.2,0.5,2.25
6/11/2026 21:00,14.8,64,0,0,9.7,1022.3,0,2
6/11/2026 21:15,14.85,64,0,3.75,8.975,1022.35,0,1.75
6/11/2026 21:30,14.9,64,0,7.5,8.25,1022.4,0,1.5
6/11/2026 21:45,14.95,64,0,11.25,7.525,1022.45,0,1.25
6/11/2026 22:00,15,64,0,15,6.8,1022.5,0,1
6/11/2026 22:15,14.35,67,0,11.5,6.55,1022.625,0,1
6/11/2026 22:30,13.7,70,0,8,6.3,1022.75,0,1
6/11/2026 22:45,13.05,73,0,4.5,6.05,1022.875,0,1
6/11/2026 23:00,12.4,76,0,1,5.8,1023,0,1
6/11/2026 23:15,11.925,78.25,0,88.25,5.8,1023.025,0,1
6/11/2026 23:30,11.45,80.5,0,175.5,5.8,1023.05,0,1
6/11/2026 23:45,10.975,82.75,0,262.75,5.8,1023.075,0,1
6/12/2026 0:00,10.5,85,0,350,5.8,1023.1,0,1
6/12/2026 0:15,11.05,83.25,0,267.75,5.875,1023.2,0,1
6/12/2026 0:30,11.6,81.5,0,185.5,5.95,1023.3,0,1
6/12/2026 0:45,12.15,79.75,0,103.25,6.025,1023.4,0,1
6/12/2026 5:00,12.7,78,0,21,6.1,1023.5,0,1
6/12/2026 5:15,13.225,76.25,0,26.25,5.75,1023.65,0,1
6/12/2026 5:30,13.75,74.5,0,31.5,5.4,1023.8,0,1
6/12/2026 5:45,14.275,72.75,0,36.75,5.05,1023.95,0,1
6/12/2026 6:00,14.8,71,0,42,4.7,1024.1,0,1
6/12/2026 6:15,15.2,68,0,46.75,4.875,1024.125,0.5,1
6/12/2026 6:30,15.6,65,0,51.5,5.05,1024.15,1,1
6/12/2026 6:45,16,62,0,56.25,5.225,1024.175,1.5,1
6/12/2026 7:00,16.4,59,0,61,5.4,1024.2,2,1
6/12/2026 7:15,16.75,57.5,0,60,5.3,1024.175,2,1.25
6/12/2026 7:30,17.1,56,0,59,5.2,1024.15,2,1.5
6/12/2026 7:45,17.45,54.5,0,58,5.1,1024.125,2,1.75
6/12/2026 8:00,17.8,53,0,57,5,1024.1,2,2
6/12/2026 8:15,18.075,50.5,0,53.5,5.1,1024.1,2.5,2
6/12/2026 8:30,18.35,48,0,50,5.2,1024.1,3,2
6/12/2026 8:45,18.625,45.5,0,46.5,5.3,1024.1,3.5,2
6/12/2026 9:00,18.9,43,0,43,5.4,1024.1,4,2
6/12/2026 9:15,19.275,41,0,42.25,5.4,1024.15,3,2.25
6/12/2026 9:30,19.65,39,0,41.5,5.4,1024.2,2,2.5
6/12/2026 9:45,20.025,37,0,40.75,5.4,1024.25,1,2.75
6/12/2026 10:00,20.4,35,0,40,5.4,1024.3,0,3
6/12/2026 10:15,20.8,33.75,0,40.5,5.85,1024.25,0,2.5
6/12/2026 10:30,21.2,32.5,0,41,6.3,1024.2,0,2
6/12/2026 10:45,21.6,31.25,0,41.5,6.75,1024.15,0,1.5
6/12/2026 11:00,22,30,0,42,7.2,1024.1,0,1
6/12/2026 11:15,21.875,29.25,0,42.25,7.375,1024.05,0,1
6/12/2026 11:30,21.75,28.5,0,42.5,7.55,1024,0,1
6/12/2026 11:45,21.625,27.75,0,42.75,7.725,1023.95,0,1
6/12/2026 12:00,21.5,27,0,43,7.9,1023.9,0,1
6/12/2026 12:15,21.8,26.75,0,44.5,8.275,1023.825,0,1
6/12/2026 12:30,22.1,26.5,0,46,8.65,1023.75,0,1
6/12/2026 12:45,22.4,26.25,0,47.5,9.025,1023.675,0,1
6/12/2026 13:00,22.7,26,0,49,9.4,1023.6,0,1
6/12/2026 13:15,22.7,27,0,51.5,9.65,1023.55,0,1
6/12/2026 13:30,22.7,28,0,54,9.9,1023.5,0,1
6/12/2026 13:45,22.7,29,0,56.5,10.15,1023.45,0,1
6/12/2026 14:00,22.7,30,0,59,10.4,1023.4,0,1
6/12/2026 14:15,22.775,31.75,0,60.75,10.85,1023.35,0,1
6/12/2026 14:30,22.85,33.5,0,62.5,11.3,1023.3,0,1
6/12/2026 14:45,22.925,35.25,0,64.25,11.75,1023.25,0,1
6/12/2026 15:00,23,37,0,66,12.2,1023.2,0,1
6/12/2026 15:15,23.025,36.25,0,66.75,12.65,1023.15,0,1
6/12/2026 15:30,23.05,35.5,0,67.5,13.1,1023.1,0,1
6/12/2026 15:45,23.075,34.75,0,68.25,13.55,1023.05,0,1
6/12/2026 16:00,23.1,34,0,69,14,1023,0,1
6/12/2026 16:15,22.9,34.75,0,69.5,13.925,1023.05,0,1
6/12/2026 16:30,22.7,35.5,0,70,13.85,1023.1,0,1
6/12/2026 16:45,22.5,36.25,0,70.5,13.775,1023.15,0,1
6/12/2026 17:00,22.3,37,0,71,13.7,1023.2,0,1
6/12/2026 17:15,22.05,37.75,0,71.5,13.975,1023.325,0,1
6/12/2026 17:30,21.8,38.5,0,72,14.25,1023.45,0,1
6/12/2026 17:45,21.55,39.25,0,72.5,14.525,1023.575,0,1
6/12/2026 18:00,21.3,40,0,73,14.8,1023.7,0,1
6/12/2026 18:15,20.875,42,0,72,15.325,1023.85,0,1
6/12/2026 18:30,20.45,44,0,71,15.85,1024,0,1
6/12/2026 18:45,20.025,46,0,70,16.375,1024.15,0,1
6/12/2026 19:00,19.6,48,0,69,16.9,1024.3,0,1
6/12/2026 19:15,19.1,47,0,67.5,16.55,1024.5,0,1
6/12/2026 19:30,18.6,46,0,66,16.2,1024.7,0,1
6/12/2026 19:45,18.1,45,0,64.5,15.85,1024.9,0,1
6/12/2026 20:00,17.6,44,0,63,15.5,1025.1,0,1
6/12/2026 20:15,17.175,44,0,62.25,15.325,1025.275,0,1
6/12/2026 20:30,16.75,44,0,61.5,15.15,1025.45,0,1
6/12/2026 20:45,16.325,44,0,60.75,14.975,1025.625,0,1
6/12/2026 21:00,15.9,44,0,60,14.8,1025.8,0,1
6/12/2026 21:15,15.55,45.25,0,61.75,14.7,1025.9,0,1
6/12/2026 21:30,15.2,46.5,0,63.5,14.6,1026,0,1
6/12/2026 21:45,14.85,47.75,0,65.25,14.5,1026.1,0,1
6/12/2026 22:00,14.5,49,0,67,14.4,1026.2,0,1
6/12/2026 22:15,14.3,50.25,0,69.5,14.575,1026.225,0,1
6/12/2026 22:30,14.1,51.5,0,72,14.75,1026.25,0,1
6/12/2026 22:45,13.9,52.75,0,74.5,14.925,1026.275,0,1
6/12/2026 23:00,13.7,54,0,77,15.1,1026.3,0,1
6/12/2026 23:15,13.6,55.25,0,79,15.1,1026.375,0,1
6/12/2026 23:30,13.5,56.5,0,81,15.1,1026.45,0,1
6/12/2026 23:45,13.4,57.75,0,83,15.1,1026.525,0,1
6/13/2026 0:00,13.3,59,0,85,15.1,1026.6,0,1
6/13/2026 0:15,13.15,60.5,0,85.75,14.2,1026.775,0,1
6/13/2026 0:30,13,62,0,86.5,13.3,1026.95,0,1
6/13/2026 0:45,12.85,63.5,0,87.25,12.4,1027.125,0,1
6/13/2026 5:00,12.7,65,0,88,11.5,1027.3,0,1
6/13/2026 5:15,13.2,64,0,88.5,11.875,1027.4,0.25,1
6/13/2026 5:30,13.7,63,0,89,12.25,1027.5,0.5,1
6/13/2026 5:45,14.2,62,0,89.5,12.625,1027.6,0.75,1
6/13/2026 6:00,14.7,61,0,90,13,1027.7,1,1
6/13/2026 6:15,14.975,60.25,0,90.5,13.075,1027.75,0.75,1
6/13/2026 6:30,15.25,59.5,0,91,13.15,1027.8,0.5,1
6/13/2026 6:45,15.525,58.75,0,91.5,13.225,1027.85,0.25,1
6/13/2026 7:00,15.8,58,0,92,13.3,1027.9,0,1
6/13/2026 7:15,16.275,56.75,0,93,13.475,1027.925,0,1
6/13/2026 7:30,16.75,55.5,0,94,13.65,1027.95,0,1
6/13/2026 7:45,17.225,54.25,0,95,13.825,1027.975,0,1
6/13/2026 8:00,17.7,53,0,96,14,1028,0,1
6/13/2026 8:15,18.075,52,0,96.5,14.1,1028.025,0,1
6/13/2026 8:30,18.45,51,0,97,14.2,1028.05,0,1
6/13/2026 8:45,18.825,50,0,97.5,14.3,1028.075,0,1
6/13/2026 9:00,19.2,49,0,98,14.4,1028.1,0,1
6/13/2026 9:15,19.575,47.5,0,97.25,14.225,1028.025,0,1
6/13/2026 9:30,19.95,46,0,96.5,14.05,1027.95,0,1
6/13/2026 9:45,20.325,44.5,0,95.75,13.875,1027.875,0,1
6/13/2026 10:00,20.7,43,0,95,13.7,1027.8,0,1
6/13/2026 10:15,20.925,41.25,0,94,13.775,1027.675,0,1
6/13/2026 10:30,21.15,39.5,0,93,13.85,1027.55,0,1
6/13/2026 10:45,21.375,37.75,0,92,13.925,1027.425,0,1
6/13/2026 11:00,21.6,36,0,91,14,1027.3,0,1
6/13/2026 11:15,21.8,33.75,0,90.75,14.2,1027.25,0,1
6/13/2026 11:30,22,31.5,0,90.5,14.4,1027.2,0,1
6/13/2026 11:45,22.2,29.25,0,90.25,14.6,1027.15,0,1
6/13/2026 12:00,22.4,27,0,90,14.8,1027.1,0,1
6/13/2026 12:15,22.625,26,0,90,14.975,1026.95,0,1
6/13/2026 12:30,22.85,25,0,90,15.15,1026.8,0,1
6/13/2026 12:45,23.075,24,0,90,15.325,1026.65,0,1
6/13/2026 13:00,23.3,23,0,90,15.5,1026.5,0,1
6/13/2026 13:15,23.475,23,0,90,15.325,1026.5,0.5,1
6/13/2026 13:30,23.65,23,0,90,15.15,1026.5,1,1
6/13/2026 13:45,23.825,23,0,90,14.975,1026.5,1.5,1
6/13/2026 14:00,24,23,0,90,14.8,1026.5,2,1
6/13/2026 14:15,24.175,23,0,89.25,14.8,1026.425,3.25,1.25
6/13/2026 14:30,24.35,23,0,88.5,14.8,1026.35,4.5,1.5
6/13/2026 14:45,24.525,23,0,87.75,14.8,1026.275,5.75,1.75
6/13/2026 15:00,24.7,23,0,87,14.8,1026.2,7,2
6/13/2026 15:15,24.625,23.75,0,87.5,14.975,1026.075,7,2.25
6/13/2026 15:30,24.55,24.5,0,88,15.15,1025.95,7,2.5
6/13/2026 15:45,24.475,25.25,0,88.5,15.325,1025.825,7,2.75
6/13/2026 16:00,24.4,26,0,89,15.5,1025.7,7,3
6/13/2026 16:15,24.3,26.5,0,89.25,15.575,1025.625,6.25,3
6/13/2026 16:30,24.2,27,0,89.5,15.65,1025.55,5.5,3
6/13/2026 16:45,24.1,27.5,0,89.75,15.725,1025.475,4.75,3
6/13/2026 17:00,24,28,0,90,15.8,1025.4,4,3
6/13/2026 17:15,23.85,29,0,90.5,15.625,1025.4,3,3
6/13/2026 17:30,23.7,30,0,91,15.45,1025.4,2,3
6/13/2026 17:45,23.55,31,0,91.5,15.275,1025.4,1,3
6/13/2026 18:00,23.4,32,0,92,15.1,1025.4,0,3
6/13/2026 18:15,23,33.5,0,91,14.65,1025.475,0,2.5
6/13/2026 18:30,22.6,35,0,90,14.2,1025.55,0,2
6/13/2026 18:45,22.2,36.5,0,89,13.75,1025.625,0,1.5
6/13/2026 19:00,21.8,38,0,88,13.3,1025.7,0,1
6/13/2026 19:15,21.375,39.5,0,90.5,13.225,1025.8,0,1
6/13/2026 19:30,20.95,41,0,93,13.15,1025.9,0,1
6/13/2026 19:45,20.525,42.5,0,95.5,13.075,1026,0,1
6/13/2026 20:00,20.1,44,0,98,13,1026.1,0,1
6/13/2026 20:15,19.85,45.25,0,100,13.175,1026.075,0,1
6/13/2026 20:30,19.6,46.5,0,102,13.35,1026.05,0,1
6/13/2026 20:45,19.35,47.75,0,104,13.525,1026.025,0,1
6/13/2026 21:00,19.1,49,0,106,13.7,1026,0,1
6/13/2026 21:15,18.875,50.5,0,107.5,13.6,1025.975,0,1
6/13/2026 21:30,18.65,52,0,109,13.5,1025.95,0,1
6/13/2026 21:45,18.425,53.5,0,110.5,13.4,1025.925,0,1
6/13/2026 22:00,18.2,55,0,112,13.3,1025.9,0,1
6/13/2026 22:15,17.925,56.5,0,112,12.95,1025.85,0,1
6/13/2026 22:30,17.65,58,0,112,12.6,1025.8,0,1
6/13/2026 22:45,17.375,59.5,0,112,12.25,1025.75,0,1
6/13/2026 23:00,17.1,61,0,112,11.9,1025.7,0,1
6/13/2026 23:15,16.95,62,0,110.75,11.725,1025.625,0,1
6/13/2026 23:30,16.8,63,0,109.5,11.55,1025.55,0,1
6/13/2026 23:45,16.65,64,0,108.25,11.375,1025.475,0,1
6/14/2026 0:00,16.5,65,0,107,11.2,1025.4,0,1
6/14/2026 0:15,16.5,66.25,0,106,11.55,1025.2,0.25,1
6/14/2026 0:30,16.5,67.5,0,105,11.9,1025,0.5,1
6/14/2026 0:45,16.5,68.75,0,104,12.25,1024.8,0.75,1
6/14/2026 5:00,16.5,70,0,103,12.6,1024.6,1,1
6/14/2026 5:15,16.925,68.5,0,103.25,13.05,1024.575,1,1.25
6/14/2026 5:30,17.35,67,0,103.5,13.5,1024.55,1,1.5
6/14/2026 5:45,17.775,65.5,0,103.75,13.95,1024.525,1,1.75
6/14/2026 6:00,18.2,64,0,104,14.4,1024.5,1,2
6/14/2026 6:15,18.675,62.25,0,105.5,14.85,1024.475,0.75,2
6/14/2026 6:30,19.15,60.5,0,107,15.3,1024.45,0.5,2
6/14/2026 6:45,19.625,58.75,0,108.5,15.75,1024.425,0.25,2
6/14/2026 7:00,20.1,57,0,110,16.2,1024.4,0,2
6/14/2026 7:15,20.4,55.5,0,111.75,16.925,1024.3,0,1.75
6/14/2026 7:30,20.7,54,0,113.5,17.65,1024.2,0,1.5
6/14/2026 7:45,21,52.5,0,115.25,18.375,1024.1,0,1.25
6/14/2026 8:00,21.3,51,0,117,19.1,1024,0,1
6/14/2026 8:15,21.8,49.5,0,117.5,19.1,1023.85,0,1
6/14/2026 8:30,22.3,48,0,118,19.1,1023.7,0,1
6/14/2026 8:45,22.8,46.5,0,118.5,19.1,1023.55,0,1
6/14/2026 9:00,23.3,45,0,119,19.1,1023.4,0,1
6/14/2026 9:15,23.525,44.25,0,119.25,18.825,1023.225,0,1
6/14/2026 9:30,23.75,43.5,0,119.5,18.55,1023.05,0,1
6/14/2026 9:45,23.975,42.75,0,119.75,18.275,1022.875,0,1
6/14/2026 10:00,24.2,42,0,120,18,1022.7,0,1
6/14/2026 10:15,24.625,41,0,120.5,17.45,1022.6,0,1
6/14/2026 10:30,25.05,40,0,121,16.9,1022.5,0,1
6/14/2026 10:45,25.475,39,0,121.5,16.35,1022.4,0,1
6/14/2026 11:00,25.9,38,0,122,15.8,1022.3,0,1
6/14/2026 11:15,26.15,37.25,0,121.5,15.725,1022.125,0,1
6/14/2026 11:30,26.4,36.5,0,121,15.65,1021.95,0,1
6/14/2026 11:45,26.65,35.75,0,120.5,15.575,1021.775,0,1
6/14/2026 12:00,26.9,35,0,120,15.5,1021.6,0,1
6/14/2026 12:15,27.15,34.25,0,120.25,15.325,1021.45,0,1
6/14/2026 12:30,27.4,33.5,0,120.5,15.15,1021.3,0,1
6/14/2026 12:45,27.65,32.75,0,120.75,14.975,1021.15,0,1
6/14/2026 13:00,27.9,32,0,121,14.8,1021,0,1
6/14/2026 13:15,28.075,30.75,0,121.5,14.8,1020.875,0,1
6/14/2026 13:30,28.25,29.5,0,122,14.8,1020.75,0,1
6/14/2026 13:45,28.425,28.25,0,122.5,14.8,1020.625,0,1
6/14/2026 14:00,28.6,27,0,123,14.8,1020.5,0,1
6/14/2026 14:15,28.6,27.25,0,123,14.8,1020.35,0,1
6/14/2026 14:30,28.6,27.5,0,123,14.8,1020.2,0,1
6/14/2026 14:45,28.6,27.75,0,123,14.8,1020.05,0,1
6/14/2026 15:00,28.6,28,0,123,14.8,1019.9,0,1
6/14/2026 15:15,28.675,28,0,123.25,14.6,1019.825,0,1
6/14/2026 15:30,28.75,28,0,123.5,14.4,1019.75,0,1
6/14/2026 15:45,28.825,28,0,123.75,14.2,1019.675,0,1
6/14/2026 16:00,28.9,28,0,124,14,1019.6,0,1
6/14/2026 16:15,28.75,27.5,0,124.5,14,1019.575,0,1
6/14/2026 16:30,28.6,27,0,125,14,1019.55,0,1
6/14/2026 16:45,28.45,26.5,0,125.5,14,1019.525,0,1
6/14/2026 17:00,28.3,26,0,126,14,1019.5,0,1
6/14/2026 17:15,28.125,26.5,0,125.75,13.825,1019.425,0,1
6/14/2026 17:30,27.95,27,0,125.5,13.65,1019.35,0,1
6/14/2026 17:45,27.775,27.5,0,125.25,13.475,1019.275,0,1
6/14/2026 18:00,27.6,28,0,125,13.3,1019.2,0,1
6/14/2026 18:15,27.175,29.25,0,123,13.125,1019.275,0,1
6/14/2026 18:30,26.75,30.5,0,121,12.95,1019.35,0,1
6/14/2026 18:45,26.325,31.75,0,119,12.775,1019.425,0,1
6/14/2026 19:00,25.9,33,0,117,12.6,1019.5,0,1
6/14/2026 19:15,25.4,35,0,117,12.775,1019.6,0,1
6/14/2026 19:30,24.9,37,0,117,12.95,1019.7,0,1
6/14/2026 19:45,24.4,39,0,117,13.125,1019.8,0,1
6/14/2026 20:00,23.9,41,0,117,13.3,1019.9,0,1
6/14/2026 20:15,23.575,41.75,0,117.5,13.475,1019.85,0,1
6/14/2026 20:30,23.25,42.5,0,118,13.65,1019.8,0,1
6/14/2026 20:45,22.925,43.25,0,118.5,13.825,1019.75,0,1
6/14/2026 21:00,22.6,44,0,119,14,1019.7,0,1
6/14/2026 21:15,22.35,45,0,118.75,14.1,1019.675,0,1
6/14/2026 21:30,22.1,46,0,118.5,14.2,1019.65,0,1
6/14/2026 21:45,21.85,47,0,118.25,14.3,1019.625,0,1
6/14/2026 22:00,21.6,48,0,118,14.4,1019.6,0,1
6/14/2026 22:15,21.15,50,0,118.25,14.125,1019.5,0,1
6/14/2026 22:30,20.7,52,0,118.5,13.85,1019.4,0,1
6/14/2026 22:45,20.25,54,0,118.75,13.575,1019.3,0,1
6/14/2026 23:00,19.8,56,0,119,13.3,1019.2,0,1
6/14/2026 23:15,19.575,57.5,0,117.75,13.4,1019.125,0,1
6/14/2026 23:30,19.35,59,0,116.5,13.5,1019.05,0,1
6/14/2026 23:45,19.125,60.5,0,115.25,13.6,1018.975,0,1
6/15/2026 0:00,18.9,62,0,114,13.7,1018.9,0,1
6/15/2026 0:15,18.6,61.5,0,111.5,12.8,1018.6,0.25,1.25
6/15/2026 0:30,18.3,61,0,109,11.9,1018.3,0.5,1.5
6/15/2026 0:45,18,60.5,0,106.5,11,1018,0.75,1.75
6/15/2026 5:00,17.7,60,0,104,10.1,1017.7,1,2
6/15/2026 5:15,18.175,58.75,0,106,10.175,1017.625,1,1.75
6/15/2026 5:30,18.65,57.5,0,108,10.25,1017.55,1,1.5
6/15/2026 5:45,19.125,56.25,0,110,10.325,1017.475,1,1.25
6/15/2026 6:00,19.6,55,0,112,10.4,1017.4,1,1
6/15/2026 6:15,20.225,53.75,0,114.25,10.05,1017.35,1.75,1
6/15/2026 6:30,20.85,52.5,0,116.5,9.7,1017.3,2.5,1
6/15/2026 6:45,21.475,51.25,0,118.75,9.35,1017.25,3.25,1
6/15/2026 7:00,22.1,50,0,121,9,1017.2,4,1
6/15/2026 7:15,22.65,48.75,0,121.25,8.45,1017.175,4.5,1.5
6/15/2026 7:30,23.2,47.5,0,121.5,7.9,1017.15,5,2
6/15/2026 7:45,23.75,46.25,0,121.75,7.35,1017.125,5.5,2.5
6/15/2026 8:00,24.3,45,0,122,6.8,1017.1,6,3
6/15/2026 8:15,24.825,43.75,0,116.25,6.625,1016.975,4.5,3
6/15/2026 8:30,25.35,42.5,0,110.5,6.45,1016.85,3,3
6/15/2026 8:45,25.875,41.25,0,104.75,6.275,1016.725,1.5,3
6/15/2026 9:00,26.4,40,0,99,6.1,1016.6,0,3
6/15/2026 9:15,26.825,39,0,101,6.1,1016.475,0,2.5
6/15/2026 9:30,27.25,38,0,103,6.1,1016.35,0,2
6/15/2026 9:45,27.675,37,0,105,6.1,1016.225,0,1.5
6/15/2026 10:00,28.1,36,0,107,6.1,1016.1,0,1
6/15/2026 10:15,28.55,35,0,116.25,5.825,1015.975,0,1
6/15/2026 10:30,29,34,0,125.5,5.55,1015.85,0,1
6/15/2026 10:45,29.45,33,0,134.75,5.275,1015.725,0,1
6/15/2026 11:00,29.9,32,0,144,5,1015.6,0,1
6/15/2026 11:15,30.35,32,0,158.5,5.275,1015.45,0,1
6/15/2026 11:30,30.8,32,0,173,5.55,1015.3,0,1
6/15/2026 11:45,31.25,32,0,187.5,5.825,1015.15,0,1
6/15/2026 12:00,31.7,32,0,202,6.1,1015,0,1
6/15/2026 12:15,31.6,31.5,0,224.25,6.275,1014.8,0,1
6/15/2026 12:30,31.5,31,0,246.5,6.45,1014.6,0,1
6/15/2026 12:45,31.4,30.5,0,268.75,6.625,1014.4,0,1
6/15/2026 13:00,31.3,30,0,291,6.8,1014.2,0,1
6/15/2026 13:15,31.375,30.25,0,288.25,7.975,1014.025,2,1
6/15/2026 13:30,31.45,30.5,0,285.5,9.15,1013.85,4,1
6/15/2026 13:45,31.525,30.75,0,282.75,10.325,1013.675,6,1
6/15/2026 14:00,31.6,31,0,280,11.5,1013.5,8,1
6/15/2026 14:15,31.575,31,0,279.75,13.675,1013.525,8,1.5
6/15/2026 14:30,31.55,31,0,279.5,15.85,1013.55,8,2
6/15/2026 14:45,31.525,31,0,279.25,18.025,1013.575,8,2.5
6/15/2026 15:00,31.5,31,0,279,20.2,1013.6,8,3
6/15/2026 15:15,30.9,33.25,0,281.75,21.45,1013.775,7.75,3
6/15/2026 15:30,30.3,35.5,0,284.5,22.7,1013.95,7.5,3
6/15/2026 15:45,29.7,37.75,0,287.25,23.95,1014.125,7.25,3
6/15/2026 16:00,29.1,40,0,290,25.2,1014.3,7,3
6/15/2026 16:15,27.625,46.75,0.025,293.5,24.4,1014.55,7.25,3
6/15/2026 16:30,26.15,53.5,0.05,297,23.6,1014.8,7.5,3
6/15/2026 16:45,24.675,60.25,0.075,300.5,22.8,1015.05,7.75,3
6/15/2026 17:00,23.2,67,0.1,304,22,1015.3,8,3
6/15/2026 17:15,22.8,70.25,0.075,305.5,21.1,1015.525,8,4
6/15/2026 17:30,22.4,73.5,0.05,307,20.2,1015.75,8,5
6/15/2026 17:45,22,76.75,0.025,308.5,19.3,1015.975,8,6
6/15/2026 18:00,21.6,80,0,310,18.4,1016.2,8,7
6/15/2026 18:15,21.375,80.25,0,310,18.125,1016.325,8,6
6/15/2026 18:30,21.15,80.5,0,310,17.85,1016.45,8,5
6/15/2026 18:45,20.925,80.75,0,310,17.575,1016.575,8,4
6/15/2026 19:00,20.7,81,0,310,17.3,1016.7,8,3
6/15/2026 19:15,20.525,81.25,0,308,17.65,1016.8,8,4.25
6/15/2026 19:30,20.35,81.5,0,306,18,1016.9,8,5.5
6/15/2026 19:45,20.175,81.75,0,304,18.35,1017,8,6.75
6/15/2026 20:00,20,82,0,302,18.7,1017.1,8,8
6/15/2026 20:15,19.65,83.25,0,302.5,18.8,1017.25,8,8
6/15/2026 20:30,19.3,84.5,0,303,18.9,1017.4,8,8
6/15/2026 20:45,18.95,85.75,0,303.5,19,1017.55,8,8
6/15/2026 21:00,18.6,87,0,304,19.1,1017.7,8,8
6/15/2026 21:15,18.375,87.75,0.025,304.25,19.1,1017.9,8,6.75
6/15/2026 21:30,18.15,88.5,0.05,304.5,19.1,1018.1,8,5.5
6/15/2026 21:45,17.925,89.25,0.075,304.75,19.1,1018.3,8,4.25
6/15/2026 22:00,17.7,90,0.1,305,19.1,1018.5,8,3
6/15/2026 22:15,17.65,89.5,0.075,304.75,18.825,1018.575,8,3
6/15/2026 22:30,17.6,89,0.05,304.5,18.55,1018.65,8,3
6/15/2026 22:45,17.55,88.5,0.025,304.25,18.275,1018.725,8,3
6/15/2026 23:00,17.5,88,0,304,18,1018.8,8,3
6/15/2026 23:15,17.4,87,0,302.5,17.45,1018.75,8,3
6/15/2026 23:30,17.3,86,0,301,16.9,1018.7,8,3
6/15/2026 23:45,17.2,85,0,299.5,16.35,1018.65,8,3
6/16/2026 0:00,17.1,84,0,298,15.8,1018.6,8,3
6/16/2026 0:15,16.925,83,0,299,16.625,1019.1,8,4.25
6/16/2026 0:30,16.75,82,0,300,17.45,1019.6,8,5.5
6/16/2026 0:45,16.575,81,0,301,18.275,1020.1,8,6.75
6/16/2026 5:00,16.4,80,0,302,19.1,1020.6,8,8
6/16/2026 5:15,16.3,79,0,301.25,19,1020.75,8,6.75
6/16/2026 5:30,16.2,78,0,300.5,18.9,1020.9,8,5.5
6/16/2026 5:45,16.1,77,0,299.75,18.8,1021.05,8,4.25
6/16/2026 6:00,16,76,0,299,18.7,1021.2,8,3
6/16/2026 6:15,16.125,74.75,0,299.5,18.8,1021.375,8,3
6/16/2026 6:30,16.25,73.5,0,300,18.9,1021.55,8,3
6/16/2026 6:45,16.375,72.25,0,300.5,19,1021.725,8,3
6/16/2026 7:00,16.5,71,0,301,19.1,1021.9,8,3
6/16/2026 7:15,16.75,70,0,301.25,19.1,1022,8,3
6/16/2026 7:30,17,69,0,301.5,19.1,1022.1,8,3
6/16/2026 7:45,17.25,68,0,301.75,19.1,1022.2,8,3
6/16/2026 8:00,17.5,67,0,302,19.1,1022.3,8,3
6/16/2026 8:15,17.575,66,0,301,19.45,1022.4,8,3
6/16/2026 8:30,17.65,65,0,300,19.8,1022.5,8,3
6/16/2026 8:45,17.725,64,0,299,20.15,1022.6,8,3
6/16/2026 9:00,17.8,63,0,298,20.5,1022.7,8,3
6/16/2026 9:15,17.95,63,0,297.5,20.675,1022.825,8,3
6/16/2026 9:30,18.1,63,0,297,20.85,1022.95,8,3
6/16/2026 9:45,18.25,63,0,296.5,21.025,1023.075,8,3
6/16/2026 10:00,18.4,63,0,296,21.2,1023.2,8,3
6/16/2026 10:15,18.625,62.75,0,297,21.2,1023.225,8,3
6/16/2026 10:30,18.85,62.5,0,298,21.2,1023.25,8,3
6/16/2026 10:45,19.075,62.25,0,299,21.2,1023.275,8,3
6/16/2026 11:00,19.3,62,0,300,21.2,1023.3,8,3
6/16/2026 11:15,19.625,59.75,0,300.75,20.75,1023.3,8,4
6/16/2026 11:30,19.95,57.5,0,301.5,20.3,1023.3,8,5
6/16/2026 11:45,20.275,55.25,0,302.25,19.85,1023.3,8,6
6/16/2026 12:00,20.6,53,0,303,19.4,1023.3,8,7
6/16/2026 12:15,20.75,52.75,0,304,19.05,1023.225,7.75,6
6/16/2026 12:30,20.9,52.5,0,305,18.7,1023.15,7.5,5
6/16/2026 12:45,21.05,52.25,0,306,18.35,1023.075,7.25,4
6/16/2026 13:00,21.2,52,0,307,18,1023,7,3
6/16/2026 13:15,21.425,50.75,0,307.5,18.1,1022.925,6.5,3
6/16/2026 13:30,21.65,49.5,0,308,18.2,1022.85,6,3
6/16/2026 13:45,21.875,48.25,0,308.5,18.3,1022.775,5.5,3
6/16/2026 14:00,22.1,47,0,309,18.4,1022.7,5,3
6/16/2026 14:15,22.25,46.25,0,307.5,19.025,1022.8,5.25,3
6/16/2026 14:30,22.4,45.5,0,306,19.65,1022.9,5.5,3
6/16/2026 14:45,22.55,44.75,0,304.5,20.275,1023,5.75,3
6/16/2026 15:00,22.7,44,0,303,20.9,1023.1,6,3
6/16/2026 15:15,22.475,44.75,0,302.75,20.45,1023.125,5.5,3
6/16/2026 15:30,22.25,45.5,0,302.5,20,1023.15,5,3
6/16/2026 15:45,22.025,46.25,0,302.25,19.55,1023.175,4.5,3
6/16/2026 16:00,21.8,47,0,302,19.1,1023.2,4,3
6/16/2026 16:15,21.75,47.5,0,302.25,18.925,1023.2,4.25,3
6/16/2026 16:30,21.7,48,0,302.5,18.75,1023.2,4.5,3
6/16/2026 16:45,21.65,48.5,0,302.75,18.575,1023.2,4.75,3
6/16/2026 17:00,21.6,49,0,303,18.4,1023.2,5,3
6/16/2026 17:15,21.5,49.75,0,303,17.95,1023.325,4.25,3
6/16/2026 17:30,21.4,50.5,0,303,17.5,1023.45,3.5,3
6/16/2026 17:45,21.3,51.25,0,303,17.05,1023.575,2.75,3
6/16/2026 18:00,21.2,52,0,303,16.6,1023.7,2,3
6/16/2026 18:15,20.9,52.25,0,304.5,15.775,1023.75,1.5,2.75
6/16/2026 18:30,20.6,52.5,0,306,14.95,1023.8,1,2.5
6/16/2026 18:45,20.3,52.75,0,307.5,14.125,1023.85,0.5,2.25
6/16/2026 19:00,20,53,0,309,13.3,1023.9,0,2
6/16/2026 19:15,19.65,54.5,0,306,12.4,1024.05,0,1.75
6/16/2026 19:30,19.3,56,0,303,11.5,1024.2,0,1.5
6/16/2026 19:45,18.95,57.5,0,300,10.6,1024.35,0,1.25
6/16/2026 20:00,18.6,59,0,297,9.7,1024.5,0,1
6/16/2026 20:15,18.375,60.25,0,295.5,9.8,1024.575,0,1
6/16/2026 20:30,18.15,61.5,0,294,9.9,1024.65,0,1
6/16/2026 20:45,17.925,62.75,0,292.5,10,1024.725,0,1
6/16/2026 21:00,17.7,64,0,291,10.1,1024.8,0,1
6/16/2026 21:15,17.625,64.75,0,293.25,10.45,1024.9,0,1
6/16/2026 21:30,17.55,65.5,0,295.5,10.8,1025,0,1
6/16/2026 21:45,17.475,66.25,0,297.75,11.15,1025.1,0,1
6/16/2026 22:00,17.4,67,0,300,11.5,1025.2,0,1
6/16/2026 22:15,17.175,68.25,0,298.75,11.15,1025.2,1.75,1
6/16/2026 22:30,16.95,69.5,0,297.5,10.8,1025.2,3.5,1
6/16/2026 22:45,16.725,70.75,0,296.25,10.45,1025.2,5.25,1
6/16/2026 23:00,16.5,72,0,295,10.1,1025.2,7,1
6/16/2026 23:15,16.4,72.75,0,295.5,10.275,1025.175,5.25,1.5
6/16/2026 23:30,16.3,73.5,0,296,10.45,1025.15,3.5,2
6/16/2026 23:45,16.2,74.25,0,296.5,10.625,1025.125,1.75,2.5
6/17/2026 0:00,16.1,75,0,297,10.8,1025.1,0,3
6/17/2026 0:15,15.975,75.25,0,294.5,10.35,1025.15,1.75,3
6/17/2026 0:30,15.85,75.5,0,292,9.9,1025.2,3.5,3
6/17/2026 0:45,15.725,75.75,0,289.5,9.45,1025.25,5.25,3
6/17/2026 5:00,15.6,76,0,287,9,1025.3,7,3
6/17/2026 5:15,15.65,76.25,0,287.25,9.175,1025.325,6,3
6/17/2026 5:30,15.7,76.5,0,287.5,9.35,1025.35,5,3
6/17/2026 5:45,15.75,76.75,0,287.75,9.525,1025.375,4,3
6/17/2026 6:00,15.8,77,0,288,9.7,1025.4,3,3
6/17/2026 6:15,16,75.75,0,287.5,9.35,1025.4,3,2.75
6/17/2026 6:30,16.2,74.5,0,287,9,1025.4,3,2.5
6/17/2026 6:45,16.4,73.25,0,286.5,8.65,1025.4,3,2.25
6/17/2026 7:00,16.6,72,0,286,8.3,1025.4,3,2
6/17/2026 7:15,16.9,70.5,0,284.25,8.475,1025.45,2.5,2.25
6/17/2026 7:30,17.2,69,0,282.5,8.65,1025.5,2,2.5
6/17/2026 7:45,17.5,67.5,0,280.75,8.825,1025.55,1.5,2.75
6/17/2026 8:00,17.8,66,0,279,9,1025.6,1,3
6/17/2026 8:15,18.3,64.5,0,278.25,9.275,1025.6,1.5,2.75
6/17/2026 8:30,18.8,63,0,277.5,9.55,1025.6,2,2.5
6/17/2026 8:45,19.3,61.5,0,276.75,9.825,1025.6,2.5,2.25
6/17/2026 9:00,19.8,60,0,276,10.1,1025.6,3,2
6/17/2026 9:15,20.075,58.5,0,276.75,10.175,1025.525,3.75,2.25
6/17/2026 9:30,20.35,57,0,277.5,10.25,1025.45,4.5,2.5
6/17/2026 9:45,20.625,55.5,0,278.25,10.325,1025.375,5.25,2.75
6/17/2026 10:00,20.9,54,0,279,10.4,1025.3,6,3
6/17/2026 10:15,21.575,52.5,0,279.75,10.325,1025.275,6.25,3
6/17/2026 10:30,22.25,51,0,280.5,10.25,1025.25,6.5,3
6/17/2026 10:45,22.925,49.5,0,281.25,10.175,1025.225,6.75,3
6/17/2026 11:00,23.6,48,0,282,10.1,1025.2,7,3
6/17/2026 11:15,23.675,47.5,0,282.5,10.175,1025.05,7.25,3
6/17/2026 11:30,23.75,47,0,283,10.25,1024.9,7.5,3
6/17/2026 11:45,23.825,46.5,0,283.5,10.325,1024.75,7.75,3
6/17/2026 12:00,23.9,46,0,284,10.4,1024.6,8,3
6/17/2026 12:15,24.275,44,0,284.75,10.4,1024.5,8,3
6/17/2026 12:30,24.65,42,0,285.5,10.4,1024.4,8,3
6/17/2026 12:45,25.025,40,0,286.25,10.4,1024.3,8,3
6/17/2026 13:00,25.4,38,0,287,10.4,1024.2,8,3
6/17/2026 13:15,25.475,37.75,0,288,10.4,1024.125,8,3
6/17/2026 13:30,25.55,37.5,0,289,10.4,1024.05,8,3
6/17/2026 13:45,25.625,37.25,0,290,10.4,1023.975,8,3
6/17/2026 14:00,25.7,37,0,291,10.4,1023.9,8,3
6/17/2026 14:15,25.975,36.75,0,290.25,10.225,1023.775,8,3
6/17/2026 14:30,26.25,36.5,0,289.5,10.05,1023.65,8,3
6/17/2026 14:45,26.525,36.25,0,288.75,9.875,1023.525,8,3
6/17/2026 15:00,26.8,36,0,288,9.7,1023.4,8,3
6/17/2026 15:15,26.975,35.5,0,287.5,9.7,1023.275,8,3
6/17/2026 15:30,27.15,35,0,287,9.7,1023.15,8,3
6/17/2026 15:45,27.325,34.5,0,286.5,9.7,1023.025,8,3
6/17/2026 16:00,27.5,34,0,286,9.7,1022.9,8,3
6/17/2026 16:15,27.275,34.25,0,285.25,9.525,1022.775,7,3
6/17/2026 16:30,27.05,34.5,0,284.5,9.35,1022.65,6,3
6/17/2026 16:45,26.825,34.75,0,283.75,9.175,1022.525,5,3
6/17/2026 17:00,26.6,35,0,283,9,1022.4,4,3
6/17/2026 17:15,26.325,35.75,0,281.5,8.65,1022.4,5,3
6/17/2026 17:30,26.05,36.5,0,280,8.3,1022.4,6,3
6/17/2026 17:45,25.775,37.25,0,278.5,7.95,1022.4,7,3
6/17/2026 18:00,25.5,38,0,277,7.6,1022.4,8,3
6/17/2026 18:15,25.05,40,0,274.5,6.95,1022.325,8,3
6/17/2026 18:30,24.6,42,0,272,6.3,1022.25,8,3
6/17/2026 18:45,24.15,44,0,269.5,5.65,1022.175,8,3
6/17/2026 19:00,23.7,46,0,267,5,1022.1,8,3
6/17/2026 19:15,23.15,48,0,261.25,5,1022.125,8,3
6/17/2026 19:30,22.6,50,0,255.5,5,1022.15,8,3
6/17/2026 19:45,22.05,52,0,249.75,5,1022.175,8,3
6/17/2026 20:00,21.5,54,0,244,5,1022.2,8,3
6/17/2026 20:15,20.975,56.5,0,237.75,5.2,1022.15,8,3
6/17/2026 20:30,20.45,59,0,231.5,5.4,1022.1,8,3
6/17/2026 20:45,19.925,61.5,0,225.25,5.6,1022.05,8,3
6/17/2026 21:00,19.4,64,0,219,5.8,1022,8,3
6/17/2026 21:15,19.05,65.75,0,222.25,6.15,1021.9,8,3
6/17/2026 21:30,18.7,67.5,0,225.5,6.5,1021.8,8,3
6/17/2026 21:45,18.35,69.25,0,228.75,6.85,1021.7,8,3
6/17/2026 22:00,18,71,0,232,7.2,1021.6,8,3
6/17/2026 22:15,17.8,71.75,0,233.25,7.65,1021.575,6.75,3
6/17/2026 22:30,17.6,72.5,0,234.5,8.1,1021.55,5.5,3
6/17/2026 22:45,17.4,73.25,0,235.75,8.55,1021.525,4.25,3
6/17/2026 23:00,17.2,74,0,237,9,1021.5,3,3
6/17/2026 23:15,17.175,74.5,0,243.25,9.275,1021.5,2.5,2.75
6/17/2026 23:30,17.15,75,0,249.5,9.55,1021.5,2,2.5
6/17/2026 23:45,17.125,75.5,0,255.75,9.825,1021.5,1.5,2.25
6/18/2026 0:00,17.1,76,0,262,10.1,1021.5,1,2
6/18/2026 0:15,17.575,75,0,263.25,9.275,1021.275,2.75,2.25
6/18/2026 0:30,18.05,74,0,264.5,8.45,1021.05,4.5,2.5
6/18/2026 0:45,18.525,73,0,265.75,7.625,1020.825,6.25,2.75
6/18/2026 5:00,19,72,0,267,6.8,1020.6,8,3
6/18/2026 5:15,19.55,70,0,272.25,7.175,1020.625,7.75,3
6/18/2026 5:30,20.1,68,0,277.5,7.55,1020.65,7.5,3
6/18/2026 5:45,20.65,66,0,282.75,7.925,1020.675,7.25,3
6/18/2026 6:00,21.2,64,0,288,8.3,1020.7,7,3
6/18/2026 6:15,21.4,63,0,287.25,8.75,1020.775,6.75,3
6/18/2026 6:30,21.6,62,0,286.5,9.2,1020.85,6.5,3
6/18/2026 6:45,21.8,61,0,285.75,9.65,1020.925,6.25,3
6/18/2026 7:00,22,60,0,285,10.1,1021,6,3
6/18/2026 7:15,22.225,58.5,0,286.25,10.825,1021,4.75,3
6/18/2026 7:30,22.45,57,0,287.5,11.55,1021,3.5,3
6/18/2026 7:45,22.675,55.5,0,288.75,12.275,1021,2.25,3
6/18/2026 8:00,22.9,54,0,290,13,1021,1,3
6/18/2026 8:15,23.35,52.5,0,289.25,13.8,1020.975,2.75,2.75
6/18/2026 8:30,23.8,51,0,288.5,14.6,1020.95,4.5,2.5
6/18/2026 8:45,24.25,49.5,0,287.75,15.4,1020.925,6.25,2.25
6/18/2026 9:00,24.7,48,0,287,16.2,1020.9,8,2
6/18/2026 9:15,24.675,47.5,0,286.25,16.55,1020.9,8,2.25
6/18/2026 9:30,24.65,47,0,285.5,16.9,1020.9,8,2.5
6/18/2026 9:45,24.625,46.5,0,284.75,17.25,1020.9,8,2.75
6/18/2026 10:00,24.6,46,0,284,17.6,1020.9,8,3
6/18/2026 10:15,25.2,44,0,284,17.525,1020.875,7.75,3
6/18/2026 10:30,25.8,42,0,284,17.45,1020.85,7.5,3
6/18/2026 10:45,26.4,40,0,284,17.375,1020.825,7.25,3
6/18/2026 11:00,27,38,0,284,17.3,1020.8,7,3
6/18/2026 11:15,26.9,38.5,0,285.5,17.475,1020.75,6.75,3
6/18/2026 11:30,26.8,39,0,287,17.65,1020.7,6.5,3
6/18/2026 11:45,26.7,39.5,0,288.5,17.825,1020.65,6.25,3
6/18/2026 12:00,26.6,40,0,290,18,1020.6,6,3
6/18/2026 12:15,26.7,39.75,0,290.75,18.275,1020.55,6.25,3
6/18/2026 12:30,26.8,39.5,0,291.5,18.55,1020.5,6.5,3
6/18/2026 12:45,26.9,39.25,0,292.25,18.825,1020.45,6.75,3
6/18/2026 13:00,27,39,0,293,19.1,1020.4,7,3
6/18/2026 13:15,26.875,39.75,0,293.5,19.375,1020.3,7.25,3
6/18/2026 13:30,26.75,40.5,0,294,19.65,1020.2,7.5,3
6/18/2026 13:45,26.625,41.25,0,294.5,19.925,1020.1,7.75,3
6/18/2026 14:00,26.5,42,0,295,20.2,1020,8,3
6/18/2026 14:15,26.5,41.5,0,298,20.1,1019.95,7.5,3
6/18/2026 14:30,26.5,41,0,301,20,1019.9,7,3
6/18/2026 14:45,26.5,40.5,0,304,19.9,1019.85,6.5,3
6/18/2026 15:00,26.5,40,0,307,19.8,1019.8,6,3
6/18/2026 15:15,26.325,40.75,0,304.25,19.8,1019.825,6.5,3
6/18/2026 15:30,26.15,41.5,0,301.5,19.8,1019.85,7,3
6/18/2026 15:45,25.975,42.25,0,298.75,19.8,1019.875,7.5,3
6/18/2026 16:00,25.8,43,0,296,19.8,1019.9,8,3
6/18/2026 16:15,25.575,43.5,0,298.25,19.075,1019.875,8,3
6/18/2026 16:30,25.35,44,0,300.5,18.35,1019.85,8,3
6/18/2026 16:45,25.125,44.5,0,302.75,17.625,1019.825,8,3
6/18/2026 17:00,24.9,45,0,305,16.9,1019.8,8,3
6/18/2026 17:15,24.725,46,0,305.5,16.55,1019.8,8,3
6/18/2026 17:30,24.55,47,0,306,16.2,1019.8,8,3
6/18/2026 17:45,24.375,48,0,306.5,15.85,1019.8,8,3
6/18/2026 18:00,24.2,49,0,307,15.5,1019.8,8,3
6/18/2026 18:15,23.9,49.75,0,310.25,14.225,1019.8,8,3
6/18/2026 18:30,23.6,50.5,0,313.5,12.95,1019.8,8,3
6/18/2026 18:45,23.3,51.25,0,316.75,11.675,1019.8,8,3
6/18/2026 19:00,23,52,0,320,10.4,1019.8,8,3
6/18/2026 19:15,22.9,52.5,0,322.5,9.775,1019.85,8,3
6/18/2026 19:30,22.8,53,0,325,9.15,1019.9,8,3
6/18/2026 19:45,22.7,53.5,0,327.5,8.525,1019.95,8,3
6/18/2026 20:00,22.6,54,0,330,7.9,1020,8,3
6/18/2026 20:15,22.5,54.5,0,332.5,7.725,1020.025,7.25,3
6/18/2026 20:30,22.4,55,0,335,7.55,1020.05,6.5,3
6/18/2026 20:45,22.3,55.5,0,337.5,7.375,1020.075,5.75,3
6/18/2026 21:00,22.2,56,0,340,7.2,1020.1,5,3
6/18/2026 21:15,22.025,56.75,0,332.25,6.575,1020.125,5.25,3
6/18/2026 21:30,21.85,57.5,0,324.5,5.95,1020.15,5.5,3
6/18/2026 21:45,21.675,58.25,0,316.75,5.325,1020.175,5.75,3
6/18/2026 22:00,21.5,59,0,309,4.7,1020.2,6,3
6/18/2026 22:15,21.375,59.75,0,309,6.05,1020.25,6.5,3
6/18/2026 22:30,21.25,60.5,0,309,7.4,1020.3,7,3
6/18/2026 22:45,21.125,61.25,0,309,8.75,1020.35,7.5,3
6/18/2026 23:00,21,62,0,309,10.1,1020.4,8,3
6/18/2026 23:15,20.675,63.75,0,307.25,10.55,1020.425,7.5,3
6/18/2026 23:30,20.35,65.5,0,305.5,11,1020.45,7,3
6/18/2026 23:45,20.025,67.25,0,303.75,11.45,1020.475,6.5,3
6/19/2026 0:00,19.7,69,0,302,11.9,1020.5,6,3
6/19/2026 0:15,18.575,70.25,0,304.75,12.7,1020.725,4.5,2.5
6/19/2026 0:30,17.45,71.5,0,307.5,13.5,1020.95,3,2
6/19/2026 0:45,16.325,72.75,0,310.25,14.3,1021.175,1.5,1.5
6/19/2026 5:00,15.2,74,0,313,15.1,1021.4,0,1
6/19/2026 5:15,15.425,73,0,312,14.825,1021.425,0,1
6/19/2026 5:30,15.65,72,0,311,14.55,1021.45,0,1
6/19/2026 5:45,15.875,71,0,310,14.275,1021.475,0,1
6/19/2026 6:00,16.1,70,0,309,14,1021.5,0,1
6/19/2026 6:15,16.425,67.75,0,308.25,14.275,1021.65,0,1
6/19/2026 6:30,16.75,65.5,0,307.5,14.55,1021.8,0,1
6/19/2026 6:45,17.075,63.25,0,306.75,14.825,1021.95,0,1
6/19/2026 7:00,17.4,61,0,306,15.1,1022.1,0,1
6/19/2026 7:15,17.725,58.75,0,305.75,15.55,1022.125,0,1
6/19/2026 7:30,18.05,56.5,0,305.5,16,1022.15,0,1
6/19/2026 7:45,18.375,54.25,0,305.25,16.45,1022.175,0,1
6/19/2026 8:00,18.7,52,0,305,16.9,1022.2,0,1
6/19/2026 8:15,18.9,50.5,0,305,17.725,1022.25,0.75,1
6/19/2026 8:30,19.1,49,0,305,18.55,1022.3,1.5,1
6/19/2026 8:45,19.3,47.5,0,305,19.375,1022.35,2.25,1
6/19/2026 9:00,19.5,46,0,305,20.2,1022.4,3,1
6/19/2026 9:15,19.75,45.25,0,305,20.65,1022.375,3.5,1.25
6/19/2026 9:30,20,44.5,0,305,21.1,1022.35,4,1.5
6/19/2026 9:45,20.25,43.75,0,305,21.55,1022.325,4.5,1.75
6/19/2026 10:00,20.5,43,0,305,22,1022.3,5,2
6/19/2026 10:15,20.35,43.75,0,305,22.175,1022.35,4.75,2.25
6/19/2026 10:30,20.2,44.5,0,305,22.35,1022.4,4.5,2.5
6/19/2026 10:45,20.05,45.25,0,305,22.525,1022.45,4.25,2.75
6/19/2026 11:00,19.9,46,0,305,22.7,1022.5,4,3
6/19/2026 11:15,20.35,43.75,0,305,22.875,1022.5,4.25,3
6/19/2026 11:30,20.8,41.5,0,305,23.05,1022.5,4.5,3
6/19/2026 11:45,21.25,39.25,0,305,23.225,1022.5,4.75,3
6/19/2026 12:00,21.7,37,0,305,23.4,1022.5,5,3
6/19/2026 12:15,21.55,37.5,0,306,23.675,1022.5,5,3
6/19/2026 12:30,21.4,38,0,307,23.95,1022.5,5,3
6/19/2026 12:45,21.25,38.5,0,308,24.225,1022.5,5,3
6/19/2026 13:00,21.1,39,0,309,24.5,1022.5,5,3
6/19/2026 13:15,21.375,38.75,0,310.25,24.225,1022.45,4.5,3
6/19/2026 13:30,21.65,38.5,0,311.5,23.95,1022.4,4,3
6/19/2026 13:45,21.925,38.25,0,312.75,23.675,1022.35,3.5,3
6/19/2026 14:00,22.2,38,0,314,23.4,1022.3,3,3
6/19/2026 14:15,22.175,37.25,0,315.5,23.4,1022.3,3,3
6/19/2026 14:30,22.15,36.5,0,317,23.4,1022.3,3,3
6/19/2026 14:45,22.125,35.75,0,318.5,23.4,1022.3,3,3
6/19/2026 15:00,22.1,35,0,320,23.4,1022.3,3,3
6/19/2026 15:15,22.025,35.25,0,320.5,23.05,1022.375,3,2.75
6/19/2026 15:30,21.95,35.5,0,321,22.7,1022.45,3,2.5
6/19/2026 15:45,21.875,35.75,0,321.5,22.35,1022.525,3,2.25
6/19/2026 16:00,21.8,36,0,322,22,1022.6,3,2
6/19/2026 16:15,21.625,36.25,0,322.5,21.35,1022.7,2.5,2.25
6/19/2026 16:30,21.45,36.5,0,323,20.7,1022.8,2,2.5
6/19/2026 16:45,21.275,36.75,0,323.5,20.05,1022.9,1.5,2.75
6/19/2026 17:00,21.1,37,0,324,19.4,1023,1,3
6/19/2026 17:15,20.875,37.5,0,326.5,18.95,1023.075,1,2.75
6/19/2026 17:30,20.65,38,0,329,18.5,1023.15,1,2.5
6/19/2026 17:45,20.425,38.5,0,331.5,18.05,1023.225,1,2.25
6/19/2026 18:00,20.2,39,0,334,17.6,1023.3,1,2
6/19/2026 18:15,19.925,40.25,0,337.5,16.7,1023.4,0.75,1.75
6/19/2026 18:30,19.65,41.5,0,341,15.8,1023.5,0.5,1.5
6/19/2026 18:45,19.375,42.75,0,344.5,14.9,1023.6,0.25,1.25
6/19/2026 19:00,19.1,44,0,348,14,1023.7,0,1
6/19/2026 19:15,18.675,46,0,349.75,13.475,1023.8,0,1
6/19/2026 19:30,18.25,48,0,351.5,12.95,1023.9,0,1
6/19/2026 19:45,17.825,50,0,353.25,12.425,1024,0,1
6/19/2026 20:00,17.4,52,0,355,11.9,1024.1,0,1
6/19/2026 20:15,16.975,53.5,0,353.25,11.075,1024.2,0.25,1
6/19/2026 20:30,16.55,55,0,351.5,10.25,1024.3,0.5,1
6/19/2026 20:45,16.125,56.5,0,349.75,9.425,1024.4,0.75,1
6/19/2026 21:00,15.7,58,0,348,8.6,1024.5,1,1
6/19/2026 21:15,15.425,59.25,0,343.5,8.525,1024.575,1,1
6/19/2026 21:30,15.15,60.5,0,339,8.45,1024.65,1,1
6/19/2026 21:45,14.875,61.75,0,334.5,8.375,1024.725,1,1
6/19/2026 22:00,14.6,63,0,330,8.3,1024.8,1,1
6/19/2026 22:15,14.5,63.5,0,326.25,8.125,1024.9,1,1
6/19/2026 22:30,14.4,64,0,322.5,7.95,1025,1,1
6/19/2026 22:45,14.3,64.5,0,318.75,7.775,1025.1,1,1
6/19/2026 23:00,14.2,65,0,315,7.6,1025.2,1,1
6/19/2026 23:15,13.925,66.25,0,313.25,7.675,1025.2,0.75,1
6/19/2026 23:30,13.65,67.5,0,311.5,7.75,1025.2,0.5,1
6/19/2026 23:45,13.375,68.75,0,309.75,7.825,1025.2,0.25,1
6/20/2026 0:00,13.1,70,0,308,7.9,1025.2,0,1
6/20/2026 0:15,13.075,71.5,0,308,8,1025.4,0.25,1
6/20/2026 0:30,13.05,73,0,308,8.1,1025.6,0.5,1
6/20/2026 0:45,13.025,74.5,0,308,8.2,1025.8,0.75,1
6/20/2026 5:00,13,76,0,308,8.3,1026,1,1
6/20/2026 5:15,13.4,74.5,0,310,8.475,1026.075,0.75,1
6/20/2026 5:30,13.8,73,0,312,8.65,1026.15,0.5,1
6/20/2026 5:45,14.2,71.5,0,314,8.825,1026.225,0.25,1
6/20/2026 6:00,14.6,70,0,316,9,1026.3,0,1
6/20/2026 6:15,14.975,68.25,0,315.75,9.275,1026.275,0.75,1
6/20/2026 6:30,15.35,66.5,0,315.5,9.55,1026.25,1.5,1
6/20/2026 6:45,15.725,64.75,0,315.25,9.825,1026.225,2.25,1
6/20/2026 7:00,16.1,63,0,315,10.1,1026.2,3,1
6/20/2026 7:15,16.525,61,0,313.75,10.375,1026.15,2.75,1.5
6/20/2026 7:30,16.95,59,0,312.5,10.65,1026.1,2.5,2
6/20/2026 7:45,17.375,57,0,311.25,10.925,1026.05,2.25,2.5
6/20/2026 8:00,17.8,55,0,310,11.2,1026,2,3
6/20/2026 8:15,17.95,53.5,0,308.25,11,1026.025,1.75,2.75
6/20/2026 8:30,18.1,52,0,306.5,10.8,1026.05,1.5,2.5
6/20/2026 8:45,18.25,50.5,0,304.75,10.6,1026.075,1.25,2.25
6/20/2026 9:00,18.4,49,0,303,10.4,1026.1,1,2
6/20/2026 9:15,18.8,48,0,304.5,10.225,1026.05,0.75,1.75
6/20/2026 9:30,19.2,47,0,306,10.05,1026,0.5,1.5
6/20/2026 9:45,19.6,46,0,307.5,9.875,1025.95,0.25,1.25
6/20/2026 10:00,20,45,0,309,9.7,1025.9,0,1
6/20/2026 10:15,20.325,44.25,0,310.75,9.525,1025.825,0,1
6/20/2026 10:30,20.65,43.5,0,312.5,9.35,1025.75,0,1
6/20/2026 10:45,20.975,42.75,0,314.25,9.175,1025.675,0,1
6/20/2026 11:00,21.3,42,0,316,9,1025.6,0,1
6/20/2026 11:15,21.325,41.25,0,318,9,1025.55,0,1
6/20/2026 11:30,21.35,40.5,0,320,9,1025.5,0,1
6/20/2026 11:45,21.375,39.75,0,322,9,1025.45,0,1
6/20/2026 12:00,21.4,39,0,324,9,1025.4,0,1
6/20/2026 12:15,21.7,37.5,0,326.5,8.9,1025.325,0,1
6/20/2026 12:30,22,36,0,329,8.8,1025.25,0,1
6/20/2026 12:45,22.3,34.5,0,331.5,8.7,1025.175,0,1
6/20/2026 13:00,22.6,33,0,334,8.6,1025.1,0,1
6/20/2026 13:15,22.875,32.25,0,335.75,8.525,1025,0,1
6/20/2026 13:30,23.15,31.5,0,337.5,8.45,1024.9,0,1
6/20/2026 13:45,23.425,30.75,0,339.25,8.375,1024.8,0,1
6/20/2026 14:00,23.7,30,0,341,8.3,1024.7,0,1
6/20/2026 14:15,23.675,29.75,0,341,8.475,1024.625,0,1
6/20/2026 14:30,23.65,29.5,0,341,8.65,1024.55,0,1
6/20/2026 14:45,23.625,29.25,0,341,8.825,1024.475,0,1
6/20/2026 15:00,23.6,29,0,341,9,1024.4,0,1
6/20/2026 15:15,23.55,28.25,0,341,9,1024.325,0,1
6/20/2026 15:30,23.5,27.5,0,341,9,1024.25,0,1
6/20/2026 15:45,23.45,26.75,0,341,9,1024.175,0,1
6/20/2026 16:00,23.4,26,0,341,9,1024.1,0,1
6/20/2026 16:15,23.375,26.5,0,341.75,8.825,1024.1,0,1
6/20/2026 16:30,23.35,27,0,342.5,8.65,1024.1,0,1
6/20/2026 16:45,23.325,27.5,0,343.25,8.475,1024.1,0,1
6/20/2026 17:00,23.3,28,0,344,8.3,1024.1,0,1
6/20/2026 17:15,23.05,29,0,344.5,8.025,1024.125,0,1
6/20/2026 17:30,22.8,30,0,345,7.75,1024.15,0,1
6/20/2026 17:45,22.55,31,0,345.5,7.475,1024.175,0,1
6/20/2026 18:00,22.3,32,0,346,7.2,1024.2,0,1
6/20/2026 18:15,22,33,0,265.25,7.2,1024.25,0,1
6/20/2026 18:30,21.7,34,0,184.5,7.2,1024.3,0,1
6/20/2026 18:45,21.4,35,0,103.75,7.2,1024.35,0,1
6/20/2026 19:00,21.1,36,0,23,7.2,1024.4,0,1
6/20/2026 19:15,20.5,38.5,0,28.25,7.2,1024.475,0,1
6/20/2026 19:30,19.9,41,0,33.5,7.2,1024.55,0,1
6/20/2026 19:45,19.3,43.5,0,38.75,7.2,1024.625,0,1
6/20/2026 20:00,18.7,46,0,44,7.2,1024.7,0,1
6/20/2026 20:15,18.275,47.75,0,37.25,7.3,1024.775,0,1
6/20/2026 20:30,17.85,49.5,0,30.5,7.4,1024.85,0,1
6/20/2026 20:45,17.425,51.25,0,23.75,7.5,1024.925,0,1
6/20/2026 21:00,17,53,0,17,7.6,1025,0,1
6/20/2026 21:15,16.4,55.5,0,17.25,7.5,1025.075,0,1
6/20/2026 21:30,15.8,58,0,17.5,7.4,1025.15,0,1
6/20/2026 21:45,15.2,60.5,0,17.75,7.3,1025.225,0,1
6/20/2026 22:00,14.6,63,0,18,7.2,1025.3,0,1
6/20/2026 22:15,14.75,62.5,0,23,6.925,1025.275,0,1
6/20/2026 22:30,14.9,62,0,28,6.65,1025.25,0,1
6/20/2026 22:45,15.05,61.5,0,33,6.375,1025.225,0,1
6/20/2026 23:00,15.2,61,0,38,6.1,1025.2,0,1
6/20/2026 23:15,14.85,62.75,0,37.5,5.75,1025.15,0,1
6/20/2026 23:30,14.5,64.5,0,37,5.4,1025.1,0,1
6/20/2026 23:45,14.15,66.25,0,36.5,5.05,1025.05,0,1
6/21/2026 0:00,13.8,68,0,36,4.7,1025,0,1
6/21/2026 0:15,14.15,68.25,0,69,5.15,1024.9,0,1
6/21/2026 0:30,14.5,68.5,0,102,5.6,1024.8,0,1
6/21/2026 0:45,14.85,68.75,0,135,6.05,1024.7,0,1
6/21/2026 5:00,15.2,69,0,168,6.5,1024.6,0,1
6/21/2026 5:15,15.95,65.75,0,173.5,6.225,1024.6,0.25,1
6/21/2026 5:30,16.7,62.5,0,179,5.95,1024.6,0.5,1
6/21/2026 5:45,17.45,59.25,0,184.5,5.675,1024.6,0.75,1
6/21/2026 6:00,18.2,56,0,190,5.4,1024.6,1,1
6/21/2026 6:15,18.975,53.25,0,198.25,5.575,1024.575,1.5,1.25
6/21/2026 6:30,19.75,50.5,0,206.5,5.75,1024.55,2,1.5
6/21/2026 6:45,20.525,47.75,0,214.75,5.925,1024.525,2.5,1.75
6/21/2026 7:00,21.3,45,0,223,6.1,1024.5,3,2
6/21/2026 7:15,21.7,43,0,230.25,6.55,1024.45,4,2.25
6/21/2026 7:30,22.1,41,0,237.5,7,1024.4,5,2.5
6/21/2026 7:45,22.5,39,0,244.75,7.45,1024.35,6,2.75
6/21/2026 8:00,22.9,37,0,252,7.9,1024.3,7,3
6/21/2026 8:15,23.175,36.25,0,253.25,7.725,1024.2,7.25,3
6/21/2026 8:30,23.45,35.5,0,254.5,7.55,1024.1,7.5,3
6/21/2026 8:45,23.725,34.75,0,255.75,7.375,1024,7.75,3
6/21/2026 9:00,24,34,0,257,7.2,1023.9,8,3
6/21/2026 9:15,24.25,33,0,256.5,7.025,1023.8,8,3
6/21/2026 9:30,24.5,32,0,256,6.85,1023.7,8,3
6/21/2026 9:45,24.75,31,0,255.5,6.675,1023.6,8,3
6/21/2026 10:00,25,30,0,255,6.5,1023.5,8,3
6/21/2026 10:15,25.275,29,0,254,6.4,1023.375,6.5,3
6/21/2026 10:30,25.55,28,0,253,6.3,1023.25,5,3
6/21/2026 10:45,25.825,27,0,252,6.2,1023.125,3.5,3
6/21/2026 11:00,26.1,26,0,251,6.1,1023,2,3
6/21/2026 11:15,26.35,25,0,251.75,6.275,1022.875,1.5,2.75
6/21/2026 11:30,26.6,24,0,252.5,6.45,1022.75,1,2.5
6/21/2026 11:45,26.85,23,0,253.25,6.625,1022.625,0.5,2.25
6/21/2026 12:00,27.1,22,0,254,6.8,1022.5,0,2
6/21/2026 12:15,27.4,21.25,0,257.5,6.9,1022.375,0,1.75
6/21/2026 12:30,27.7,20.5,0,261,7,1022.25,0,1.5
6/21/2026 12:45,28,19.75,0,264.5,7.1,1022.125,0,1.25
6/21/2026 13:00,28.3,19,0,268,7.2,1022,0,1
6/21/2026 13:15,28.5,19.5,0,271,7.475,1021.85,0,1
6/21/2026 13:30,28.7,20,0,274,7.75,1021.7,0,1
6/21/2026 13:45,28.9,20.5,0,277,8.025,1021.55,0,1
6/21/2026 14:00,29.1,21,0,280,8.3,1021.4,0,1
6/21/2026 14:15,29.05,21.25,0,286.75,8.575,1021.275,0,1
6/21/2026 14:30,29,21.5,0,293.5,8.85,1021.15,0,1
6/21/2026 14:45,28.95,21.75,0,300.25,9.125,1021.025,0,1
6/21/2026 15:00,28.9,22,0,307,9.4,1020.9,0,1
6/21/2026 15:15,28.8,22,0,310.5,9.475,1020.8,0,1
6/21/2026 15:30,28.7,22,0,314,9.55,1020.7,0,1
6/21/2026 15:45,28.6,22,0,317.5,9.625,1020.6,0,1
6/21/2026 16:00,28.5,22,0,321,9.7,1020.5,0,1
6/21/2026 16:15,28.575,22.5,0,322,9.625,1020.5,0,1
6/21/2026 16:30,28.65,23,0,323,9.55,1020.5,0,1
6/21/2026 16:45,28.725,23.5,0,324,9.475,1020.5,0,1
6/21/2026 17:00,28.8,24,0,325,9.4,1020.5,0,1
6/21/2026 17:15,28.45,24.75,0,324.75,8.75,1020.475,0.5,1
6/21/2026 17:30,28.1,25.5,0,324.5,8.1,1020.45,1,1
6/21/2026 17:45,27.75,26.25,0,324.25,7.45,1020.425,1.5,1
6/21/2026 18:00,27.4,27,0,324,6.8,1020.4,2,1
6/21/2026 18:15,26.75,29,0,324.5,6.45,1020.5,1.75,1.25
6/21/2026 18:30,26.1,31,0,325,6.1,1020.6,1.5,1.5
6/21/2026 18:45,25.45,33,0,325.5,5.75,1020.7,1.25,1.75
6/21/2026 19:00,24.8,35,0,326,5.4,1020.8,1,2
6/21/2026 19:15,23.95,37.75,0,316.75,5.675,1020.75,1.75,1.75
6/21/2026 19:30,23.1,40.5,0,307.5,5.95,1020.7,2.5,1.5
6/21/2026 19:45,22.25,43.25,0,298.25,6.225,1020.65,3.25,1.25
6/21/2026 20:00,21.4,46,0,289,6.5,1020.6,4,1
6/21/2026 20:15,21,47.5,0,282.75,6.4,1020.575,3,1.5
6/21/2026 20:30,20.6,49,0,276.5,6.3,1020.55,2,2
6/21/2026 20:45,20.2,50.5,0,270.25,6.2,1020.525,1,2.5
6/21/2026 21:00,19.8,52,0,264,6.1,1020.5,0,3
6/21/2026 21:15,19.475,53.75,0,267.5,5.925,1020.45,0.25,2.5
6/21/2026 21:30,19.15,55.5,0,271,5.75,1020.4,0.5,2
6/21/2026 21:45,18.825,57.25,0,274.5,5.575,1020.35,0.75,1.5
6/21/2026 22:00,18.5,59,0,278,5.4,1020.3,1,1
6/21/2026 22:15,18.175,60.25,0,271.75,5.575,1020.275,0.75,1
6/21/2026 22:30,17.85,61.5,0,265.5,5.75,1020.25,0.5,1
6/21/2026 22:45,17.525,62.75,0,259.25,5.925,1020.225,0.25,1
6/21/2026 23:00,17.2,64,0,253,6.1,1020.2,0,1
6/21/2026 23:15,17.025,65.25,0,251,6.1,1020.175,0,1
6/21/2026 23:30,16.85,66.5,0,249,6.1,1020.15,0,1
6/21/2026 23:45,16.675,67.75,0,247,6.1,1020.125,0,1
6/22/2026 0:00,16.5,69,0,245,6.1,1020.1,0,1
6/22/2026 0:15,17.175,66,0,211.5,5.2,1019.95,2,1.5
6/22/2026 0:30,17.85,63,0,178,4.3,1019.8,4,2
6/22/2026 0:45,18.525,60,0,144.5,3.4,1019.65,6,2.5
6/22/2026 5:00,19.2,57,0,111,2.5,1019.5,8,3
6/22/2026 5:15,20.075,53.75,0,115.5,2.675,1019.45,8,3
6/22/2026 5:30,20.95,50.5,0,120,2.85,1019.4,8,3
6/22/2026 5:45,21.825,47.25,0,124.5,3.025,1019.35,8,3
6/22/2026 6:00,22.7,44,0,129,3.2,1019.3,8,3
6/22/2026 6:15,23.175,42.25,0,134.75,3.475,1019.3,7.75,3
6/22/2026 6:30,23.65,40.5,0,140.5,3.75,1019.3,7.5,3
6/22/2026 6:45,24.125,38.75,0,146.25,4.025,1019.3,7.25,3
6/22/2026 7:00,24.6,37,0,152,4.3,1019.3,7,3
6/22/2026 7:15,25.2,35,0,153.5,4.575,1019.15,6.25,3
6/22/2026 7:30,25.8,33,0,155,4.85,1019,5.5,3
6/22/2026 7:45,26.4,31,0,156.5,5.125,1018.85,4.75,3
6/22/2026 8:00,27,29,0,158,5.4,1018.7,4,3
6/22/2026 8:15,27.425,27.5,0,162.5,6.025,1018.625,4.25,3
6/22/2026 8:30,27.85,26,0,167,6.65,1018.55,4.5,3
6/22/2026 8:45,28.275,24.5,0,171.5,7.275,1018.475,4.75,3
6/22/2026 9:00,28.7,23,0,176,7.9,1018.4,5,3
6/22/2026 9:15,29.175,22.75,0,178.5,8.45,1018.25,4,3
6/22/2026 9:30,29.65,22.5,0,181,9,1018.1,3,3
6/22/2026 9:45,30.125,22.25,0,183.5,9.55,1017.95,2,3
6/22/2026 10:00,30.6,22,0,186,10.1,1017.8,1,3
6/22/2026 10:15,30.825,21.5,0,186.75,10.45,1017.525,0.75,2.75
6/22/2026 10:30,31.05,21,0,187.5,10.8,1017.25,0.5,2.5
6/22/2026 10:45,31.275,20.5,0,188.25,11.15,1016.975,0.25,2.25
6/22/2026 11:00,31.5,20,0,189,11.5,1016.7,0,2
6/22/2026 11:15,31.8,19.25,0,191.25,11.675,1016.525,1.25,1.75
6/22/2026 11:30,32.1,18.5,0,193.5,11.85,1016.35,2.5,1.5
6/22/2026 11:45,32.4,17.75,0,195.75,12.025,1016.175,3.75,1.25
6/22/2026 12:00,32.7,17,0,198,12.2,1016,5,1
6/22/2026 12:15,32.725,17.25,0,199.5,12.3,1015.8,5.5,1.5
6/22/2026 12:30,32.75,17.5,0,201,12.4,1015.6,6,2
6/22/2026 12:45,32.775,17.75,0,202.5,12.5,1015.4,6.5,2.5
6/22/2026 13:00,32.8,18,0,204,12.6,1015.2,7,3
6/22/2026 13:15,33,18.25,0,204.5,12.775,1015,5.75,3
6/22/2026 13:30,33.2,18.5,0,205,12.95,1014.8,4.5,3
6/22/2026 13:45,33.4,18.75,0,205.5,13.125,1014.6,3.25,3
6/22/2026 14:00,33.6,19,0,206,13.3,1014.4,2,3
6/22/2026 14:15,33.675,18.75,0,206,13.475,1014.15,2,2.75
6/22/2026 14:30,33.75,18.5,0,206,13.65,1013.9,2,2.5
6/22/2026 14:45,33.825,18.25,0,206,13.825,1013.65,2,2.25
6/22/2026 15:00,33.9,18,0,206,14,1013.4,2,2
6/22/2026 15:15,33.6,18.25,0,206.5,14.1,1013.15,3.5,2
6/22/2026 15:30,33.3,18.5,0,207,14.2,1012.9,5,2
6/22/2026 15:45,33,18.75,0,207.5,14.3,1012.65,6.5,2
6/22/2026 16:00,32.7,19,0,208,14.4,1012.4,8,2
6/22/2026 16:15,32.625,19.25,0,208.25,14.575,1012.275,7,2.25
6/22/2026 16:30,32.55,19.5,0,208.5,14.75,1012.15,6,2.5
6/22/2026 16:45,32.475,19.75,0,208.75,14.925,1012.025,5,2.75
6/22/2026 17:00,32.4,20,0,209,15.1,1011.9,4,3
6/22/2026 17:15,32.15,20.25,0,210.25,14.825,1011.9,5,3
6/22/2026 17:30,31.9,20.5,0,211.5,14.55,1011.9,6,3
6/22/2026 17:45,31.65,20.75,0,212.75,14.275,1011.9,7,3
6/22/2026 18:00,31.4,21,0,214,14,1011.9,8,3
6/22/2026 18:15,30.925,22.25,0,213.5,13.025,1011.825,8,3
6/22/2026 18:30,30.45,23.5,0,213,12.05,1011.75,8,3
6/22/2026 18:45,29.975,24.75,0,212.5,11.075,1011.675,8,3
6/22/2026 19:00,29.5,26,0,212,10.1,1011.6,8,3
6/22/2026 19:15,28.675,28.25,0,204,10,1011.575,8,3
6/22/2026 19:30,27.85,30.5,0,196,9.9,1011.55,8,3
6/22/2026 19:45,27.025,32.75,0,188,9.8,1011.525,8,3
6/22/2026 20:00,26.2,35,0,180,9.7,1011.5,8,3
6/22/2026 20:15,26.075,35.75,0,174.5,10.25,1011.3,8,3
6/22/2026 20:30,25.95,36.5,0,169,10.8,1011.1,8,3
6/22/2026 20:45,25.825,37.25,0,163.5,11.35,1010.9,8,3
6/22/2026 21:00,25.7,38,0,158,11.9,1010.7,8,3
6/22/2026 21:15,25.45,38.5,0,158,12.175,1010.575,8,3
6/22/2026 21:30,25.2,39,0,158,12.45,1010.45,8,3
6/22/2026 21:45,24.95,39.5,0,158,12.725,1010.325,8,3
6/22/2026 22:00,24.7,40,0,158,13,1010.2,8,3
6/22/2026 22:15,24.575,40.5,0,160.5,13.075,1010.025,8,3
6/22/2026 22:30,24.45,41,0,163,13.15,1009.85,8,3
6/22/2026 22:45,24.325,41.5,0,165.5,13.225,1009.675,8,3
6/22/2026 23:00,24.2,42,0,168,13.3,1009.5,8,3
6/22/2026 23:15,24.2,42,0,171.25,13.025,1009.35,8,3
6/22/2026 23:30,24.2,42,0,174.5,12.75,1009.2,8,3
6/22/2026 23:45,24.2,42,0,177.75,12.475,1009.05,8,3
6/23/2026 0:00,24.2,42,0,181,12.2,1008.9,8,3
6/23/2026 0:15,23.125,50.75,0,198.75,12.65,1008.9,8,3
6/23/2026 0:30,22.05,59.5,0,216.5,13.1,1008.9,8,3
6/23/2026 0:45,20.975,68.25,0,234.25,13.55,1008.9,8,3
6/23/2026 5:00,19.9,77,0,252,14,1008.9,8,3
6/23/2026 5:15,20.5,73.75,0,253.25,14.1,1008.85,6.75,3
6/23/2026 5:30,21.1,70.5,0,254.5,14.2,1008.8,5.5,3
6/23/2026 5:45,21.7,67.25,0,255.75,14.3,1008.75,4.25,3
6/23/2026 6:00,22.3,64,0,257,14.4,1008.7,3,3
6/23/2026 6:15,22.525,62.75,0,256.25,14.85,1008.625,4,2.75
6/23/2026 6:30,22.75,61.5,0,255.5,15.3,1008.55,5,2.5
6/23/2026 6:45,22.975,60.25,0,254.75,15.75,1008.475,6,2.25
6/23/2026 7:00,23.2,59,0,254,16.2,1008.4,7,2
6/23/2026 7:15,23.475,57.5,0,252.75,17.2,1008.275,7,2.25
6/23/2026 7:30,23.75,56,0,251.5,18.2,1008.15,7,2.5
6/23/2026 7:45,24.025,54.5,0,250.25,19.2,1008.025,7,2.75
6/23/2026 8:00,24.3,53,0,249,20.2,1007.9,7,3
6/23/2026 8:15,24.75,49.5,0,248.75,20.725,1007.725,7.25,3
6/23/2026 8:30,25.2,46,0,248.5,21.25,1007.55,7.5,3
6/23/2026 8:45,25.65,42.5,0,248.25,21.775,1007.375,7.75,3
6/23/2026 9:00,26.1,39,0,248,22.3,1007.2,8,3
6/23/2026 9:15,26.075,39.75,0,249.25,23.2,1007.05,8,3
6/23/2026 9:30,26.05,40.5,0,250.5,24.1,1006.9,8,3
6/23/2026 9:45,26.025,41.25,0,251.75,25,1006.75,8,3
6/23/2026 10:00,26,42,0,253,25.9,1006.6,8,3
6/23/2026 10:15,25.875,41.75,0,253,26.9,1006.55,8,3
6/23/2026 10:30,25.75,41.5,0,253,27.9,1006.5,8,3
6/23/2026 10:45,25.625,41.25,0,253,28.9,1006.45,8,3
6/23/2026 11:00,25.5,41,0,253,29.9,1006.4,8,3
6/23/2026 11:15,25.8,40.75,0,252,30.175,1006.35,8,3
6/23/2026 11:30,26.1,40.5,0,251,30.45,1006.3,8,3
6/23/2026 11:45,26.4,40.25,0,250,30.725,1006.25,8,3
6/23/2026 12:00,26.7,40,0,249,31,1006.2,8,3
6/23/2026 12:15,26.675,39.75,0,250.75,30.45,1006.025,8,3
6/23/2026 12:30,26.65,39.5,0,252.5,29.9,1005.85,8,3
6/23/2026 12:45,26.625,39.25,0,254.25,29.35,1005.675,8,3
6/23/2026 13:00,26.6,39,0,256,28.8,1005.5,8,3
6/23/2026 13:15,26.625,39,0,256,29.075,1005.475,8,3
6/23/2026 13:30,26.65,39,0,256,29.35,1005.45,8,3
6/23/2026 13:45,26.675,39,0,256,29.625,1005.425,8,3
6/23/2026 14:00,26.7,39,0,256,29.9,1005.4,8,3
6/23/2026 14:15,26.675,38.25,0,258.5,29.9,1005.275,7.5,3
6/23/2026 14:30,26.65,37.5,0,261,29.9,1005.15,7,3
6/23/2026 14:45,26.625,36.75,0,263.5,29.9,1005.025,6.5,3
6/23/2026 15:00,26.6,36,0,266,29.9,1004.9,6,3
6/23/2026 15:15,23.975,48,0.3,271.5,29.975,1005.25,5.5,3
6/23/2026 15:30,21.35,60,0.6,277,30.05,1005.6,5,3
6/23/2026 15:45,18.725,72,0.9,282.5,30.125,1005.95,4.5,3
6/23/2026 16:00,16.1,84,1.2,288,30.2,1006.3,4,3
6/23/2026 16:15,16.45,82.75,0.9,287,29.5,1006.475,3.25,3
6/23/2026 16:30,16.8,81.5,0.6,286,28.8,1006.65,2.5,3
6/23/2026 16:45,17.15,80.25,0.3,285,28.1,1006.825,1.75,3
6/23/2026 17:00,17.5,79,0,284,27.4,1007,1,3
6/23/2026 17:15,17.6,75.25,0,284.5,26.125,1007.175,0.75,2.5
6/23/2026 17:30,17.7,71.5,0,285,24.85,1007.35,0.5,2
6/23/2026 17:45,17.8,67.75,0,285.5,23.575,1007.525,0.25,1.5
6/23/2026 18:00,17.9,64,0,286,22.3,1007.7,0,1
6/23/2026 18:15,17.8,62.25,0,286.5,22.225,1008.025,0,1
6/23/2026 18:30,17.7,60.5,0,287,22.15,1008.35,0,1
6/23/2026 18:45,17.6,58.75,0,287.5,22.075,1008.675,0,1
6/23/2026 19:00,17.5,57,0,288,22,1009,0,1
6/23/2026 19:15,17.275,57.75,0,286.75,21.45,1009.25,0,1
6/23/2026 19:30,17.05,58.5,0,285.5,20.9,1009.5,0,1
6/23/2026 19:45,16.825,59.25,0,284.25,20.35,1009.75,0,1
6/23/2026 20:00,16.6,60,0,283,19.8,1010,0,1
6/23/2026 20:15,16.625,59.75,0,283.25,20.25,1010.15,0,1
6/23/2026 20:30,16.65,59.5,0,283.5,20.7,1010.3,0,1
6/23/2026 20:45,16.675,59.25,0,283.75,21.15,1010.45,0,1
6/23/2026 21:00,16.7,59,0,284,21.6,1010.6,0,1
6/23/2026 21:15,16.7,58.75,0,282.25,20.8,1010.725,0,1
6/23/2026 21:30,16.7,58.5,0,280.5,20,1010.85,0,1
6/23/2026 21:45,16.7,58.25,0,278.75,19.2,1010.975,0,1
6/23/2026 22:00,16.7,58,0,277,18.4,1011.1,0,1
6/23/2026 22:15,16.6,57.75,0,275.25,18.3,1011.25,0,1
6/23/2026 22:30,16.5,57.5,0,273.5,18.2,1011.4,0,1
6/23/2026 22:45,16.4,57.25,0,271.75,18.1,1011.55,0,1
6/23/2026 23:00,16.3,57,0,270,18,1011.7,0,1
6/23/2026 23:15,16.175,57.75,0,268.25,17.725,1011.675,0,1
6/23/2026 23:30,16.05,58.5,0,266.5,17.45,1011.65,0,1
6/23/2026 23:45,15.925,59.25,0,264.75,17.175,1011.625,0,1
6/24/2026 0:00,15.8,60,0,263,16.9,1011.6,0,1
6/24/2026 0:15,15.75,59.5,0,258.5,16.725,1011.525,0.25,1
6/24/2026 0:30,15.7,59,0,254,16.55,1011.45,0.5,1
6/24/2026 0:45,15.65,58.5,0,249.5,16.375,1011.375,0.75,1
6/24/2026 5:00,15.6,58,0,245,16.2,1011.3,1,1
6/24/2026 5:15,15.85,57.5,0,245.5,16.925,1011.275,1.75,1.25
6/24/2026 5:30,16.1,57,0,246,17.65,1011.25,2.5,1.5
6/24/2026 5:45,16.35,56.5,0,246.5,18.375,1011.225,3.25,1.75
6/24/2026 6:00,16.6,56,0,247,19.1,1011.2,4,2
6/24/2026 6:15,16.725,55.25,0,248,19.825,1011.2,3.25,2.25
6/24/2026 6:30,16.85,54.5,0,249,20.55,1011.2,2.5,2.5
6/24/2026 6:45,16.975,53.75,0,250,21.275,1011.2,1.75,2.75
6/24/2026 7:00,17.1,53,0,251,22,1011.2,1,3
6/24/2026 7:15,17.55,52.25,0,253.75,23.15,1011.1,1.5,2.75
6/24/2026 7:30,18,51.5,0,256.5,24.3,1011,2,2.5
6/24/2026 7:45,18.45,50.75,0,259.25,25.45,1010.9,2.5,2.25
6/24/2026 8:00,18.9,50,0,262,26.6,1010.8,3,2
6/24/2026 8:15,19.05,49,0,262.5,27.6,1010.75,4.25,2.25
6/24/2026 8:30,19.2,48,0,263,28.6,1010.7,5.5,2.5
6/24/2026 8:45,19.35,47,0,263.5,29.6,1010.65,6.75,2.75
6/24/2026 9:00,19.5,46,0,264,30.6,1010.6,8,3
6/24/2026 9:15,19.575,46,0,262,29.8,1010.625,8,3
6/24/2026 9:30,19.65,46,0,260,29,1010.65,8,3
6/24/2026 9:45,19.725,46,0,258,28.2,1010.675,8,3
6/24/2026 10:00,19.8,46,0,256,27.4,1010.7,8,3
6/24/2026 10:15,20.125,45.25,0,256.5,27.025,1010.65,8,3
6/24/2026 10:30,20.45,44.5,0,257,26.65,1010.6,8,3
6/24/2026 10:45,20.775,43.75,0,257.5,26.275,1010.55,8,3
6/24/2026 11:00,21.1,43,0,258,25.9,1010.5,8,3
6/24/2026 11:15,20.25,47.5,0.05,259.25,26.45,1010.425,8,3
6/24/2026 11:30,19.4,52,0.1,260.5,27,1010.35,8,3
6/24/2026 11:45,18.55,56.5,0.15,261.75,27.55,1010.275,8,3
6/24/2026 12:00,17.7,61,0.2,263,28.1,1010.2,8,3
6/24/2026 12:15,18.175,60,0.2,266.5,26.65,1010.225,8,3
6/24/2026 12:30,18.65,59,0.2,270,25.2,1010.25,8,3
6/24/2026 12:45,19.125,58,0.2,273.5,23.75,1010.275,8,3
6/24/2026 13:00,19.6,57,0.2,277,22.3,1010.3,8,3
6/24/2026 13:15,19.95,55.5,0.15,273.25,22.025,1010.2,8,3
6/24/2026 13:30,20.3,54,0.1,269.5,21.75,1010.1,8,3
6/24/2026 13:45,20.65,52.5,0.05,265.75,21.475,1010,8,3
6/24/2026 14:00,21,51,0,262,21.2,1009.9,8,3
6/24/2026 14:15,21.15,48.75,0,265.25,21.65,1009.8,6.5,3
6/24/2026 14:30,21.3,46.5,0,268.5,22.1,1009.7,5,3
6/24/2026 14:45,21.45,44.25,0,271.75,22.55,1009.6,3.5,3
6/24/2026 15:00,21.6,42,0,275,23,1009.5,2,3
6/24/2026 15:15,21.725,42.25,0,274.5,22.75,1009.425,3.25,2.75
6/24/2026 15:30,21.85,42.5,0,274,22.5,1009.35,4.5,2.5
6/24/2026 15:45,21.975,42.75,0,273.5,22.25,1009.275,5.75,2.25
6/24/2026 16:00,22.1,43,0,273,22,1009.2,7,2
6/24/2026 16:15,22.05,43.25,0,277,21.175,1009.3,7,3.75
6/24/2026 16:30,22,43.5,0,281,20.35,1009.4,7,5.5
6/24/2026 16:45,21.95,43.75,0,285,19.525,1009.5,7,7.25
6/24/2026 17:00,21.9,44,0,289,18.7,1009.6,7,9
6/24/2026 17:15,21.775,44.75,0,280.5,16.45,1009.575,6.5,8.5
6/24/2026 17:30,21.65,45.5,0,272,14.2,1009.55,6,8
6/24/2026 17:45,21.525,46.25,0,263.5,11.95,1009.525,5.5,7.5
6/24/2026 18:00,21.4,47,0,255,9.7,1009.5,5,7
6/24/2026 18:15,21.1,48.75,0,255,9.25,1009.45,4.25,6
6/24/2026 18:30,20.8,50.5,0,255,8.8,1009.4,3.5,5
6/24/2026 18:45,20.5,52.25,0,255,8.35,1009.35,2.75,4
6/24/2026 19:00,20.2,54,0,255,7.9,1009.3,2,3
6/24/2026 19:15,20.075,54.5,0,247,7.9,1009.275,3,2.75
6/24/2026 19:30,19.95,55,0,239,7.9,1009.25,4,2.5
6/24/2026 19:45,19.825,55.5,0,231,7.9,1009.225,5,2.25
6/24/2026 20:00,19.7,56,0,223,7.9,1009.2,6,2
6/24/2026 20:15,19.65,56.5,0,219,8.625,1009.125,6.5,2.25
6/24/2026 20:30,19.6,57,0,215,9.35,1009.05,7,2.5
6/24/2026 20:45,19.55,57.5,0,211,10.075,1008.975,7.5,2.75
6/24/2026 21:00,19.5,58,0,207,10.8,1008.9,8,3
6/24/2026 21:15,19.375,59.75,0,211,11.525,1008.85,8,3
6/24/2026 21:30,19.25,61.5,0,215,12.25,1008.8,8,3
6/24/2026 21:45,19.125,63.25,0,219,12.975,1008.75,8,3
6/24/2026 22:00,19,65,0,223,13.7,1008.7,8,3
6/24/2026 22:15,18.975,65.5,0,227.25,14.5,1008.65,8,3
6/24/2026 22:30,18.95,66,0,231.5,15.3,1008.6,8,3
6/24/2026 22:45,18.925,66.5,0,235.75,16.1,1008.55,8,3
6/24/2026 23:00,18.9,67,0,240,16.9,1008.5,8,3
6/24/2026 23:15,18.85,67.75,0,243.75,17.35,1008.65,8,3
6/24/2026 23:30,18.8,68.5,0,247.5,17.8,1008.8,8,3
6/24/2026 23:45,18.75,69.25,0,251.25,18.25,1008.95,8,3
6/25/2026 0:00,18.7,70,0,255,18.7,1009.1,8,3
6/25/2026 0:15,18.25,75.75,0.025,254.75,17.8,1009.05,8,4
6/25/2026 0:30,17.8,81.5,0.05,254.5,16.9,1009,8,5
6/25/2026 0:45,17.35,87.25,0.075,254.25,16,1008.95,8,6
6/25/2026 5:00,16.9,93,0.1,254,15.1,1008.9,8,7
6/25/2026 5:15,16.925,93,0.175,254,15.55,1009,8,7.25
6/25/2026 5:30,16.95,93,0.25,254,16,1009.1,8,7.5
6/25/2026 5:45,16.975,93,0.325,254,16.45,1009.2,8,7.75
6/25/2026 6:00,17,93,0.4,254,16.9,1009.3,8,8
6/25/2026 6:15,17.25,92.25,0.325,253.5,17.45,1009.325,8,8
6/25/2026 6:30,17.5,91.5,0.25,253,18,1009.35,8,8
6/25/2026 6:45,17.75,90.75,0.175,252.5,18.55,1009.375,8,8
6/25/2026 7:00,18,90,0.1,252,19.1,1009.4,8,8
6/25/2026 7:15,18.275,88.5,0.075,254.25,18.725,1009.45,8,7.75
6/25/2026 7:30,18.55,87,0.05,256.5,18.35,1009.5,8,7.5
6/25/2026 7:45,18.825,85.5,0.025,258.75,17.975,1009.55,8,7.25
6/25/2026 8:00,19.1,84,0,261,17.6,1009.6,8,7
6/25/2026 8:15,19.225,83.25,0.05,263.75,18.7,1009.6,6.5,6
6/25/2026 8:30,19.35,82.5,0.1,266.5,19.8,1009.6,5,5
6/25/2026 8:45,19.475,81.75,0.15,269.25,20.9,1009.6,3.5,4
6/25/2026 9:00,19.6,81,0.2,272,22,1009.6,2,3
6/25/2026 9:15,20.2,78,0.15,272.5,21.9,1009.625,2.25,2.75
6/25/2026 9:30,20.8,75,0.1,273,21.8,1009.65,2.5,2.5
6/25/2026 9:45,21.4,72,0.05,273.5,21.7,1009.675,2.75,2.25
6/25/2026 10:00,22,69,0,274,21.6,1009.7,3,2
6/25/2026 10:15,22.05,68,0,275,22.15,1009.675,4.25,5.75
6/25/2026 10:30,22.1,67,0,276,22.7,1009.65,5.5,9.5
6/25/2026 10:45,22.15,66,0,277,23.25,1009.625,6.75,13.25
6/25/2026 11:00,22.2,65,0,278,23.8,1009.6,8,17
6/25/2026 11:15,22.5,65,0.1,281.75,22.975,1009.675,7.75,14.5
6/25/2026 11:30,22.8,65,0.2,285.5,22.15,1009.75,7.5,12
6/25/2026 11:45,23.1,65,0.3,289.25,21.325,1009.825,7.25,9.5
6/25/2026 12:00,23.4,65,0.4,293,20.5,1009.9,7,7
6/25/2026 12:15,23.825,62.25,0.3,289.75,21.325,1009.925,7,6
6/25/2026 12:30,24.25,59.5,0.2,286.5,22.15,1009.95,7,5
6/25/2026 12:45,24.675,56.75,0.1,283.25,22.975,1009.975,7,4
6/25/2026 13:00,25.1,54,0,280,23.8,1010,7,3
6/25/2026 13:15,24.95,53.75,0,282.75,24.15,1010.175,6,4.25
6/25/2026 13:30,24.8,53.5,0,285.5,24.5,1010.35,5,5.5
6/25/2026 13:45,24.65,53.25,0,288.25,24.85,1010.525,4,6.75
6/25/2026 14:00,24.5,53,0,291,25.2,1010.7,3,8
6/25/2026 14:15,24.75,52.5,0,290.5,24.75,1010.725,2.5,10.25
6/25/2026 14:30,25,52,0,290,24.3,1010.75,2,12.5
6/25/2026 14:45,25.25,51.5,0,289.5,23.85,1010.775,1.5,14.75
6/25/2026 15:00,25.5,51,0,289,23.4,1010.8,1,17
6/25/2026 15:15,25.175,52,0,289.25,23.05,1010.85,1,13
6/25/2026 15:30,24.85,53,0,289.5,22.7,1010.9,1,9
6/25/2026 15:45,24.525,54,0,289.75,22.35,1010.95,1,5
6/25/2026 16:00,24.2,55,0,290,22,1011,1,1
6/25/2026 16:15,24.175,55,0,292.75,21.55,1011.05,1.25,1.25
6/25/2026 16:30,24.15,55,0,295.5,21.1,1011.1,1.5,1.5
6/25/2026 16:45,24.125,55,0,298.25,20.65,1011.15,1.75,1.75
6/25/2026 17:00,24.1,55,0,301,20.2,1011.2,2,2
6/25/2026 17:15,23.925,55,0,302.5,19.1,1011.375,1.75,2
6/25/2026 17:30,23.75,55,0,304,18,1011.55,1.5,2
6/25/2026 17:45,23.575,55,0,305.5,16.9,1011.725,1.25,2
6/25/2026 18:00,23.4,55,0,307,15.8,1011.9,1,2
6/25/2026 18:15,23.15,55.5,0,307.25,14.725,1011.95,1.5,2
6/25/2026 18:30,22.9,56,0,307.5,13.65,1012,2,2
6/25/2026 18:45,22.65,56.5,0,307.75,12.575,1012.05,2.5,2
6/25/2026 19:00,22.4,57,0,308,11.5,1012.1,3,2
6/25/2026 19:15,22.125,58,0,310,10.975,1012.25,2.25,2.25
6/25/2026 19:30,21.85,59,0,312,10.45,1012.4,1.5,2.5
6/25/2026 19:45,21.575,60,0,314,9.925,1012.55,0.75,2.75
6/25/2026 20:00,21.3,61,0,316,9.4,1012.7,0,3
6/25/2026 20:15,20.875,62.25,0,313.5,8.85,1012.85,1.5,2.5
6/25/2026 20:30,20.45,63.5,0,311,8.3,1013,3,2
6/25/2026 20:45,20.025,64.75,0,308.5,7.75,1013.15,4.5,1.5
6/25/2026 21:00,19.6,66,0,306,7.2,1013.3,6,1
6/25/2026 21:15,19.2,67.75,0,307.75,7.025,1013.375,6.25,1.5
6/25/2026 21:30,18.8,69.5,0,309.5,6.85,1013.45,6.5,2
6/25/2026 21:45,18.4,71.25,0,311.25,6.675,1013.525,6.75,2.5
6/25/2026 22:00,18,73,0,313,6.5,1013.6,7,3
6/25/2026 22:15,17.775,73.25,0,317,6.225,1013.675,6.25,3
6/25/2026 22:30,17.55,73.5,0,321,5.95,1013.75,5.5,3
6/25/2026 22:45,17.325,73.75,0,325,5.675,1013.825,4.75,3
6/25/2026 23:00,17.1,74,0,329,5.4,1013.9,4,3
6/25/2026 23:15,16.725,75.75,0,253.25,5.4,1013.975,3.25,3
6/25/2026 23:30,16.35,77.5,0,177.5,5.4,1014.05,2.5,3
6/25/2026 23:45,15.975,79.25,0,101.75,5.4,1014.125,1.75,3
6/26/2026 0:00,15.6,81,0,26,5.4,1014.2,1,3
6/26/2026 0:15,15.925,79,0,51.75,5.675,1014.15,2.5,3
6/26/2026 0:30,16.25,77,0,77.5,5.95,1014.1,4,3
6/26/2026 0:45,16.575,75,0,103.25,6.225,1014.05,5.5,3
6/26/2026 5:00,16.9,73,0,129,6.5,1014,7,3
6/26/2026 5:15,17.55,70.75,0,127,6.575,1013.925,7,3
6/26/2026 5:30,18.2,68.5,0,125,6.65,1013.85,7,3
6/26/2026 5:45,18.85,66.25,0,123,6.725,1013.775,7,3
6/26/2026 6:00,19.5,64,0,121,6.8,1013.7,7,3
6/26/2026 6:15,20.1,62,0,127.75,7.175,1013.7,5.75,3
6/26/2026 6:30,20.7,60,0,134.5,7.55,1013.7,4.5,3
6/26/2026 6:45,21.3,58,0,141.25,7.925,1013.7,3.25,3
6/26/2026 7:00,21.9,56,0,148,8.3,1013.7,2,3
6/26/2026 7:15,22.25,54.25,0,152,8.2,1013.625,3.5,2.75
6/26/2026 7:30,22.6,52.5,0,156,8.1,1013.55,5,2.5
6/26/2026 7:45,22.95,50.75,0,160,8,1013.475,6.5,2.25
6/26/2026 8:00,23.3,49,0,164,7.9,1013.4,8,2
6/26/2026 8:15,23.45,49.5,0,156.75,7.625,1013.225,8,2.25
6/26/2026 8:30,23.6,50,0,149.5,7.35,1013.05,8,2.5
6/26/2026 8:45,23.75,50.5,0,142.25,7.075,1012.875,8,2.75
6/26/2026 9:00,23.9,51,0,135,6.8,1012.7,8,3
6/26/2026 9:15,24.075,51,0,139,7.25,1012.625,8,3
6/26/2026 9:30,24.25,51,0,143,7.7,1012.55,8,3
6/26/2026 9:45,24.425,51,0,147,8.15,1012.475,8,3
6/26/2026 10:00,24.6,51,0,151,8.6,1012.4,8,3
6/26/2026 10:15,24.925,50.5,0,144.25,8.425,1012.15,7.25,3
6/26/2026 10:30,25.25,50,0,137.5,8.25,1011.9,6.5,3
6/26/2026 10:45,25.575,49.5,0,130.75,8.075,1011.65,5.75,3
6/26/2026 11:00,25.9,49,0,124,7.9,1011.4,5,3
6/26/2026 11:15,26.375,48,0,124.25,8.525,1011.175,4.75,3
6/26/2026 11:30,26.85,47,0,124.5,9.15,1010.95,4.5,3
6/26/2026 11:45,27.325,46,0,124.75,9.775,1010.725,4.25,3
6/26/2026 12:00,27.8,45,0,125,10.4,1010.5,4,3
6/26/2026 12:15,28.35,44,0,128.5,10.6,1010.35,4.75,3
6/26/2026 12:30,28.9,43,0,132,10.8,1010.2,5.5,3
6/26/2026 12:45,29.45,42,0,135.5,11,1010.05,6.25,3
6/26/2026 13:00,30,41,0,139,11.2,1009.9,7,3
6/26/2026 13:15,30.225,40.25,0,145.75,11.375,1009.6,7.25,3
6/26/2026 13:30,30.45,39.5,0,152.5,11.55,1009.3,7.5,3
6/26/2026 13:45,30.675,38.75,0,159.25,11.725,1009,7.75,3
6/26/2026 14:00,30.9,38,0,166,11.9,1008.7,8,3
6/26/2026 14:15,30.975,37.75,0,179.5,13.525,1008.725,7.75,3
6/26/2026 14:30,31.05,37.5,0,193,15.15,1008.75,7.5,3
6/26/2026 14:45,31.125,37.25,0,206.5,16.775,1008.775,7.25,3
6/26/2026 15:00,31.2,37,0,220,18.4,1008.8,7,3
6/26/2026 15:15,31.425,36.5,0,223,18.75,1008.625,7.25,3
6/26/2026 15:30,31.65,36,0,226,19.1,1008.45,7.5,3
6/26/2026 15:45,31.875,35.5,0,229,19.45,1008.275,7.75,3
6/26/2026 16:00,32.1,35,0,232,19.8,1008.1,8,3
6/26/2026 16:15,28.95,50,1.125,239.5,20.075,1008.55,8,4.5
6/26/2026 16:30,25.8,65,2.25,247,20.35,1009,8,6
6/26/2026 16:45,22.65,80,3.375,254.5,20.625,1009.45,8,7.5
6/26/2026 17:00,19.5,95,4.5,262,20.9,1009.9,8,9
6/26/2026 17:15,19.775,92.5,3.375,253.75,18.65,1009.825,7.25,8.5
6/26/2026 17:30,20.05,90,2.25,245.5,16.4,1009.75,6.5,8
6/26/2026 17:45,20.325,87.5,1.125,237.25,14.15,1009.675,5.75,7.5
6/26/2026 18:00,20.6,85,0,229,11.9,1009.6,5,7
6/26/2026 18:15,20.95,81.75,0,237.75,14.325,1010,5.75,6
6/26/2026 18:30,21.3,78.5,0,246.5,16.75,1010.4,6.5,5
6/26/2026 18:45,21.65,75.25,0,255.25,19.175,1010.8,7.25,4
6/26/2026 19:00,22,72,0,264,21.6,1011.2,8,3
6/26/2026 19:15,21.8,74,0,263.25,21.25,1011.4,6.5,3
6/26/2026 19:30,21.6,76,0,262.5,20.9,1011.6,5,3
6/26/2026 19:45,21.4,78,0,261.75,20.55,1011.8,3.5,3
6/26/2026 20:00,21.2,80,0,261,20.2,1012,2,3
6/26/2026 20:15,21.15,80.75,0,263.25,20.275,1012.2,2,2.75
6/26/2026 20:30,21.1,81.5,0,265.5,20.35,1012.4,2,2.5
6/26/2026 20:45,21.05,82.25,0,267.75,20.425,1012.6,2,2.25
6/26/2026 21:00,21,83,0,270,20.5,1012.8,2,2
6/26/2026 21:15,20.95,82.75,0,270.25,20.5,1012.925,2.5,2
6/26/2026 21:30,20.9,82.5,0,270.5,20.5,1013.05,3,2
6/26/2026 21:45,20.85,82.25,0,270.75,20.5,1013.175,3.5,2
6/26/2026 22:00,20.8,82,0,271,20.5,1013.3,4,2
6/26/2026 22:15,20.775,81.25,0,270.25,20.05,1013.375,3.75,2.25
6/26/2026 22:30,20.75,80.5,0,269.5,19.6,1013.45,3.5,2.5
6/26/2026 22:45,20.725,79.75,0,268.75,19.15,1013.525,3.25,2.75
6/26/2026 23:00,20.7,79,0,268,18.7,1013.6,3,3
6/26/2026 23:15,20.65,79,0,268.25,18.425,1013.725,4.25,3
6/26/2026 23:30,20.6,79,0,268.5,18.15,1013.85,5.5,3
6/26/2026 23:45,20.55,79,0,268.75,17.875,1013.975,6.75,3
6/27/2026 0:00,20.5,79,0,269,17.6,1014.1,8,3
6/27/2026 0:15,20.375,78.5,0,264.25,17.075,1014.325,8,3
6/27/2026 0:30,20.25,78,0,259.5,16.55,1014.55,8,3
6/27/2026 0:45,20.125,77.5,0,254.75,16.025,1014.775,8,3
6/27/2026 5:00,20,77,0,250,15.5,1015,8,3
6/27/2026 5:15,20.05,76.75,0,251.25,16.4,1015.1,8,3
6/27/2026 5:30,20.1,76.5,0,252.5,17.3,1015.2,8,3
6/27/2026 5:45,20.15,76.25,0,253.75,18.2,1015.3,8,3
6/27/2026 6:00,20.2,76,0,255,19.1,1015.4,8,3
6/27/2026 6:15,20.275,75.5,0,260.25,20.175,1015.525,7.75,4
6/27/2026 6:30,20.35,75,0,265.5,21.25,1015.65,7.5,5
6/27/2026 6:45,20.425,74.5,0,270.75,22.325,1015.775,7.25,6
6/27/2026 7:00,20.5,74,0,276,23.4,1015.9,7,7
6/27/2026 7:15,20.875,70,0,277,23.225,1015.95,7.25,6
6/27/2026 7:30,21.25,66,0,278,23.05,1016,7.5,5
6/27/2026 7:45,21.625,62,0,279,22.875,1016.05,7.75,4
6/27/2026 8:00,22,58,0,280,22.7,1016.1,8,3
6/27/2026 8:15,21.9,58,0,279.75,23.225,1016.225,8,3
6/27/2026 8:30,21.8,58,0,279.5,23.75,1016.35,8,3
6/27/2026 8:45,21.7,58,0,279.25,24.275,1016.475,8,3
6/27/2026 9:00,21.6,58,0,279,24.8,1016.6,8,3
6/27/2026 9:15,21.375,57,0,280,25.35,1016.85,8,3
6/27/2026 9:30,21.15,56,0,281,25.9,1017.1,8,3
6/27/2026 9:45,20.925,55,0,282,26.45,1017.35,8,3
6/27/2026 10:00,20.7,54,0,283,27,1017.6,8,3
6/27/2026 10:15,20.025,59,0.025,283,26.45,1017.85,8,4
6/27/2026 10:30,19.35,64,0.05,283,25.9,1018.1,8,5
6/27/2026 10:45,18.675,69,0.075,283,25.35,1018.35,8,6
6/27/2026 11:00,18,74,0.1,283,24.8,1018.6,8,7
6/27/2026 11:15,18,75,0.275,283.75,23.825,1018.75,8,7.25
6/27/2026 11:30,18,76,0.45,284.5,22.85,1018.9,8,7.5
6/27/2026 11:45,18,77,0.625,285.25,21.875,1019.05,8,7.75
6/27/2026 12:00,18,78,0.8,286,20.9,1019.2,8,8
6/27/2026 12:15,17.9,78,0.6,287.25,20.075,1019.225,6.75,6.75
6/27/2026 12:30,17.8,78,0.4,288.5,19.25,1019.25,5.5,5.5
6/27/2026 12:45,17.7,78,0.2,289.75,18.425,1019.275,4.25,4.25
6/27/2026 13:00,17.6,78,0,291,17.6,1019.3,3,3
6/27/2026 13:15,17.5,76.5,0,290.25,17.975,1019.275,2.5,2.75
6/27/2026 13:30,17.4,75,0,289.5,18.35,1019.25,2,2.5
6/27/2026 13:45,17.3,73.5,0,288.75,18.725,1019.225,1.5,2.25
6/27/2026 14:00,17.2,72,0,288,19.1,1019.2,1,2
6/27/2026 14:15,17.575,70.25,0,289.5,20.525,1019.25,2.75,2
6/27/2026 14:30,17.95,68.5,0,291,21.95,1019.3,4.5,2
6/27/2026 14:45,18.325,66.75,0,292.5,23.375,1019.35,6.25,2
6/27/2026 15:00,18.7,65,0,294,24.8,1019.4,8,2
6/27/2026 15:15,18.675,64.75,0,294.5,24.1,1019.475,8,2.25
6/27/2026 15:30,18.65,64.5,0,295,23.4,1019.55,8,2.5
6/27/2026 15:45,18.625,64.25,0,295.5,22.7,1019.625,8,2.75
6/27/2026 16:00,18.6,64,0,296,22,1019.7,8,3
6/27/2026 16:15,18.6,64,0,296,21.625,1019.8,8,3
6/27/2026 16:30,18.6,64,0,296,21.25,1019.9,8,3
6/27/2026 16:45,18.6,64,0,296,20.875,1020,8,3
6/27/2026 17:00,18.6,64,0,296,20.5,1020.1,8,3
6/27/2026 17:15,18.625,63.25,0,296,19.525,1020.225,8,3
6/27/2026 17:30,18.65,62.5,0,296,18.55,1020.35,8,3
6/27/2026 17:45,18.675,61.75,0,296,17.575,1020.475,8,3
6/27/2026 18:00,18.7,61,0,296,16.6,1020.6,8,3
6/27/2026 18:15,18.55,61.5,0,295,15.775,1020.8,8,3
6/27/2026 18:30,18.4,62,0,294,14.95,1021,8,3
6/27/2026 18:45,18.25,62.5,0,293,14.125,1021.2,8,3
6/27/2026 19:00,18.1,63,0,292,13.3,1021.4,8,3
6/27/2026 19:15,18.025,63.25,0,290.5,12.85,1021.5,8,3
6/27/2026 19:30,17.95,63.5,0,289,12.4,1021.6,8,3
6/27/2026 19:45,17.875,63.75,0,287.5,11.95,1021.7,8,3
6/27/2026 20:00,17.8,64,0,286,11.5,1021.8,8,3
6/27/2026 20:15,17.575,65.25,0,283.5,11.05,1021.875,8,3
6/27/2026 20:30,17.35,66.5,0,281,10.6,1021.95,8,3
6/27/2026 20:45,17.125,67.75,0,278.5,10.15,1022.025,8,3
6/27/2026 21:00,16.9,69,0,276,9.7,1022.1,8,3
6/27/2026 21:15,16.825,69.25,0,273.75,9.975,1022.175,8,3
6/27/2026 21:30,16.75,69.5,0,271.5,10.25,1022.25,8,3
6/27/2026 21:45,16.675,69.75,0,269.25,10.525,1022.325,8,3
6/27/2026 22:00,16.6,70,0,267,10.8,1022.4,8,3
6/27/2026 22:15,16.45,70.75,0,268.25,10.7,1022.5,7.75,3
6/27/2026 22:30,16.3,71.5,0,269.5,10.6,1022.6,7.5,3
6/27/2026 22:45,16.15,72.25,0,270.75,10.5,1022.7,7.25,3
6/27/2026 23:00,16,73,0,272,10.4,1022.8,7,3
6/27/2026 23:15,15.475,76,0,268.75,9.95,1022.825,5.75,3
6/27/2026 23:30,14.95,79,0,265.5,9.5,1022.85,4.5,3
6/27/2026 23:45,14.425,82,0,262.25,9.05,1022.875,3.25,3
6/28/2026 0:00,13.9,85,0,259,8.6,1022.9,2,3
6/28/2026 0:15,14.45,84.25,0,248.25,8.975,1022.875,3.5,3
6/28/2026 0:30,15,83.5,0,237.5,9.35,1022.85,5,3
6/28/2026 0:45,15.55,82.75,0,226.75,9.725,1022.825,6.5,3
6/28/2026 5:00,16.1,82,0,216,10.1,1022.8,8,3
6/28/2026 5:15,16.7,79,0,216.75,10.375,1022.725,7,3
6/28/2026 5:30,17.3,76,0,217.5,10.65,1022.65,6,3
6/28/2026 5:45,17.9,73,0,218.25,10.925,1022.575,5,3
6/28/2026 6:00,18.5,70,0,219,11.2,1022.5,4,3
6/28/2026 6:15,18.7,68.75,0,220.75,11.55,1022.475,3.25,3
6/28/2026 6:30,18.9,67.5,0,222.5,11.9,1022.45,2.5,3
6/28/2026 6:45,19.1,66.25,0,224.25,12.25,1022.425,1.75,3
6/28/2026 7:00,19.3,65,0,226,12.6,1022.4,1,3
6/28/2026 7:15,19.675,63.75,0,228.5,12.875,1022.325,0.75,2.5
6/28/2026 7:30,20.05,62.5,0,231,13.15,1022.25,0.5,2
6/28/2026 7:45,20.425,61.25,0,233.5,13.425,1022.175,0.25,1.5
6/28/2026 8:00,20.8,60,0,236,13.7,1022.1,0,1
6/28/2026 8:15,21.375,59.75,0,242.5,15.05,1022,1.5,1
6/28/2026 8:30,21.95,59.5,0,249,16.4,1021.9,3,1
6/28/2026 8:45,22.525,59.25,0,255.5,17.75,1021.8,4.5,1
6/28/2026 9:00,23.1,59,0,262,19.1,1021.7,6,1
6/28/2026 9:15,23.55,57.75,0,262.75,19.175,1021.65,6.5,1.5
6/28/2026 9:30,24,56.5,0,263.5,19.25,1021.6,7,2
6/28/2026 9:45,24.45,55.25,0,264.25,19.325,1021.55,7.5,2.5
6/28/2026 10:00,24.9,54,0,265,19.4,1021.5,8,3
6/28/2026 10:15,25.65,52.5,0,265.75,19.325,1021.425,8,3
6/28/2026 10:30,26.4,51,0,266.5,19.25,1021.35,8,3
6/28/2026 10:45,27.15,49.5,0,267.25,19.175,1021.275,8,3
6/28/2026 11:00,27.9,48,0,268,19.1,1021.2,8,3
6/28/2026 11:15,28,46.75,0,269.25,18.825,1021.175,8,3
6/28/2026 11:30,28.1,45.5,0,270.5,18.55,1021.15,8,3
6/28/2026 11:45,28.2,44.25,0,271.75,18.275,1021.125,8,3
6/28/2026 12:00,28.3,43,0,273,18,1021.1,8,3
6/28/2026 12:15,28.425,42.75,0,273.75,18,1021.025,8,3
6/28/2026 12:30,28.55,42.5,0,274.5,18,1020.95,8,3
6/28/2026 12:45,28.675,42.25,0,275.25,18,1020.875,8,3
6/28/2026 13:00,28.8,42,0,276,18,1020.8,8,3
6/28/2026 13:15,28.875,42.25,0,276.25,18.275,1020.775,7.25,3
6/28/2026 13:30,28.95,42.5,0,276.5,18.55,1020.75,6.5,3
6/28/2026 13:45,29.025,42.75,0,276.75,18.825,1020.725,5.75,3
6/28/2026 14:00,29.1,43,0,277,19.1,1020.7,5,3
6/28/2026 14:15,29.075,42.75,0,277,19.175,1020.625,5.5,3
6/28/2026 14:30,29.05,42.5,0,277,19.25,1020.55,6,3
6/28/2026 14:45,29.025,42.25,0,277,19.325,1020.475,6.5,3
6/28/2026 15:00,29,42,0,277,19.4,1020.4,7,3
6/28/2026 15:15,28.725,43.25,0,278.25,19.15,1020.425,6.5,3
6/28/2026 15:30,28.45,44.5,0,279.5,18.9,1020.45,6,3
6/28/2026 15:45,28.175,45.75,0,280.75,18.65,1020.475,5.5,3
6/28/2026 16:00,27.9,47,0,282,18.4,1020.5,5,3
6/28/2026 16:15,27.7,48.25,0,283.75,17.95,1020.5,5.75,3
6/28/2026 16:30,27.5,49.5,0,285.5,17.5,1020.5,6.5,3
6/28/2026 16:45,27.3,50.75,0,287.25,17.05,1020.5,7.25,3
6/28/2026 17:00,27.1,52,0,289,16.6,1020.5,8,3
6/28/2026 17:15,26.925,52.75,0,289.25,16.225,1020.475,6.25,3
6/28/2026 17:30,26.75,53.5,0,289.5,15.85,1020.45,4.5,3
6/28/2026 17:45,26.575,54.25,0,289.75,15.475,1020.425,2.75,3
6/28/2026 18:00,26.4,55,0,290,15.1,1020.4,1,3
6/28/2026 18:15,26.175,56.25,0,289.75,14.75,1020.5,2.75,2.75
6/28/2026 18:30,25.95,57.5,0,289.5,14.4,1020.6,4.5,2.5
6/28/2026 18:45,25.725,58.75,0,289.25,14.05,1020.7,6.25,2.25
6/28/2026 19:00,25.5,60,0,289,13.7,1020.8,8,2
6/28/2026 19:15,25.45,60.5,0,287.5,13.525,1020.85,6.5,2.25
6/28/2026 19:30,25.4,61,0,286,13.35,1020.9,5,2.5
6/28/2026 19:45,25.35,61.5,0,284.5,13.175,1020.95,3.5,2.75
6/28/2026 20:00,25.3,62,0,283,13,1021,2,3
6/28/2026 20:15,25.175,62.75,0,283,13.35,1021.075,2.75,2.75
6/28/2026 20:30,25.05,63.5,0,283,13.7,1021.15,3.5,2.5
6/28/2026 20:45,24.925,64.25,0,283,14.05,1021.225,4.25,2.25
6/28/2026 21:00,24.8,65,0,283,14.4,1021.3,5,2
6/28/2026 21:15,24.6,66,0,284.75,14.5,1021.325,4.25,2.25
6/28/2026 21:30,24.4,67,0,286.5,14.6,1021.35,3.5,2.5
6/28/2026 21:45,24.2,68,0,288.25,14.7,1021.375,2.75,2.75
6/28/2026 22:00,24,69,0,290,14.8,1021.4,2,3
6/28/2026 22:15,23.825,69.75,0,290,14.525,1021.4,1.75,2.75
6/28/2026 22:30,23.65,70.5,0,290,14.25,1021.4,1.5,2.5
6/28/2026 22:45,23.475,71.25,0,290,13.975,1021.4,1.25,2.25
6/28/2026 23:00,23.3,72,0,290,13.7,1021.4,1,2
6/28/2026 23:15,23.25,72.25,0,289.75,13.525,1021.4,0.75,2
6/28/2026 23:30,23.2,72.5,0,289.5,13.35,1021.4,0.5,2
6/28/2026 23:45,23.15,72.75,0,289.25,13.175,1021.4,0.25,2
6/29/2026 0:00,23.1,73,0,289,13,1021.4,0,2
6/29/2026 0:15,22.775,74.25,0,282.75,13.075,1021.275,0.5,1.75
6/29/2026 0:30,22.45,75.5,0,276.5,13.15,1021.15,1,1.5
6/29/2026 0:45,22.125,76.75,0,270.25,13.225,1021.025,1.5,1.25
6/29/2026 5:00,21.8,78,0,264,13.3,1020.9,2,1
6/29/2026 5:15,22.125,76.25,0,265.25,14.2,1020.875,2,1.25
6/29/2026 5:30,22.45,74.5,0,266.5,15.1,1020.85,2,1.5
6/29/2026 5:45,22.775,72.75,0,267.75,16,1020.825,2,1.75
6/29/2026 6:00,23.1,71,0,269,16.9,1020.8,2,2
6/29/2026 6:15,23.325,70,0,271.75,17.175,1020.825,2.25,2
6/29/2026 6:30,23.55,69,0,274.5,17.45,1020.85,2.5,2
6/29/2026 6:45,23.775,68,0,277.25,17.725,1020.875,2.75,2
6/29/2026 7:00,24,67,0,280,18,1020.9,3,2
6/29/2026 7:15,24.25,66,0,279.75,18.1,1020.85,2.75,5.75
6/29/2026 7:30,24.5,65,0,279.5,18.2,1020.8,2.5,9.5
6/29/2026 7:45,24.75,64,0,279.25,18.3,1020.75,2.25,13.25
6/29/2026 8:00,25,63,0,279,18.4,1020.7,2,17
6/29/2026 8:15,25.125,62.5,0,277.5,18.475,1020.625,1.75,17
6/29/2026 8:30,25.25,62,0,276,18.55,1020.55,1.5,17
6/29/2026 8:45,25.375,61.5,0,274.5,18.625,1020.475,1.25,17
6/29/2026 9:00,25.5,61,0,273,18.7,1020.4,1,17
6/29/2026 9:15,25.625,60.25,0,275.5,19.7,1020.3,1.5,17
6/29/2026 9:30,25.75,59.5,0,278,20.7,1020.2,2,17
6/29/2026 9:45,25.875,58.75,0,280.5,21.7,1020.1,2.5,17
6/29/2026 10:00,26,58,0,283,22.7,1020,3,17
6/29/2026 10:15,26.05,58,0,283.75,22.775,1019.925,3.25,17
6/29/2026 10:30,26.1,58,0,284.5,22.85,1019.85,3.5,17
6/29/2026 10:45,26.15,58,0,285.25,22.925,1019.775,3.75,17
6/29/2026 11:00,26.2,58,0,286,23,1019.7,4,17
6/29/2026 11:15,26.475,57.75,0,290,23.45,1019.75,4,17
6/29/2026 11:30,26.75,57.5,0,294,23.9,1019.8,4,17
6/29/2026 11:45,27.025,57.25,0,298,24.35,1019.85,4,17
6/29/2026 12:00,27.3,57,0,302,24.8,1019.9,4,17
6/29/2026 12:15,27.35,55.25,0,300.5,24.275,1019.825,3.5,13.5
6/29/2026 12:30,27.4,53.5,0,299,23.75,1019.75,3,10
6/29/2026 12:45,27.45,51.75,0,297.5,23.225,1019.675,2.5,6.5
6/29/2026 13:00,27.5,50,0,296,22.7,1019.6,2,3
6/29/2026 13:15,27.325,50.75,0,297.75,22.975,1019.525,2.5,2.75
6/29/2026 13:30,27.15,51.5,0,299.5,23.25,1019.45,3,2.5
6/29/2026 13:45,26.975,52.25,0,301.25,23.525,1019.375,3.5,2.25
6/29/2026 14:00,26.8,53,0,303,23.8,1019.3,4,2
6/29/2026 14:15,26.875,51.75,0,304.25,23.7,1019.25,4.25,2.25
6/29/2026 14:30,26.95,50.5,0,305.5,23.6,1019.2,4.5,2.5
6/29/2026 14:45,27.025,49.25,0,306.75,23.5,1019.15,4.75,2.75
6/29/2026 15:00,27.1,48,0,308,23.4,1019.1,5,3
6/29/2026 15:15,27.2,47.75,0,307.75,23.4,1019.125,5.25,3
6/29/2026 15:30,27.3,47.5,0,307.5,23.4,1019.15,5.5,3
6/29/2026 15:45,27.4,47.25,0,307.25,23.4,1019.175,5.75,3
6/29/2026 16:00,27.5,47,0,307,23.4,1019.2,6,3
6/29/2026 16:15,27.325,46.25,0,307.75,23.5,1019.25,6.5,3
6/29/2026 16:30,27.15,45.5,0,308.5,23.6,1019.3,7,3
6/29/2026 16:45,26.975,44.75,0,309.25,23.7,1019.35,7.5,3
6/29/2026 17:00,26.8,44,0,310,23.8,1019.4,8,3
6/29/2026 17:15,26.475,43.5,0,310,22.8,1019.525,8,3
6/29/2026 17:30,26.15,43,0,310,21.8,1019.65,8,3
6/29/2026 17:45,25.825,42.5,0,310,20.8,1019.775,8,3
6/29/2026 18:00,25.5,42,0,310,19.8,1019.9,8,3
6/29/2026 18:15,25.1,40.25,0,310.5,19.625,1019.95,8,3
6/29/2026 18:30,24.7,38.5,0,311,19.45,1020,8,3
6/29/2026 18:45,24.3,36.75,0,311.5,19.275,1020.05,8,3
6/29/2026 19:00,23.9,35,0,312,19.1,1020.1,8,3
6/29/2026 19:15,23.4,36.5,0,311.75,18.65,1020.25,8,3
6/29/2026 19:30,22.9,38,0,311.5,18.2,1020.4,8,3
6/29/2026 19:45,22.4,39.5,0,311.25,17.75,1020.55,8,3
6/29/2026 20:00,21.9,41,0,311,17.3,1020.7,8,3
6/29/2026 20:15,21.6,39.75,0,311.5,16.925,1020.85,8,3
6/29/2026 20:30,21.3,38.5,0,312,16.55,1021,8,3
6/29/2026 20:45,21,37.25,0,312.5,16.175,1021.15,8,3
6/29/2026 21:00,20.7,36,0,313,15.8,1021.3,8,3
6/29/2026 21:15,20.325,37,0,313,15.275,1021.425,7.75,3
6/29/2026 21:30,19.95,38,0,313,14.75,1021.55,7.5,3
6/29/2026 21:45,19.575,39,0,313,14.225,1021.675,7.25,3
6/29/2026 22:00,19.2,40,0,313,13.7,1021.8,7,3
6/29/2026 22:15,18.85,42.5,0,313.75,13.25,1021.875,7.25,3
6/29/2026 22:30,18.5,45,0,314.5,12.8,1021.95,7.5,3
6/29/2026 22:45,18.15,47.5,0,315.25,12.35,1022.025,7.75,3
6/29/2026 23:00,17.8,50,0,316,11.9,1022.1,8,3
6/29/2026 23:15,17.425,51.75,0,315.75,11.625,1022.125,8,3
6/29/2026 23:30,17.05,53.5,0,315.5,11.35,1022.15,8,3
6/29/2026 23:45,16.675,55.25,0,315.25,11.075,1022.175,8,3
6/30/2026 0:00,16.3,57,0,315,10.8,1022.2,8,3
6/30/2026 0:15,15.925,60.75,0,310.5,10.9,1022.25,6,2.5
6/30/2026 0:30,15.55,64.5,0,306,11,1022.3,4,2
6/30/2026 0:45,15.175,68.25,0,301.5,11.1,1022.35,2,1.5
6/30/2026 5:00,14.8,72,0,297,11.2,1022.4,0,1
6/30/2026 5:15,15.075,71,0,299,11.275,1022.45,0,1
6/30/2026 5:30,15.35,70,0,301,11.35,1022.5,0,1
6/30/2026 5:45,15.625,69,0,303,11.425,1022.55,0,1
6/30/2026 6:00,15.9,68,0,305,11.5,1022.6,0,1
6/30/2026 6:15,16.275,66.5,0,306.75,11.225,1022.65,0,1
6/30/2026 6:30,16.65,65,0,308.5,10.95,1022.7,0,1
6/30/2026 6:45,17.025,63.5,0,310.25,10.675,1022.75,0,1
6/30/2026 7:00,17.4,62,0,312,10.4,1022.8,0,1
6/30/2026 7:15,17.8,59.5,0,311.5,10.225,1022.75,0,1
6/30/2026 7:30,18.2,57,0,311,10.05,1022.7,0,1
6/30/2026 7:45,18.6,54.5,0,310.5,9.875,1022.65,0,1
6/30/2026 8:00,19,52,0,310,9.7,1022.6,0,1
6/30/2026 8:15,19.525,50,0,308.5,9.875,1022.55,0,1
6/30/2026 8:30,20.05,48,0,307,10.05,1022.5,0,1
6/30/2026 8:45,20.575,46,0,305.5,10.225,1022.45,0,1
6/30/2026 9:00,21.1,44,0,304,10.4,1022.4,0,1
6/30/2026 9:15,21.625,42.5,0,305.25,10.5,1022.425,0,1
6/30/2026 9:30,22.15,41,0,306.5,10.6,1022.45,0,1
6/30/2026 9:45,22.675,39.5,0,307.75,10.7,1022.475,0,1
6/30/2026 10:00,23.2,38,0,309,10.8,1022.5,0,1
6/30/2026 10:15,23.35,36.75,0,310.75,10.975,1022.425,0,1
6/30/2026 10:30,23.5,35.5,0,312.5,11.15,1022.35,0,1
6/30/2026 10:45,23.65,34.25,0,314.25,11.325,1022.275,0,1
6/30/2026 11:00,23.8,33,0,316,11.5,1022.2,0,1
6/30/2026 11:15,23.975,32.5,0,317,11.5,1022.1,0.75,1
6/30/2026 11:30,24.15,32,0,318,11.5,1022,1.5,1
6/30/2026 11:45,24.325,31.5,0,319,11.5,1021.9,2.25,1
6/30/2026 12:00,24.5,31,0,320,11.5,1021.8,3,1
6/30/2026 12:15,24.825,30.5,0,321.25,11.425,1021.7,2.25,1.25
6/30/2026 12:30,25.15,30,0,322.5,11.35,1021.6,1.5,1.5
6/30/2026 12:45,25.475,29.5,0,323.75,11.275,1021.5,0.75,1.75
6/30/2026 13:00,25.8,29,0,325,11.2,1021.4,0,2
6/30/2026 13:15,25.975,28.75,0,327.75,11.2,1021.225,1.25,1.75
6/30/2026 13:30,26.15,28.5,0,330.5,11.2,1021.05,2.5,1.5
6/30/2026 13:45,26.325,28.25,0,333.25,11.2,1020.875,3.75,1.25
6/30/2026 14:00,26.5,28,0,336,11.2,1020.7,5,1
6/30/2026 14:15,26.675,26.75,0,336.5,11.2,1020.55,5.25,1.5
6/30/2026 14:30,26.85,25.5,0,337,11.2,1020.4,5.5,2
6/30/2026 14:45,27.025,24.25,0,337.5,11.2,1020.25,5.75,2.5
6/30/2026 15:00,27.2,23,0,338,11.2,1020.1,6,3
6/30/2026 15:15,27.125,22.5,0,341.25,11.1,1020,6,3
6/30/2026 15:30,27.05,22,0,344.5,11,1019.9,6,3
6/30/2026 15:45,26.975,21.5,0,347.75,10.9,1019.8,6,3
6/30/2026 16:00,26.9,21,0,351,10.8,1019.7,6,3
6/30/2026 16:15,26.75,21.5,0,263.75,10.625,1019.625,6,3
6/30/2026 16:30,26.6,22,0,176.5,10.45,1019.55,6,3
6/30/2026 16:45,26.45,22.5,0,89.25,10.275,1019.475,6,3
6/30/2026 17:00,26.3,23,0,2,10.1,1019.4,6,3
6/30/2026 17:15,25.975,22,0,5.5,9.925,1019.4,5.25,3
6/30/2026 17:30,25.65,21,0,9,9.75,1019.4,4.5,3
6/30/2026 17:45,25.325,20,0,12.5,9.575,1019.4,3.75,3
6/30/2026 18:00,25,19,0,16,9.4,1019.4,3,3
6/30/2026 18:15,24.675,21,0,21.25,9.4,1019.575,2.25,3
6/30/2026 18:30,24.35,23,0,26.5,9.4,1019.75,1.5,3
6/30/2026 18:45,24.025,25,0,31.75,9.4,1019.925,0.75,3
6/30/2026 19:00,23.7,27,0,37,9.4,1020.1,0,3
6/30/2026 19:15,23.225,29.75,0,41.5,9.4,1020.15,0,2.5
6/30/2026 19:30,22.75,32.5,0,46,9.4,1020.2,0,2
6/30/2026 19:45,22.275,35.25,0,50.5,9.4,1020.25,0,1.5
6/30/2026 20:00,21.8,38,0,55,9.4,1020.3,0,1
6/30/2026 20:15,21.475,39,0,51.25,9.4,1020.425,0,1
6/30/2026 20:30,21.15,40,0,47.5,9.4,1020.55,0,1
6/30/2026 20:45,20.825,41,0,43.75,9.4,1020.675,0,1
6/30/2026 21:00,20.5,42,0,40,9.4,1020.8,0,1
6/30/2026 21:15,20.15,44.75,0,44.25,9.75,1020.85,0,1
6/30/2026 21:30,19.8,47.5,0,48.5,10.1,1020.9,0,1
6/30/2026 21:45,19.45,50.25,0,52.75,10.45,1020.95,0,1
6/30/2026 22:00,19.1,53,0,57,10.8,1021,0,1
6/30/2026 22:15,18.725,55.5,0,62,10.8,1021,0,1
6/30/2026 22:30,18.35,58,0,67,10.8,1021,0,1
6/30/2026 22:45,17.975,60.5,0,72,10.8,1021,0,1
6/30/2026 23:00,17.6,63,0,77,10.8,1021,0,1
6/30/2026 23:15,17.3,65,0,78.5,10.7,1021,0,1
6/30/2026 23:30,17,67,0,80,10.6,1021,0,1
6/30/2026 23:45,16.7,69,0,81.5,10.5,1021,0,1
7/1/2026 0:00,16.4,71,0,83,10.4,1021,0,1
7/1/2026 0:15,16.55,70.5,0,89.75,9.7,1020.85,0,1
7/1/2026 0:30,16.7,70,0,96.5,9,1020.7,0,1
7/1/2026 0:45,16.85,69.5,0,103.25,8.3,1020.55,0,1
7/1/2026 5:00,17,69,0,110,7.6,1020.4,0,1
7/1/2026 5:15,17.6,66.5,0,112,7.325,1020.375,0,1
7/1/2026 5:30,18.2,64,0,114,7.05,1020.35,0,1
7/1/2026 5:45,18.8,61.5,0,116,6.775,1020.325,0,1
7/1/2026 6:00,19.4,59,0,118,6.5,1020.3,0,1
7/1/2026 6:15,20.175,56.75,0,122,6.5,1020.3,0,1
7/1/2026 6:30,20.95,54.5,0,126,6.5,1020.3,0,1
7/1/2026 6:45,21.725,52.25,0,130,6.5,1020.3,0,1
7/1/2026 7:00,22.5,50,0,134,6.5,1020.3,0,1
7/1/2026 7:15,22.925,48.25,0,138,6.675,1020.225,0,1
7/1/2026 7:30,23.35,46.5,0,142,6.85,1020.15,0,1
7/1/2026 7:45,23.775,44.75,0,146,7.025,1020.075,0,1
7/1/2026 8:00,24.2,43,0,150,7.2,1020,0,1
7/1/2026 8:15,24.65,40.5,0,150.25,6.925,1019.925,0,1
7/1/2026 8:30,25.1,38,0,150.5,6.65,1019.85,0,1
7/1/2026 8:45,25.55,35.5,0,150.75,6.375,1019.775,0,1
7/1/2026 9:00,26,33,0,151,6.1,1019.7,0,1
7/1/2026 9:15,26.35,31.5,0,148.25,5.65,1019.575,0,1
7/1/2026 9:30,26.7,30,0,145.5,5.2,1019.45,0,1
7/1/2026 9:45,27.05,28.5,0,142.75,4.75,1019.325,0,1
7/1/2026 10:00,27.4,27,0,140,4.3,1019.2,0,1
7/1/2026 10:15,27.575,27,0,134.25,4.4,1019.15,0,1
7/1/2026 10:30,27.75,27,0,128.5,4.5,1019.1,0,1
7/1/2026 10:45,27.925,27,0,122.75,4.6,1019.05,0,1
7/1/2026 11:00,28.1,27,0,117,4.7,1019,0,1
7/1/2026 11:15,28.65,25.75,0,113,4.7,1018.925,0,1
7/1/2026 11:30,29.2,24.5,0,109,4.7,1018.85,0,1
7/1/2026 11:45,29.75,23.25,0,105,4.7,1018.775,0,1
7/1/2026 12:00,30.3,22,0,101,4.7,1018.7,0,1
7/1/2026 12:15,30.375,21.5,0,97.5,4.775,1018.6,0,1
7/1/2026 12:30,30.45,21,0,94,4.85,1018.5,0,1
7/1/2026 12:45,30.525,20.5,0,90.5,4.925,1018.4,0,1
7/1/2026 13:00,30.6,20,0,87,5,1018.3,0,1
7/1/2026 13:15,31,19.75,0,84.25,5.2,1018.175,0,1
7/1/2026 13:30,31.4,19.5,0,81.5,5.4,1018.05,0,1
7/1/2026 13:45,31.8,19.25,0,78.75,5.6,1017.925,0,1
7/1/2026 14:00,32.2,19,0,76,5.8,1017.8,0,1
7/1/2026 14:15,32.35,19,0,75.5,6.15,1017.675,0,1
7/1/2026 14:30,32.5,19,0,75,6.5,1017.55,0,1
7/1/2026 14:45,32.65,19,0,74.5,6.85,1017.425,0,1
7/1/2026 15:00,32.8,19,0,74,7.2,1017.3,0,1
7/1/2026 15:15,32.55,18.75,0,75.75,7.925,1017.2,0,1
7/1/2026 15:30,32.3,18.5,0,77.5,8.65,1017.1,0,1
7/1/2026 15:45,32.05,18.25,0,79.25,9.375,1017,0,1
7/1/2026 16:00,31.8,18,0,81,10.1,1016.9,0,1
7/1/2026 16:15,31.825,18.25,0,81.75,10.825,1016.85,0,1
7/1/2026 16:30,31.85,18.5,0,82.5,11.55,1016.8,0,1
7/1/2026 16:45,31.875,18.75,0,83.25,12.275,1016.75,0,1
7/1/2026 17:00,31.9,19,0,84,13,1016.7,0,1
7/1/2026 17:15,31.7,19.5,0,84.25,13.35,1016.725,0,1
7/1/2026 17:30,31.5,20,0,84.5,13.7,1016.75,0,1
7/1/2026 17:45,31.3,20.5,0,84.75,14.05,1016.775,0,1
7/1/2026 18:00,31.1,21,0,85,14.4,1016.8,0,1
7/1/2026 18:15,30.5,22.25,0,85.75,14.225,1016.875,0,1
7/1/2026 18:30,29.9,23.5,0,86.5,14.05,1016.95,0,1
7/1/2026 18:45,29.3,24.75,0,87.25,13.875,1017.025,0,1
7/1/2026 19:00,28.7,26,0,88,13.7,1017.1,0,1
7/1/2026 19:15,28.075,27.25,0,89.25,13.15,1017.2,0,1
7/1/2026 19:30,27.45,28.5,0,90.5,12.6,1017.3,0,1
7/1/2026 19:45,26.825,29.75,0,91.75,12.05,1017.4,0,1
7/1/2026 20:00,26.2,31,0,93,11.5,1017.5,0,1
7/1/2026 20:15,25.575,32.75,0,93.5,11.425,1017.55,0,1
7/1/2026 20:30,24.95,34.5,0,94,11.35,1017.6,0,1
7/1/2026 20:45,24.325,36.25,0,94.5,11.275,1017.65,0,1
7/1/2026 21:00,23.7,38,0,95,11.2,1017.7,0,1
7/1/2026 21:15,23.55,38.5,0,96.25,11.1,1017.75,0,1
7/1/2026 21:30,23.4,39,0,97.5,11,1017.8,0,1
7/1/2026 21:45,23.25,39.5,0,98.75,10.9,1017.85,0,1
7/1/2026 22:00,23.1,40,0,100,10.8,1017.9,0,1
7/1/2026 22:15,22.8,41,0,101.75,10.625,1017.875,0,1
7/1/2026 22:30,22.5,42,0,103.5,10.45,1017.85,0,1
7/1/2026 22:45,22.2,43,0,105.25,10.275,1017.825,0,1
7/1/2026 23:00,21.9,44,0,107,10.1,1017.8,0,1
7/1/2026 23:15,21.625,45,0,107.75,10,1017.75,0,1
7/1/2026 23:30,21.35,46,0,108.5,9.9,1017.7,0,1
7/1/2026 23:45,21.075,47,0,109.25,9.8,1017.65,0,1
7/2/2026 0:00,20.8,48,0,110,9.7,1017.6,0,1
7/2/2026 0:15,20.75,50,0,114.75,9.7,1017.475,0,1
7/2/2026 0:30,20.7,52,0,119.5,9.7,1017.35,0,1
7/2/2026 0:45,20.65,54,0,124.25,9.7,1017.225,0,1
7/2/2026 5:00,20.6,56,0,129,9.7,1017.1,0,1
7/2/2026 5:15,21.325,54,0,128.25,9.25,1017.1,0,1
7/2/2026 5:30,22.05,52,0,127.5,8.8,1017.1,0,1
7/2/2026 5:45,22.775,50,0,126.75,8.35,1017.1,0,1
7/2/2026 6:00,23.5,48,0,126,7.9,1017.1,0,1
7/2/2026 6:15,24.275,45.75,0,128,7.825,1017.025,0,1
7/2/2026 6:30,25.05,43.5,0,130,7.75,1016.95,0,1
7/2/2026 6:45,25.825,41.25,0,132,7.675,1016.875,0,1
7/2/2026 7:00,26.6,39,0,134,7.6,1016.8,0,1
7/2/2026 7:15,27.45,37,0,135.5,7.85,1016.7,0,1
7/2/2026 7:30,28.3,35,0,137,8.1,1016.6,0,1
7/2/2026 7:45,29.15,33,0,138.5,8.35,1016.5,0,1
7/2/2026 8:00,30,31,0,140,8.6,1016.4,0,1
7/2/2026 8:15,30.525,29.75,0,141.25,8.975,1016.35,0,1
7/2/2026 8:30,31.05,28.5,0,142.5,9.35,1016.3,0,1
7/2/2026 8:45,31.575,27.25,0,143.75,9.725,1016.25,0,1
7/2/2026 9:00,32.1,26,0,145,10.1,1016.2,0,1
7/2/2026 9:15,32.45,24.5,0,147.5,10.1,1016.15,0,1
7/2/2026 9:30,32.8,23,0,150,10.1,1016.1,0,1
7/2/2026 9:45,33.15,21.5,0,152.5,10.1,1016.05,0,1
7/2/2026 10:00,33.5,20,0,155,10.1,1016,0,1
7/2/2026 10:15,33.775,19.75,0,157.75,9.65,1015.85,0,1
7/2/2026 10:30,34.05,19.5,0,160.5,9.2,1015.7,0,1
7/2/2026 10:45,34.325,19.25,0,163.25,8.75,1015.55,0,1
7/2/2026 11:00,34.6,19,0,166,8.3,1015.4,0,1
7/2/2026 11:15,34.825,18.75,0,169.5,7.85,1015.275,0,1
7/2/2026 11:30,35.05,18.5,0,173,7.4,1015.15,0,1
7/2/2026 11:45,35.275,18.25,0,176.5,6.95,1015.025,0,1
7/2/2026 12:00,35.5,18,0,180,6.5,1014.9,0,1
7/2/2026 12:15,35.625,17.75,0,183.25,6.575,1014.775,0,1
7/2/2026 12:30,35.75,17.5,0,186.5,6.65,1014.65,0,1
7/2/2026 12:45,35.875,17.25,0,189.75,6.725,1014.525,0,1
7/2/2026 13:00,36,17,0,193,6.8,1014.4,0,1
7/2/2026 13:15,36.275,16.25,0,196.25,6.725,1014.25,0,1
7/2/2026 13:30,36.55,15.5,0,199.5,6.65,1014.1,0,1
7/2/2026 13:45,36.825,14.75,0,202.75,6.575,1013.95,0,1
7/2/2026 14:00,37.1,14,0,206,6.5,1013.8,0,1
7/2/2026 14:15,37.075,13.75,0,208,6.575,1013.625,0,1
7/2/2026 14:30,37.05,13.5,0,210,6.65,1013.45,0,1
7/2/2026 14:45,37.025,13.25,0,212,6.725,1013.275,0,1
7/2/2026 15:00,37,13,0,214,6.8,1013.1,0,1
7/2/2026 15:15,37.075,13.25,0,215.75,6.725,1012.925,0,1
7/2/2026 15:30,37.15,13.5,0,217.5,6.65,1012.75,0,1
7/2/2026 15:45,37.225,13.75,0,219.25,6.575,1012.575,0,1
7/2/2026 16:00,37.3,14,0,221,6.5,1012.4,0,1
7/2/2026 16:15,37.15,14,0,254.75,6.4,1012.225,0,1
7/2/2026 16:30,37,14,0,288.5,6.3,1012.05,0,1
7/2/2026 16:45,36.85,14,0,322.25,6.2,1011.875,0,1
7/2/2026 17:00,36.7,14,0,356,6.1,1011.7,0,1
7/2/2026 17:15,36.375,14.5,0,274.5,6.55,1011.65,0,1
7/2/2026 17:30,36.05,15,0,193,7,1011.6,0,1
7/2/2026 17:45,35.725,15.5,0,111.5,7.45,1011.55,0,1
7/2/2026 18:00,35.4,16,0,30,7.9,1011.5,0,1
7/2/2026 18:15,34.65,17.5,0,39.75,9.425,1011.575,0,1
7/2/2026 18:30,33.9,19,0,49.5,10.95,1011.65,0,1
7/2/2026 18:45,33.15,20.5,0,59.25,12.475,1011.725,0,1
7/2/2026 19:00,32.4,22,0,69,14,1011.8,0,1
7/2/2026 19:15,31.925,22.75,0,74.5,13.825,1011.8,0,1
7/2/2026 19:30,31.45,23.5,0,80,13.65,1011.8,0,1
7/2/2026 19:45,30.975,24.25,0,85.5,13.475,1011.8,0,1
7/2/2026 20:00,30.5,25,0,91,13.3,1011.8,0,1
7/2/2026 20:15,29.975,26.25,0,103,13.225,1011.75,0,1
7/2/2026 20:30,29.45,27.5,0,115,13.15,1011.7,0,1
7/2/2026 20:45,28.925,28.75,0,127,13.075,1011.65,0,1
7/2/2026 21:00,28.4,30,0,139,13,1011.6,0,1
7/2/2026 21:15,28.35,30.5,0,143.75,12.45,1011.575,0,1
7/2/2026 21:30,28.3,31,0,148.5,11.9,1011.55,0,1
7/2/2026 21:45,28.25,31.5,0,153.25,11.35,1011.525,0,1
7/2/2026 22:00,28.2,32,0,158,10.8,1011.5,0,1
7/2/2026 22:15,28.025,33.5,0,160.25,11.425,1011.425,0.5,1
7/2/2026 22:30,27.85,35,0,162.5,12.05,1011.35,1,1
7/2/2026 22:45,27.675,36.5,0,164.75,12.675,1011.275,1.5,1
7/2/2026 23:00,27.5,38,0,167,13.3,1011.2,2,1
7/2/2026 23:15,27.325,38.25,0,169.25,13.475,1011.1,2,1.25
7/2/2026 23:30,27.15,38.5,0,171.5,13.65,1011,2,1.5
7/2/2026 23:45,26.975,38.75,0,173.75,13.825,1010.9,2,1.75
7/3/2026 0:00,26.8,39,0,176,14,1010.8,2,2
7/3/2026 0:15,25.675,46,0,209,15.35,1011.825,3.5,2.25
7/3/2026 0:30,24.55,53,0,242,16.7,1012.85,5,2.5
7/3/2026 0:45,23.425,60,0,275,18.05,1013.875,6.5,2.75
7/3/2026 5:00,22.3,67,0,308,19.4,1014.9,8,3
7/3/2026 5:15,22.175,68.25,0,307.75,19.675,1015.2,8,3
7/3/2026 5:30,22.05,69.5,0,307.5,19.95,1015.5,8,3
7/3/2026 5:45,21.925,70.75,0,307.25,20.225,1015.8,8,3
7/3/2026 6:00,21.8,72,0,307,20.5,1016.1,8,3
7/3/2026 6:15,21.7,73.5,0,306.25,21.05,1016.375,7.75,4.25
7/3/2026 6:30,21.6,75,0,305.5,21.6,1016.65,7.5,5.5
7/3/2026 6:45,21.5,76.5,0,304.75,22.15,1016.925,7.25,6.75
7/3/2026 7:00,21.4,78,0,304,22.7,1017.2,7,8
7/3/2026 7:15,20.875,80.25,0.075,303.75,22.6,1017.475,7.25,8.25
7/3/2026 7:30,20.35,82.5,0.15,303.5,22.5,1017.75,7.5,8.5
7/3/2026 7:45,19.825,84.75,0.225,303.25,22.4,1018.025,7.75,8.75
7/3/2026 8:00,19.3,87,0.3,303,22.3,1018.3,8,9
7/3/2026 8:15,19.55,85,0.225,302.5,21.575,1018.55,8,7.5
7/3/2026 8:30,19.8,83,0.15,302,20.85,1018.8,8,6
7/3/2026 8:45,20.05,81,0.075,301.5,20.125,1019.05,8,4.5
7/3/2026 9:00,20.3,79,0,301,19.4,1019.3,8,3
7/3/2026 9:15,20.3,78,0,301.75,19.675,1019.45,8,3
7/3/2026 9:30,20.3,77,0,302.5,19.95,1019.6,8,3
7/3/2026 9:45,20.3,76,0,303.25,20.225,1019.75,8,3
7/3/2026 10:00,20.3,75,0,304,20.5,1019.9,8,3
7/3/2026 10:15,20.65,71,0,305,20.225,1020.125,7.25,3
7/3/2026 10:30,21,67,0,306,19.95,1020.35,6.5,3
7/3/2026 10:45,21.35,63,0,307,19.675,1020.575,5.75,3
7/3/2026 11:00,21.7,59,0,308,19.4,1020.8,5,3
7/3/2026 11:15,22,55.5,0,306.5,19.15,1020.8,5.5,3
7/3/2026 11:30,22.3,52,0,305,18.9,1020.8,6,3
7/3/2026 11:45,22.6,48.5,0,303.5,18.65,1020.8,6.5,3
7/3/2026 12:00,22.9,45,0,302,18.4,1020.8,7,3
7/3/2026 12:15,23.175,44,0,301,18.65,1020.975,7.25,3
7/3/2026 12:30,23.45,43,0,300,18.9,1021.15,7.5,3
7/3/2026 12:45,23.725,42,0,299,19.15,1021.325,7.75,3
7/3/2026 13:00,24,41,0,298,19.4,1021.5,8,3
7/3/2026 13:15,24.075,39.75,0,299.75,19.6,1021.575,6.25,3
7/3/2026 13:30,24.15,38.5,0,301.5,19.8,1021.65,4.5,3
7/3/2026 13:45,24.225,37.25,0,303.25,20,1021.725,2.75,3
7/3/2026 14:00,24.3,36,0,305,20.2,1021.8,1,3
7/3/2026 14:15,24.55,35.25,0,306,19.825,1021.85,0.75,2.5
7/3/2026 14:30,24.8,34.5,0,307,19.45,1021.9,0.5,2
7/3/2026 14:45,25.05,33.75,0,308,19.075,1021.95,0.25,1.5
7/3/2026 15:00,25.3,33,0,309,18.7,1022,0,1
7/3/2026 15:15,25.075,33.25,0,310,17.975,1022.025,0,1
7/3/2026 15:30,24.85,33.5,0,311,17.25,1022.05,0,1
7/3/2026 15:45,24.625,33.75,0,312,16.525,1022.075,0,1
7/3/2026 16:00,24.4,34,0,313,15.8,1022.1,0,1
7/3/2026 16:15,24.225,34.25,0,314.75,16.175,1022.125,0,1
7/3/2026 16:30,24.05,34.5,0,316.5,16.55,1022.15,0,1
7/3/2026 16:45,23.875,34.75,0,318.25,16.925,1022.175,0,1
7/3/2026 17:00,23.7,35,0,320,17.3,1022.2,0,1
7/3/2026 17:15,23.375,36,0,321,16.925,1022.425,0.25,1
7/3/2026 17:30,23.05,37,0,322,16.55,1022.65,0.5,1
7/3/2026 17:45,22.725,38,0,323,16.175,1022.875,0.75,1
7/3/2026 18:00,22.4,39,0,324,15.8,1023.1,1,1
7/3/2026 18:15,22.075,39.75,0,323.75,14.65,1023.225,0.75,1
7/3/2026 18:30,21.75,40.5,0,323.5,13.5,1023.35,0.5,1
7/3/2026 18:45,21.425,41.25,0,323.25,12.35,1023.475,0.25,1
7/3/2026 19:00,21.1,42,0,323,11.2,1023.6,0,1
7/3/2026 19:15,20.75,43,0,327.75,10.65,1023.775,0.5,1
7/3/2026 19:30,20.4,44,0,332.5,10.1,1023.95,1,1
7/3/2026 19:45,20.05,45,0,337.25,9.55,1024.125,1.5,1
7/3/2026 20:00,19.7,46,0,342,9,1024.3,2,1
7/3/2026 20:15,19.15,48,0,259.25,9.625,1024.4,2.25,1.25
7/3/2026 20:30,18.6,50,0,176.5,10.25,1024.5,2.5,1.5
7/3/2026 20:45,18.05,52,0,93.75,10.875,1024.6,2.75,1.75
7/3/2026 21:00,17.5,54,0,11,11.5,1024.7,3,2
7/3/2026 21:15,17.35,55,0,9.5,11.5,1024.825,2.75,2
7/3/2026 21:30,17.2,56,0,8,11.5,1024.95,2.5,2
7/3/2026 21:45,17.05,57,0,6.5,11.5,1025.075,2.25,2
7/3/2026 22:00,16.9,58,0,5,11.5,1025.2,2,2
7/3/2026 22:15,16.675,58.75,0,93,10.6,1025.225,1.5,2
7/3/2026 22:30,16.45,59.5,0,181,9.7,1025.25,1,2
7/3/2026 22:45,16.225,60.25,0,269,8.8,1025.275,0.5,2
7/3/2026 23:00,16,61,0,357,7.9,1025.3,0,2
7/3/2026 23:15,15.875,61.75,0,356.75,7.275,1025.375,0,1.75
7/3/2026 23:30,15.75,62.5,0,356.5,6.65,1025.45,0,1.5
7/3/2026 23:45,15.625,63.25,0,356.25,6.025,1025.525,0,1.25
7/4/2026 0:00,15.5,64,0,356,5.4,1025.6,0,1
7/4/2026 0:15,15.425,65.5,0,352.75,5.4,1025.65,0,1
7/4/2026 0:30,15.35,67,0,349.5,5.4,1025.7,0,1
7/4/2026 0:45,15.275,68.5,0,346.25,5.4,1025.75,0,1
7/4/2026 5:00,15.2,70,0,343,5.4,1025.8,0,1
7/4/2026 5:15,15.725,68,0,342.5,5.5,1025.85,2,1
7/4/2026 5:30,16.25,66,0,342,5.6,1025.9,4,1
7/4/2026 5:45,16.775,64,0,341.5,5.7,1025.95,6,1
7/4/2026 6:00,17.3,62,0,341,5.8,1026,8,1
7/4/2026 6:15,17.25,62.25,0,331.5,5.8,1026.075,7.5,1.5
7/4/2026 6:30,17.2,62.5,0,322,5.8,1026.15,7,2
7/4/2026 6:45,17.15,62.75,0,312.5,5.8,1026.225,6.5,2.5
7/4/2026 7:00,17.1,63,0,303,5.8,1026.3,6,3
7/4/2026 7:15,17.3,62,0,297,6.775,1026.275,5.25,3
7/4/2026 7:30,17.5,61,0,291,7.75,1026.25,4.5,3
7/4/2026 7:45,17.7,60,0,285,8.725,1026.225,3.75,3
7/4/2026 8:00,17.9,59,0,279,9.7,1026.2,3,3
7/4/2026 8:15,18.275,56,0,280.25,10.075,1026.15,2.5,2.75
7/4/2026 8:30,18.65,53,0,281.5,10.45,1026.1,2,2.5
7/4/2026 8:45,19.025,50,0,282.75,10.825,1026.05,1.5,2.25
7/4/2026 9:00,19.4,47,0,284,11.2,1026,1,2
7/4/2026 9:15,19.675,45.5,0,285,12,1026.025,1,2
7/4/2026 9:30,19.95,44,0,286,12.8,1026.05,1,2
7/4/2026 9:45,20.225,42.5,0,287,13.6,1026.075,1,2
7/4/2026 10:00,20.5,41,0,288,14.4,1026.1,1,2
7/4/2026 10:15,20.6,40.5,0,288,14.4,1026.05,1,1.75
7/4/2026 10:30,20.7,40,0,288,14.4,1026,1,1.5
7/4/2026 10:45,20.8,39.5,0,288,14.4,1025.95,1,1.25
7/4/2026 11:00,20.9,39,0,288,14.4,1025.9,1,1
7/4/2026 11:15,21.4,37.75,0,287.75,14.675,1025.75,1.25,1
7/4/2026 11:30,21.9,36.5,0,287.5,14.95,1025.6,1.5,1
7/4/2026 11:45,22.4,35.25,0,287.25,15.225,1025.45,1.75,1
7/4/2026 12:00,22.9,34,0,287,15.5,1025.3,2,1
7/4/2026 12:15,22.925,33.5,0,287.75,15.675,1025.2,2.25,1.25
7/4/2026 12:30,22.95,33,0,288.5,15.85,1025.1,2.5,1.5
7/4/2026 12:45,22.975,32.5,0,289.25,16.025,1025,2.75,1.75
7/4/2026 13:00,23,32,0,290,16.2,1024.9,3,2
7/4/2026 13:15,22.85,32,0,293.5,16.1,1024.775,4,2.25
7/4/2026 13:30,22.7,32,0,297,16,1024.65,5,2.5
7/4/2026 13:45,22.55,32,0,300.5,15.9,1024.525,6,2.75
7/4/2026 14:00,22.4,32,0,304,15.8,1024.4,7,3
7/4/2026 14:15,22.725,31,0,304,15.625,1024.225,6.25,3
7/4/2026 14:30,23.05,30,0,304,15.45,1024.05,5.5,3
7/4/2026 14:45,23.375,29,0,304,15.275,1023.875,4.75,3
7/4/2026 15:00,23.7,28,0,304,15.1,1023.7,4,3
7/4/2026 15:15,23.725,28.25,0,304.75,14.475,1023.525,5,3
7/4/2026 15:30,23.75,28.5,0,305.5,13.85,1023.35,6,3
7/4/2026 15:45,23.775,28.75,0,306.25,13.225,1023.175,7,3
7/4/2026 16:00,23.8,29,0,307,12.6,1023,8,3
7/4/2026 16:15,23.775,28.75,0,308.25,12.7,1022.825,8,3
7/4/2026 16:30,23.75,28.5,0,309.5,12.8,1022.65,8,3
7/4/2026 16:45,23.725,28.25,0,310.75,12.9,1022.475,8,3
7/4/2026 17:00,23.7,28,0,312,13,1022.3,8,3
7/4/2026 17:15,23.35,29,0,312.25,14.15,1022.275,8,3
7/4/2026 17:30,23,30,0,312.5,15.3,1022.25,8,3
7/4/2026 17:45,22.65,31,0,312.75,16.45,1022.225,8,3
7/4/2026 18:00,22.3,32,0,313,17.6,1022.2,8,3
7/4/2026 18:15,22.075,33,0,294.75,16.8,1022.375,8,3
7/4/2026 18:30,21.85,34,0,276.5,16,1022.55,8,3
7/4/2026 18:45,21.625,35,0,258.25,15.2,1022.725,8,3
7/4/2026 19:00,21.4,36,0,240,14.4,1022.9,8,3
7/4/2026 19:15,20.825,37.5,0,239.75,13.05,1022.875,8,3
7/4/2026 19:30,20.25,39,0,239.5,11.7,1022.85,8,3
7/4/2026 19:45,19.675,40.5,0,239.25,10.35,1022.825,8,3
7/4/2026 20:00,19.1,42,0,239,9,1022.8,8,3
7/4/2026 20:15,18.55,44.25,0,238.5,8.65,1022.675,6.75,3
7/4/2026 20:30,18,46.5,0,238,8.3,1022.55,5.5,3
7/4/2026 20:45,17.45,48.75,0,237.5,7.95,1022.425,4.25,3
7/4/2026 21:00,16.9,51,0,237,7.6,1022.3,3,3
7/4/2026 21:15,16.55,52.75,0,238.25,7.225,1022.225,2.5,2.75
7/4/2026 21:30,16.2,54.5,0,239.5,6.85,1022.15,2,2.5
7/4/2026 21:45,15.85,56.25,0,240.75,6.475,1022.075,1.5,2.25
7/4/2026 22:00,15.5,58,0,242,6.1,1022,1,2
7/4/2026 22:15,15.325,59.25,0,244.25,6.2,1021.95,0.75,1.75
7/4/2026 22:30,15.15,60.5,0,246.5,6.3,1021.9,0.5,1.5
7/4/2026 22:45,14.975,61.75,0,248.75,6.4,1021.85,0.25,1.25
7/4/2026 23:00,14.8,63,0,251,6.5,1021.8,0,1
7/4/2026 23:15,14.85,63.75,0,251.75,6.05,1021.725,0.25,1
7/4/2026 23:30,14.9,64.5,0,252.5,5.6,1021.65,0.5,1
7/4/2026 23:45,14.95,65.25,0,253.25,5.15,1021.575,0.75,1
7/5/2026 0:00,15,66,0,254,4.7,1021.5,1,1
7/5/2026 0:15,15.375,63.75,0,232.75,5.95,1020.875,2.75,1.5
7/5/2026 0:30,15.75,61.5,0,211.5,7.2,1020.25,4.5,2
7/5/2026 0:45,16.125,59.25,0,190.25,8.45,1019.625,6.25,2.5
7/5/2026 5:00,16.5,57,0,169,9.7,1019,8,3
7/5/2026 5:15,17.275,54.25,0,170,9.425,1018.825,8,3
7/5/2026 5:30,18.05,51.5,0,171,9.15,1018.65,8,3
7/5/2026 5:45,18.825,48.75,0,172,8.875,1018.475,8,3
7/5/2026 6:00,19.6,46,0,173,8.6,1018.3,8,3
7/5/2026 6:15,20.25,43.75,0,178.75,9.05,1018.15,8,3
7/5/2026 6:30,20.9,41.5,0,184.5,9.5,1018,8,3
7/5/2026 6:45,21.55,39.25,0,190.25,9.95,1017.85,8,3
7/5/2026 7:00,22.2,37,0,196,10.4,1017.7,8,3
7/5/2026 7:15,22.675,35.75,0,200.75,10.85,1017.5,8,3
7/5/2026 7:30,23.15,34.5,0,205.5,11.3,1017.3,8,3
7/5/2026 7:45,23.625,33.25,0,210.25,11.75,1017.1,8,3
7/5/2026 8:00,24.1,32,0,215,12.2,1016.9,8,3
7/5/2026 8:15,24.5,31.5,0,218.25,13.025,1016.725,8,3
7/5/2026 8:30,24.9,31,0,221.5,13.85,1016.55,8,3
7/5/2026 8:45,25.3,30.5,0,224.75,14.675,1016.375,8,3
7/5/2026 9:00,25.7,30,0,228,15.5,1016.2,8,3
7/5/2026 9:15,25.975,29.5,0,227.75,15.575,1016,8,3
7/5/2026 9:30,26.25,29,0,227.5,15.65,1015.8,8,3
7/5/2026 9:45,26.525,28.5,0,227.25,15.725,1015.6,8,3
7/5/2026 10:00,26.8,28,0,227,15.8,1015.4,8,3
7/5/2026 10:15,26.75,27.75,0,228.75,15.8,1015.2,8,3
7/5/2026 10:30,26.7,27.5,0,230.5,15.8,1015,8,3
7/5/2026 10:45,26.65,27.25,0,232.25,15.8,1014.8,8,3
7/5/2026 11:00,26.6,27,0,234,15.8,1014.6,8,3
7/5/2026 11:15,27.1,26.5,0,234.25,15.9,1014.45,8,3
7/5/2026 11:30,27.6,26,0,234.5,16,1014.3,8,3
7/5/2026 11:45,28.1,25.5,0,234.75,16.1,1014.15,8,3
7/5/2026 12:00,28.6,25,0,235,16.2,1014,8,3
7/5/2026 12:15,28.6,24.5,0,237.75,16.3,1013.875,8,3
7/5/2026 12:30,28.6,24,0,240.5,16.4,1013.75,8,3
7/5/2026 12:45,28.6,23.5,0,243.25,16.5,1013.625,8,3
7/5/2026 13:00,28.6,23,0,246,16.6,1013.5,8,3
7/5/2026 13:15,28.25,23.5,0,250.5,16.775,1013.45,8,3
7/5/2026 13:30,27.9,24,0,255,16.95,1013.4,8,3
7/5/2026 13:45,27.55,24.5,0,259.5,17.125,1013.35,8,3
7/5/2026 14:00,27.2,25,0,264,17.3,1013.3,8,3
7/5/2026 14:15,27.15,25,0,263.5,16.675,1013.15,8,3
7/5/2026 14:30,27.1,25,0,263,16.05,1013,8,3
7/5/2026 14:45,27.05,25,0,262.5,15.425,1012.85,8,3
7/5/2026 15:00,27,25,0,262,14.8,1012.7,8,3
7/5/2026 15:15,27.1,25,0,263,15.15,1012.575,7.5,3
7/5/2026 15:30,27.2,25,0,264,15.5,1012.45,7,3
7/5/2026 15:45,27.3,25,0,265,15.85,1012.325,6.5,3
7/5/2026 16:00,27.4,25,0,266,16.2,1012.2,6,3
7/5/2026 16:15,27.175,25.25,0,266.5,16.3,1012.1,5,3
7/5/2026 16:30,26.95,25.5,0,267,16.4,1012,4,3
7/5/2026 16:45,26.725,25.75,0,267.5,16.5,1011.9,3,3
7/5/2026 17:00,26.5,26,0,268,16.6,1011.8,2,3
7/5/2026 17:15,26.4,26.25,0,268,15.95,1011.775,2,2.75
7/5/2026 17:30,26.3,26.5,0,268,15.3,1011.75,2,2.5
7/5/2026 17:45,26.2,26.75,0,268,14.65,1011.725,2,2.25
7/5/2026 18:00,26.1,27,0,268,14,1011.7,2,2
7/5/2026 18:15,25.7,28.5,0,268.75,13.2,1011.75,3,2
7/5/2026 18:30,25.3,30,0,269.5,12.4,1011.8,4,2
7/5/2026 18:45,24.9,31.5,0,270.25,11.6,1011.85,5,2
7/5/2026 19:00,24.5,33,0,271,10.8,1011.9,6,2
7/5/2026 19:15,24.3,33.5,0,271.75,10.45,1011.925,6.5,2.25
7/5/2026 19:30,24.1,34,0,272.5,10.1,1011.95,7,2.5
7/5/2026 19:45,23.9,34.5,0,273.25,9.75,1011.975,7.5,2.75
7/5/2026 20:00,23.7,35,0,274,9.4,1012,8,3
7/5/2026 20:15,23.15,36.75,0,274.5,10.3,1011.95,8,3
7/5/2026 20:30,22.6,38.5,0,275,11.2,1011.9,8,3
7/5/2026 20:45,22.05,40.25,0,275.5,12.1,1011.85,8,3
7/5/2026 21:00,21.5,42,0,276,13,1011.8,8,3
7/5/2026 21:15,21.625,41.75,0,276,12.725,1011.775,8,3
7/5/2026 21:30,21.75,41.5,0,276,12.45,1011.75,8,3
7/5/2026 21:45,21.875,41.25,0,276,12.175,1011.725,8,3
7/5/2026 22:00,22,41,0,276,11.9,1011.7,8,3
7/5/2026 22:15,21.7,41.75,0,277.75,11.725,1011.675,8,3
7/5/2026 22:30,21.4,42.5,0,279.5,11.55,1011.65,8,3
7/5/2026 22:45,21.1,43.25,0,281.25,11.375,1011.625,8,3
7/5/2026 23:00,20.8,44,0,283,11.2,1011.6,8,3
7/5/2026 23:15,20.525,45.25,0,282.25,10.55,1011.575,8,3
7/5/2026 23:30,20.25,46.5,0,281.5,9.9,1011.55,8,3
7/5/2026 23:45,19.975,47.75,0,280.75,9.25,1011.525,8,3
7/6/2026 0:00,19.7,49,0,280,8.6,1011.5,8,3
7/6/2026 0:15,19.65,50.75,0,258,8.075,1011.025,8,3
7/6/2026 0:30,19.6,52.5,0,236,7.55,1010.55,8,3
7/6/2026 0:45,19.55,54.25,0,214,7.025,1010.075,8,3
7/6/2026 5:00,19.5,56,0,192,6.5,1009.6,8,3
7/6/2026 5:15,19.975,53.75,0,194,6.675,1009.55,7,3
7/6/2026 5:30,20.45,51.5,0,196,6.85,1009.5,6,3
7/6/2026 5:45,20.925,49.25,0,198,7.025,1009.45,5,3
7/6/2026 6:00,21.4,47,0,200,7.2,1009.4,4,3
7/6/2026 6:15,21.675,46,0,205.75,8.375,1009.325,3.25,3
7/6/2026 6:30,21.95,45,0,211.5,9.55,1009.25,2.5,3
7/6/2026 6:45,22.225,44,0,217.25,10.725,1009.175,1.75,3
7/6/2026 7:00,22.5,43,0,223,11.9,1009.1,1,3
7/6/2026 7:15,22.75,41.75,0,227.75,12.525,1008.975,1,2.75
7/6/2026 7:30,23,40.5,0,232.5,13.15,1008.85,1,2.5
7/6/2026 7:45,23.25,39.25,0,237.25,13.775,1008.725,1,2.25
7/6/2026 8:00,23.5,38,0,242,14.4,1008.6,1,2
7/6/2026 8:15,23.95,37,0,241.5,14.4,1008.5,2.5,2
7/6/2026 8:30,24.4,36,0,241,14.4,1008.4,4,2
7/6/2026 8:45,24.85,35,0,240.5,14.4,1008.3,5.5,2
7/6/2026 9:00,25.3,34,0,240,14.4,1008.2,7,2
7/6/2026 9:15,25.55,32.75,0,238.5,14.5,1007.975,7.25,2.25
7/6/2026 9:30,25.8,31.5,0,237,14.6,1007.75,7.5,2.5
7/6/2026 9:45,26.05,30.25,0,235.5,14.7,1007.525,7.75,2.75
7/6/2026 10:00,26.3,29,0,234,14.8,1007.3,8,3
7/6/2026 10:15,26.675,28.75,0,233.5,14.875,1007.15,7.75,3
7/6/2026 10:30,27.05,28.5,0,233,14.95,1007,7.5,3
7/6/2026 10:45,27.425,28.25,0,232.5,15.025,1006.85,7.25,3
7/6/2026 11:00,27.8,28,0,232,15.1,1006.7,7,3
7/6/2026 11:15,28,26.25,0,230,15.55,1006.55,6.75,3
7/6/2026 11:30,28.2,24.5,0,228,16,1006.4,6.5,3
7/6/2026 11:45,28.4,22.75,0,226,16.45,1006.25,6.25,3
7/6/2026 12:00,28.6,21,0,224,16.9,1006.1,6,3
7/6/2026 12:15,28.725,21.75,0,224.5,17.075,1005.95,6.5,3
7/6/2026 12:30,28.85,22.5,0,225,17.25,1005.8,7,3
7/6/2026 12:45,28.975,23.25,0,225.5,17.425,1005.65,7.5,3
7/6/2026 13:00,29.1,24,0,226,17.6,1005.5,8,3
7/6/2026 13:15,28.725,25.25,0,226,17.8,1005.425,8,3
7/6/2026 13:30,28.35,26.5,0,226,18,1005.35,8,3
7/6/2026 13:45,27.975,27.75,0,226,18.2,1005.275,8,3
7/6/2026 14:00,27.6,29,0,226,18.4,1005.2,8,3
7/6/2026 14:15,27.575,29.75,0,230,19.375,1005.25,8,3
7/6/2026 14:30,27.55,30.5,0,234,20.35,1005.3,8,3
7/6/2026 14:45,27.525,31.25,0,238,21.325,1005.35,8,3
7/6/2026 15:00,27.5,32,0,242,22.3,1005.4,8,3
7/6/2026 15:15,27.35,32,0,242.25,21.325,1005.275,8,3
7/6/2026 15:30,27.2,32,0,242.5,20.35,1005.15,8,3
7/6/2026 15:45,27.05,32,0,242.75,19.375,1005.025,8,3
7/6/2026 16:00,26.9,32,0,243,18.4,1004.9,8,3
7/6/2026 16:15,26.6,31.75,0,247.25,18.2,1004.875,8,3
7/6/2026 16:30,26.3,31.5,0,251.5,18,1004.85,8,3
7/6/2026 16:45,26,31.25,0,255.75,17.8,1004.825,8,3
7/6/2026 17:00,25.7,31,0,260,17.6,1004.8,8,3
7/6/2026 17:15,25.55,31.25,0,261.25,16.9,1004.725,8,3
7/6/2026 17:30,25.4,31.5,0,262.5,16.2,1004.65,8,3
7/6/2026 17:45,25.25,31.75,0,263.75,15.5,1004.575,8,3
7/6/2026 18:00,25.1,32,0,265,14.8,1004.5,8,3
7/6/2026 18:15,24.825,32,0,266.25,14.8,1004.45,8,3
7/6/2026 18:30,24.55,32,0,267.5,14.8,1004.4,8,3
7/6/2026 18:45,24.275,32,0,268.75,14.8,1004.35,8,3
7/6/2026 19:00,24,32,0,270,14.8,1004.3,8,3
7/6/2026 19:15,23.725,33.25,0,268.25,14.15,1004.325,8,3
7/6/2026 19:30,23.45,34.5,0,266.5,13.5,1004.35,8,3
7/6/2026 19:45,23.175,35.75,0,264.75,12.85,1004.375,8,3
7/6/2026 20:00,22.9,37,0,263,12.2,1004.4,8,3
7/6/2026 20:15,22.725,38,0,261,12.2,1004.375,8,3
7/6/2026 20:30,22.55,39,0,259,12.2,1004.35,8,3
7/6/2026 20:45,22.375,40,0,257,12.2,1004.325,8,3
7/6/2026 21:00,22.2,41,0,255,12.2,1004.3,8,3
7/6/2026 21:15,22.025,42,0,268.5,11.3,1004.225,8,3
7/6/2026 21:30,21.85,43,0,282,10.4,1004.15,8,3
7/6/2026 21:45,21.675,44,0,295.5,9.5,1004.075,8,3
7/6/2026 22:00,21.5,45,0,309,8.6,1004,8,3
7/6/2026 22:15,21.3,46.25,0,303.75,8.075,1003.925,8,3
7/6/2026 22:30,21.1,47.5,0,298.5,7.55,1003.85,8,3
7/6/2026 22:45,20.9,48.75,0,293.25,7.025,1003.775,8,3
7/6/2026 23:00,20.7,50,0,288,6.5,1003.7,8,3
7/6/2026 23:15,20.45,51.5,0,283,6.675,1003.625,8,3
7/6/2026 23:30,20.2,53,0,278,6.85,1003.55,8,3
7/6/2026 23:45,19.95,54.5,0,273,7.025,1003.475,8,3
7/7/2026 0:00,19.7,56,0,268,7.2,1003.4,8,3
7/7/2026 0:15,19.05,62,0,260.75,7.925,1003.15,8,4
7/7/2026 0:30,18.4,68,0,253.5,8.65,1002.9,8,5
7/7/2026 0:45,17.75,74,0,246.25,9.375,1002.65,8,6
7/7/2026 5:00,17.1,80,0,239,10.1,1002.4,8,7
7/7/2026 5:15,17.15,78.75,0,241.75,11.175,1002.375,8,6
7/7/2026 5:30,17.2,77.5,0,244.5,12.25,1002.35,8,5
7/7/2026 5:45,17.25,76.25,0,247.25,13.325,1002.325,8,4
7/7/2026 6:00,17.3,75,0,250,14.4,1002.3,8,3
7/7/2026 6:15,17.475,74.75,0,250.5,14.85,1002.25,8,3
7/7/2026 6:30,17.65,74.5,0,251,15.3,1002.2,8,3
7/7/2026 6:45,17.825,74.25,0,251.5,15.75,1002.15,8,3
7/7/2026 7:00,18,74,0,252,16.2,1002.1,8,3
7/7/2026 7:15,18.25,72.75,0,252.75,15.575,1002.05,8,3
7/7/2026 7:30,18.5,71.5,0,253.5,14.95,1002,8,3
7/7/2026 7:45,18.75,70.25,0,254.25,14.325,1001.95,8,3
7/7/2026 8:00,19,69,0,255,13.7,1001.9,8,3
7/7/2026 8:15,19.05,68.5,0,254.25,13.775,1001.875,8,4
7/7/2026 8:30,19.1,68,0,253.5,13.85,1001.85,8,5
7/7/2026 8:45,19.15,67.5,0,252.75,13.925,1001.825,8,6
7/7/2026 9:00,19.2,67,0,252,14,1001.8,8,7
7/7/2026 9:15,19.3,67.5,0,251.5,13.825,1001.8,8,6
7/7/2026 9:30,19.4,68,0,251,13.65,1001.8,8,5
7/7/2026 9:45,19.5,68.5,0,250.5,13.475,1001.8,8,4
7/7/2026 10:00,19.6,69,0,250,13.3,1001.8,8,3
7/7/2026 10:15,19.825,68.25,0,248.75,13.025,1001.75,7.75,3
7/7/2026 10:30,20.05,67.5,0,247.5,12.75,1001.7,7.5,3
7/7/2026 10:45,20.275,66.75,0,246.25,12.475,1001.65,7.25,3
7/7/2026 11:00,20.5,66,0,245,12.2,1001.6,7,3
7/7/2026 11:15,20.55,66.25,0,244.75,11.85,1001.475,7.25,3
7/7/2026 11:30,20.6,66.5,0,244.5,11.5,1001.35,7.5,3
7/7/2026 11:45,20.65,66.75,0,244.25,11.15,1001.225,7.75,3
7/7/2026 12:00,20.7,67,0,244,10.8,1001.1,8,3
7/7/2026 12:15,20.975,65.25,0,248.5,11.25,1001.15,6.25,3
7/7/2026 12:30,21.25,63.5,0,253,11.7,1001.2,4.5,3
7/7/2026 12:45,21.525,61.75,0,257.5,12.15,1001.25,2.75,3
7/7/2026 13:00,21.8,60,0,262,12.6,1001.3,1,3
7/7/2026 13:15,22.2,57.25,0,256.25,11.6,1001.175,1.5,6.5
7/7/2026 13:30,22.6,54.5,0,250.5,10.6,1001.05,2,10
7/7/2026 13:45,23,51.75,0,244.75,9.6,1000.925,2.5,13.5
7/7/2026 14:00,23.4,49,0,239,8.6,1000.8,3,17
7/7/2026 14:15,23.525,48.5,0,243.5,10.15,1000.775,3.5,17.25
7/7/2026 14:30,23.65,48,0,248,11.7,1000.75,4,17.5
7/7/2026 14:45,23.775,47.5,0,252.5,13.25,1000.725,4.5,17.75
7/7/2026 15:00,23.9,47,0,257,14.8,1000.7,5,18
7/7/2026 15:15,22.475,56,0.725,268.25,13.35,1000.75,5.5,17.75
7/7/2026 15:30,21.05,65,1.45,279.5,11.9,1000.8,6,17.5
7/7/2026 15:45,19.625,74,2.175,290.75,10.45,1000.85,6.5,17.25
7/7/2026 16:00,18.2,83,2.9,302,9,1000.9,7,17
7/7/2026 16:15,18.15,85,3,283,9,1000.85,7.25,17
7/7/2026 16:30,18.1,87,3.1,264,9,1000.8,7.5,17
7/7/2026 16:45,18.05,89,3.2,245,9,1000.75,7.75,17
7/7/2026 17:00,18,91,3.3,226,9,1000.7,8,17
7/7/2026 17:15,18.3,89.5,2.475,227.25,8.9,1000.8,7.25,13.5
7/7/2026 17:30,18.6,88,1.65,228.5,8.8,1000.9,6.5,10
7/7/2026 17:45,18.9,86.5,0.825,229.75,8.7,1001,5.75,6.5
7/7/2026 18:00,19.2,85,0,231,8.6,1001.1,5,3
7/7/2026 18:15,19,87,0,238.75,8.525,1001.2,5.75,3
7/7/2026 18:30,18.8,89,0,246.5,8.45,1001.3,6.5,3
7/7/2026 18:45,18.6,91,0,254.25,8.375,1001.4,7.25,3
7/7/2026 19:00,18.4,93,0,262,8.3,1001.5,8,3
7/7/2026 19:15,18.025,93,0,267.25,8.575,1001.65,8,4.25
7/7/2026 19:30,17.65,93,0,272.5,8.85,1001.8,8,5.5
7/7/2026 19:45,17.275,93,0,277.75,9.125,1001.95,8,6.75
7/7/2026 20:00,16.9,93,0,283,9.4,1002.1,8,8
7/7/2026 20:15,16.975,92.25,0.05,276.75,8.95,1002.2,8,7.75
7/7/2026 20:30,17.05,91.5,0.1,270.5,8.5,1002.3,8,7.5
7/7/2026 20:45,17.125,90.75,0.15,264.25,8.05,1002.4,8,7.25
7/7/2026 21:00,17.2,90,0.2,258,7.6,1002.5,8,7
7/7/2026 21:15,17.1,89.75,0.2,260.75,8.05,1002.525,8,6
7/7/2026 21:30,17,89.5,0.2,263.5,8.5,1002.55,8,5
7/7/2026 21:45,16.9,89.25,0.2,266.25,8.95,1002.575,8,4
7/7/2026 22:00,16.8,89,0.2,269,9.4,1002.6,8,3
7/7/2026 22:15,16.675,90,0.15,272.75,10.025,1002.625,8,3
7/7/2026 22:30,16.55,91,0.1,276.5,10.65,1002.65,8,3
7/7/2026 22:45,16.425,92,0.05,280.25,11.275,1002.675,8,3
7/7/2026 23:00,16.3,93,0,284,11.9,1002.7,8,3
7/7/2026 23:15,16.25,92.25,0,285.75,12.175,1002.875,7.5,3
7/7/2026 23:30,16.2,91.5,0,287.5,12.45,1003.05,7,3
7/7/2026 23:45,16.15,90.75,0,289.25,12.725,1003.225,6.5,3
7/8/2026 0:00,16.1,90,0,291,13,1003.4,6,3
7/8/2026 0:15,15.575,89.25,0,292.5,13.9,1004.175,6.5,3
7/8/2026 0:30,15.05,88.5,0,294,14.8,1004.95,7,3
7/8/2026 0:45,14.525,87.75,0,295.5,15.7,1005.725,7.5,3
7/8/2026 5:00,14,87,0,297,16.6,1006.5,8,3
7/8/2026 5:15,13.975,86.75,0,296.5,16.6,1006.6,8,3
7/8/2026 5:30,13.95,86.5,0,296,16.6,1006.7,8,3
7/8/2026 5:45,13.925,86.25,0,295.5,16.6,1006.8,8,3
7/8/2026 6:00,13.9,86,0,295,16.6,1006.9,8,3
7/8/2026 6:15,13.975,85,0,295.75,17.05,1006.9,8,3
7/8/2026 6:30,14.05,84,0,296.5,17.5,1006.9,8,3
7/8/2026 6:45,14.125,83,0,297.25,17.95,1006.9,8,3
7/8/2026 7:00,14.2,82,0,298,18.4,1006.9,8,3
7/8/2026 7:15,14.7,80,0,297,18.025,1007,8,3
7/8/2026 7:30,15.2,78,0,296,17.65,1007.1,8,3
7/8/2026 7:45,15.7,76,0,295,17.275,1007.2,8,3
7/8/2026 8:00,16.2,74,0,294,16.9,1007.3,8,3
7/8/2026 8:15,16.55,71.5,0,293.5,16.175,1007.4,8,3
7/8/2026 8:30,16.9,69,0,293,15.45,1007.5,8,3
7/8/2026 8:45,17.25,66.5,0,292.5,14.725,1007.6,8,3
7/8/2026 9:00,17.6,64,0,292,14,1007.7,8,3
7/8/2026 9:15,17.35,65.75,0.025,291.75,14.1,1007.775,8,3
7/8/2026 9:30,17.1,67.5,0.05,291.5,14.2,1007.85,8,3
7/8/2026 9:45,16.85,69.25,0.075,291.25,14.3,1007.925,8,3
7/8/2026 10:00,16.6,71,0.1,291,14.4,1008,8,3
7/8/2026 10:15,17.1,67,0.075,290.25,14.3,1008.025,8,3
7/8/2026 10:30,17.6,63,0.05,289.5,14.2,1008.05,8,3
7/8/2026 10:45,18.1,59,0.025,288.75,14.1,1008.075,8,3
7/8/2026 11:00,18.6,55,0,288,14,1008.1,8,3
7/8/2026 11:15,18.6,54.25,0,288.5,14.1,1008.1,8,3
7/8/2026 11:30,18.6,53.5,0,289,14.2,1008.1,8,3
7/8/2026 11:45,18.6,52.75,0,289.5,14.3,1008.1,8,3
7/8/2026 12:00,18.6,52,0,290,14.4,1008.1,8,3
7/8/2026 12:15,19,50.25,0,289.75,14.675,1008.125,8,3
7/8/2026 12:30,19.4,48.5,0,289.5,14.95,1008.15,8,3
7/8/2026 12:45,19.8,46.75,0,289.25,15.225,1008.175,8,3
7/8/2026 13:00,20.2,45,0,289,15.5,1008.2,8,3
7/8/2026 13:15,20.5,44.5,0,288,15.4,1008.375,8,3
7/8/2026 13:30,20.8,44,0,287,15.3,1008.55,8,3
7/8/2026 13:45,21.1,43.5,0,286,15.2,1008.725,8,3
7/8/2026 14:00,21.4,43,0,285,15.1,1008.9,8,3
7/8/2026 14:15,21.225,42.75,0,286.5,15.375,1008.875,8,3
7/8/2026 14:30,21.05,42.5,0,288,15.65,1008.85,8,3
7/8/2026 14:45,20.875,42.25,0,289.5,15.925,1008.825,8,3
7/8/2026 15:00,20.7,42,0,291,16.2,1008.8,8,3
7/8/2026 15:15,20.85,41.75,0,291.5,16.2,1008.875,8,3
7/8/2026 15:30,21,41.5,0,292,16.2,1008.95,8,3
7/8/2026 15:45,21.15,41.25,0,292.5,16.2,1009.025,8,3
7/8/2026 16:00,21.3,41,0,293,16.2,1009.1,8,3
7/8/2026 16:15,21.175,41.5,0,292.75,16.2,1009.15,7,3
7/8/2026 16:30,21.05,42,0,292.5,16.2,1009.2,6,3
7/8/2026 16:45,20.925,42.5,0,292.25,16.2,1009.25,5,3
7/8/2026 17:00,20.8,43,0,292,16.2,1009.3,4,3
7/8/2026 17:15,20.475,44.25,0,291.25,15.575,1009.45,4.5,3
7/8/2026 17:30,20.15,45.5,0,290.5,14.95,1009.6,5,3
7/8/2026 17:45,19.825,46.75,0,289.75,14.325,1009.75,5.5,3
7/8/2026 18:00,19.5,48,0,289,13.7,1009.9,6,3
7/8/2026 18:15,19.3,49,0,285,13.25,1010.1,5.25,3
7/8/2026 18:30,19.1,50,0,281,12.8,1010.3,4.5,3
7/8/2026 18:45,18.9,51,0,277,12.35,1010.5,3.75,3
7/8/2026 19:00,18.7,52,0,273,11.9,1010.7,3,3
7/8/2026 19:15,18.525,53,0,272.5,11.975,1010.85,4,2.75
7/8/2026 19:30,18.35,54,0,272,12.05,1011,5,2.5
7/8/2026 19:45,18.175,55,0,271.5,12.125,1011.15,6,2.25
7/8/2026 20:00,18,56,0,271,12.2,1011.3,7,2
7/8/2026 20:15,18.025,56.25,0,275,12.4,1011.375,5.5,2.25
7/8/2026 20:30,18.05,56.5,0,279,12.6,1011.45,4,2.5
7/8/2026 20:45,18.075,56.75,0,283,12.8,1011.525,2.5,2.75
7/8/2026 21:00,18.1,57,0,287,13,1011.6,1,3
7/8/2026 21:15,17.95,58.25,0,284.75,12.725,1011.675,1,2.5
7/8/2026 21:30,17.8,59.5,0,282.5,12.45,1011.75,1,2
7/8/2026 21:45,17.65,60.75,0,280.25,12.175,1011.825,1,1.5
7/8/2026 22:00,17.5,62,0,278,11.9,1011.9,1,1
7/8/2026 22:15,17.3,63.5,0,279.75,12.7,1011.975,1.25,1
7/8/2026 22:30,17.1,65,0,281.5,13.5,1012.05,1.5,1
7/8/2026 22:45,16.9,66.5,0,283.25,14.3,1012.125,1.75,1
7/8/2026 23:00,16.7,68,0,285,15.1,1012.2,2,1
7/8/2026 23:15,16.65,69.5,0,285,14.65,1012.25,2.75,5
7/8/2026 23:30,16.6,71,0,285,14.2,1012.3,3.5,9
7/8/2026 23:45,16.55,72.5,0,285,13.75,1012.35,4.25,13
7/9/2026 0:00,16.5,74,0,285,13.3,1012.4,5,17
7/9/2026 0:15,16.375,75.25,0,287.25,14.025,1012.675,5.75,13.5
7/9/2026 0:30,16.25,76.5,0,289.5,14.75,1012.95,6.5,10
7/9/2026 0:45,16.125,77.75,0,291.75,15.475,1013.225,7.25,6.5
7/9/2026 5:00,16,79,0,294,16.2,1013.5,8,3
7/9/2026 5:15,16.1,78.5,0,295.75,16.1,1013.5,8,3
7/9/2026 5:30,16.2,78,0,297.5,16,1013.5,8,3
7/9/2026 5:45,16.3,77.5,0,299.25,15.9,1013.5,8,3
7/9/2026 6:00,16.4,77,0,301,15.8,1013.5,8,3
7/9/2026 6:15,16.325,77.75,0,301.25,15.725,1013.575,7.5,3
7/9/2026 6:30,16.25,78.5,0,301.5,15.65,1013.65,7,3
7/9/2026 6:45,16.175,79.25,0,301.75,15.575,1013.725,6.5,3
7/9/2026 7:00,16.1,80,0,302,15.5,1013.8,6,3
7/9/2026 7:15,16.05,82.5,0,301.5,15.575,1013.875,5.75,6.5
7/9/2026 7:30,16,85,0,301,15.65,1013.95,5.5,10
7/9/2026 7:45,15.95,87.5,0,300.5,15.725,1014.025,5.25,13.5
7/9/2026 8:00,15.9,90,0,300,15.8,1014.1,5,17
7/9/2026 8:15,16.05,89.5,0.125,299.25,15.8,1014.175,5.5,13.5
7/9/2026 8:30,16.2,89,0.25,298.5,15.8,1014.25,6,10
7/9/2026 8:45,16.35,88.5,0.375,297.75,15.8,1014.325,6.5,6.5
7/9/2026 9:00,16.5,88,0.5,297,15.8,1014.4,7,3
7/9/2026 9:15,16.625,87.5,0.375,299.75,16.25,1014.325,7,6.5
7/9/2026 9:30,16.75,87,0.25,302.5,16.7,1014.25,7,10
7/9/2026 9:45,16.875,86.5,0.125,305.25,17.15,1014.175,7,13.5
7/9/2026 10:00,17,86,0,308,17.6,1014.1,7,17
7/9/2026 10:15,17.05,86.25,0.125,307.75,17.25,1014.225,5.75,14.5
7/9/2026 10:30,17.1,86.5,0.25,307.5,16.9,1014.35,4.5,12
7/9/2026 10:45,17.15,86.75,0.375,307.25,16.55,1014.475,3.25,9.5
7/9/2026 11:00,17.2,87,0.5,307,16.2,1014.6,2,7
7/9/2026 11:15,17.05,86,0.5,307.5,16.55,1014.625,3,5.75
7/9/2026 11:30,16.9,85,0.5,308,16.9,1014.65,4,4.5
7/9/2026 11:45,16.75,84,0.5,308.5,17.25,1014.675,5,3.25
7/9/2026 12:00,16.6,83,0.5,309,17.6,1014.7,6,2
7/9/2026 12:15,17.45,78.75,0.375,308.75,17.875,1014.725,4.75,2.25
7/9/2026 12:30,18.3,74.5,0.25,308.5,18.15,1014.75,3.5,2.5
7/9/2026 12:45,19.15,70.25,0.125,308.25,18.425,1014.775,2.25,2.75
7/9/2026 13:00,20,66,0,308,18.7,1014.8,1,3
7/9/2026 13:15,20.2,63.75,0,310,18.525,1014.85,1.5,2.75
7/9/2026 13:30,20.4,61.5,0,312,18.35,1014.9,2,2.5
7/9/2026 13:45,20.6,59.25,0,314,18.175,1014.95,2.5,2.25
7/9/2026 14:00,20.8,57,0,316,18,1015,3,2
7/9/2026 14:15,20.65,57.75,0,318.75,18.725,1015,4,2.25
7/9/2026 14:30,20.5,58.5,0,321.5,19.45,1015,5,2.5
7/9/2026 14:45,20.35,59.25,0,324.25,20.175,1015,6,2.75
7/9/2026 15:00,20.2,60,0,327,20.9,1015,7,3
7/9/2026 15:15,19.85,61.75,0,326,20.9,1015.125,6.5,4
7/9/2026 15:30,19.5,63.5,0,325,20.9,1015.25,6,5
7/9/2026 15:45,19.15,65.25,0,324,20.9,1015.375,5.5,6
7/9/2026 16:00,18.8,67,0,323,20.9,1015.5,5,7
7/9/2026 16:15,19.1,66,0,322,20.175,1015.55,5.5,9.5
7/9/2026 16:30,19.4,65,0,321,19.45,1015.6,6,12
7/9/2026 16:45,19.7,64,0,320,18.725,1015.65,6.5,14.5
7/9/2026 17:00,20,63,0,319,18,1015.7,7,17
7/9/2026 17:15,19.9,63,0,321,18.45,1015.875,6.5,14.5
7/9/2026 17:30,19.8,63,0,323,18.9,1016.05,6,12
7/9/2026 17:45,19.7,63,0,325,19.35,1016.225,5.5,9.5
7/9/2026 18:00,19.6,63,0,327,19.8,1016.4,5,7
7/9/2026 18:15,19.425,64.5,0,322.5,18.9,1016.6,5,9.5
7/9/2026 18:30,19.25,66,0,318,18,1016.8,5,12
7/9/2026 18:45,19.075,67.5,0,313.5,17.1,1017,5,14.5
7/9/2026 19:00,18.9,69,0,309,16.2,1017.2,5,17
7/9/2026 19:15,18.725,69.75,0,310.5,15.4,1017.325,4.5,13.5
7/9/2026 19:30,18.55,70.5,0,312,14.6,1017.45,4,10
7/9/2026 19:45,18.375,71.25,0,313.5,13.8,1017.575,3.5,6.5
7/9/2026 20:00,18.2,72,0,315,13,1017.7,3,3
7/9/2026 20:15,18.075,72.75,0,315.75,13,1017.8,3,2.75
7/9/2026 20:30,17.95,73.5,0,316.5,13,1017.9,3,2.5
7/9/2026 20:45,17.825,74.25,0,317.25,13,1018,3,2.25
7/9/2026 21:00,17.7,75,0,318,13,1018.1,3,2
7/9/2026 21:15,17.475,76,0,318,13,1018.075,2.75,2
7/9/2026 21:30,17.25,77,0,318,13,1018.05,2.5,2
7/9/2026 21:45,17.025,78,0,318,13,1018.025,2.25,2
7/9/2026 22:00,16.8,79,0,318,13,1018,2,2
7/9/2026 22:15,16.825,79,0,317.5,12.55,1018.05,2.5,2
7/9/2026 22:30,16.85,79,0,317,12.1,1018.1,3,2
7/9/2026 22:45,16.875,79,0,316.5,11.65,1018.15,3.5,2
7/9/2026 23:00,16.9,79,0,316,11.2,1018.2,4,2
7/9/2026 23:15,16.925,78.5,0,314.5,10.925,1018.225,5,2.25
7/9/2026 23:30,16.95,78,0,313,10.65,1018.25,6,2.5
7/9/2026 23:45,16.975,77.5,0,311.5,10.375,1018.275,7,2.75
7/10/2026 0:00,17,77,0,310,10.1,1018.3,8,3
7/10/2026 0:15,16.725,78.5,0,307.75,10.375,1018.4,8,3
7/10/2026 0:30,16.45,80,0,305.5,10.65,1018.5,8,3
7/10/2026 0:45,16.175,81.5,0,303.25,10.925,1018.6,8,3
7/10/2026 5:00,15.9,83,0,301,11.2,1018.7,8,3
7/10/2026 5:15,15.95,82.75,0,302.25,11.825,1018.75,7.5,3
7/10/2026 5:30,16,82.5,0,303.5,12.45,1018.8,7,3
7/10/2026 5:45,16.05,82.25,0,304.75,13.075,1018.85,6.5,3
7/10/2026 6:00,16.1,82,0,306,13.7,1018.9,6,3
7/10/2026 6:15,16.525,80.5,0,308.25,13.525,1018.925,5.25,3
7/10/2026 6:30,16.95,79,0,310.5,13.35,1018.95,4.5,3
7/10/2026 6:45,17.375,77.5,0,312.75,13.175,1018.975,3.75,3
7/10/2026 7:00,17.8,76,0,315,13,1019,3,3
7/10/2026 7:15,18.25,74.25,0,313.5,12.9,1018.95,3.25,3
7/10/2026 7:30,18.7,72.5,0,312,12.8,1018.9,3.5,3
7/10/2026 7:45,19.15,70.75,0,310.5,12.7,1018.85,3.75,3
7/10/2026 8:00,19.6,69,0,309,12.6,1018.8,4,3
7/10/2026 8:15,19.825,67.75,0,309.75,12.775,1018.775,3.5,3
7/10/2026 8:30,20.05,66.5,0,310.5,12.95,1018.75,3,3
7/10/2026 8:45,20.275,65.25,0,311.25,13.125,1018.725,2.5,3
7/10/2026 9:00,20.5,64,0,312,13.3,1018.7,2,3
7/10/2026 9:15,20.275,65.5,0.05,313.5,13.4,1018.65,2.75,2.75
7/10/2026 9:30,20.05,67,0.1,315,13.5,1018.6,3.5,2.5
7/10/2026 9:45,19.825,68.5,0.15,316.5,13.6,1018.55,4.25,2.25
7/10/2026 10:00,19.6,70,0.2,318,13.7,1018.5,5,2
7/10/2026 10:15,19.2,73.75,0.625,315.25,13.975,1018.375,5.25,2.25
7/10/2026 10:30,18.8,77.5,1.05,312.5,14.25,1018.25,5.5,2.5
7/10/2026 10:45,18.4,81.25,1.475,309.75,14.525,1018.125,5.75,2.75
7/10/2026 11:00,18,85,1.9,307,14.8,1018,6,3
7/10/2026 11:15,17.8,84.5,1.6,307.5,15.05,1017.95,6,3
7/10/2026 11:30,17.6,84,1.3,308,15.3,1017.9,6,3
7/10/2026 11:45,17.4,83.5,1,308.5,15.55,1017.85,6,3
7/10/2026 12:00,17.2,83,0.7,309,15.8,1017.8,6,3
7/10/2026 12:15,17.325,82.5,0.575,232,16.7,1017.925,6.5,6.5
7/10/2026 12:30,17.45,82,0.45,155,17.6,1018.05,7,10
7/10/2026 12:45,17.575,81.5,0.325,78,18.5,1018.175,7.5,13.5
7/10/2026 13:00,17.7,81,0.2,1,19.4,1018.3,8,17
7/10/2026 13:15,18.425,77.25,0.15,81.75,18.15,1018.25,7,14.75
7/10/2026 13:30,19.15,73.5,0.1,162.5,16.9,1018.2,6,12.5
7/10/2026 13:45,19.875,69.75,0.05,243.25,15.65,1018.15,5,10.25
7/10/2026 14:00,20.6,66,0,324,14.4,1018.1,4,8
7/10/2026 14:15,20.4,66,0,325.25,14.125,1018.025,3.75,10.25
7/10/2026 14:30,20.2,66,0,326.5,13.85,1017.95,3.5,12.5
7/10/2026 14:45,20,66,0,327.75,13.575,1017.875,3.25,14.75
7/10/2026 15:00,19.8,66,0,329,13.3,1017.8,3,17
7/10/2026 15:15,19.625,66.75,0,322.75,13.125,1017.8,2.75,17
7/10/2026 15:30,19.45,67.5,0,316.5,12.95,1017.8,2.5,17
7/10/2026 15:45,19.275,68.25,0,310.25,12.775,1017.8,2.25,17
7/10/2026 16:00,19.1,69,0,304,12.6,1017.8,2,17
7/10/2026 16:15,19.2,69,0,315.75,12.425,1017.8,2.25,13.25
7/10/2026 16:30,19.3,69,0,327.5,12.25,1017.8,2.5,9.5
7/10/2026 16:45,19.4,69,0,339.25,12.075,1017.8,2.75,5.75
7/10/2026 17:00,19.5,69,0,351,11.9,1017.8,3,2
7/10/2026 17:15,19.675,68.5,0,349,11.175,1017.8,3,2.25
7/10/2026 17:30,19.85,68,0,347,10.45,1017.8,3,2.5
7/10/2026 17:45,20.025,67.5,0,345,9.725,1017.8,3,2.75
7/10/2026 18:00,20.2,67,0,343,9,1017.8,3,3
7/10/2026 18:15,19.65,67.5,0,341,8.9,1017.825,2.5,2.75
7/10/2026 18:30,19.1,68,0,339,8.8,1017.85,2,2.5
7/10/2026 18:45,18.55,68.5,0,337,8.7,1017.875,1.5,2.25
7/10/2026 19:00,18,69,0,335,8.6,1017.9,1,2
7/10/2026 19:15,17.925,69.25,0,332.25,8.35,1017.9,1.25,1.75
7/10/2026 19:30,17.85,69.5,0,329.5,8.1,1017.9,1.5,1.5
7/10/2026 19:45,17.775,69.75,0,326.75,7.85,1017.9,1.75,1.25
7/10/2026 20:00,17.7,70,0,324,7.6,1017.9,2,1
7/10/2026 20:15,17.275,72.5,0,319.75,7.5,1017.95,2,1.25
7/10/2026 20:30,16.85,75,0,315.5,7.4,1018,2,1.5
7/10/2026 20:45,16.425,77.5,0,311.25,7.3,1018.05,2,1.75
7/10/2026 21:00,16,80,0,307,7.2,1018.1,2,2
7/10/2026 21:15,15.95,80.25,0,305,7.55,1018,1.5,2
7/10/2026 21:30,15.9,80.5,0,303,7.9,1017.9,1,2
7/10/2026 21:45,15.85,80.75,0,301,8.25,1017.8,0.5,2
7/10/2026 22:00,15.8,81,0,299,8.6,1017.7,0,2
7/10/2026 22:15,15.575,81.5,0,301.75,8.7,1017.6,0,1.75
7/10/2026 22:30,15.35,82,0,304.5,8.8,1017.5,0,1.5
7/10/2026 22:45,15.125,82.5,0,307.25,8.9,1017.4,0,1.25
7/10/2026 23:00,14.9,83,0,310,9,1017.3,0,1
7/10/2026 23:15,14.825,84,0,311.5,9.175,1017.275,0,1
7/10/2026 23:30,14.75,85,0,313,9.35,1017.25,0,1
7/10/2026 23:45,14.675,86,0,314.5,9.525,1017.225,0,1
7/11/2026 0:00,14.6,87,0,316,9.7,1017.2,0,1
7/11/2026 0:15,14.5,84.75,0,310,10.25,1016.95,0.25,1
7/11/2026 0:30,14.4,82.5,0,304,10.8,1016.7,0.5,1
7/11/2026 0:45,14.3,80.25,0,298,11.35,1016.45,0.75,1
7/11/2026 5:00,14.2,78,0,292,11.9,1016.2,1,1
7/11/2026 5:15,14.45,78.25,0,293.5,11.8,1016.175,1.5,1
7/11/2026 5:30,14.7,78.5,0,295,11.7,1016.15,2,1
7/11/2026 5:45,14.95,78.75,0,296.5,11.6,1016.125,2.5,1
7/11/2026 6:00,15.2,79,0,298,11.5,1016.1,3,1
7/11/2026 6:15,15.725,77.25,0,297.5,12.125,1016.025,3.25,1.5
7/11/2026 6:30,16.25,75.5,0,297,12.75,1015.95,3.5,2
7/11/2026 6:45,16.775,73.75,0,296.5,13.375,1015.875,3.75,2.5
7/11/2026 7:00,17.3,72,0,296,14,1015.8,4,3
7/11/2026 7:15,17.55,71,0,296.75,14.65,1015.65,5,3
7/11/2026 7:30,17.8,70,0,297.5,15.3,1015.5,6,3
7/11/2026 7:45,18.05,69,0,298.25,15.95,1015.35,7,3
7/11/2026 8:00,18.3,68,0,299,16.6,1015.2,8,3
7/11/2026 8:15,18.55,67.5,0,298.75,16.775,1015.15,8,3
7/11/2026 8:30,18.8,67,0,298.5,16.95,1015.1,8,3
7/11/2026 8:45,19.05,66.5,0,298.25,17.125,1015.05,8,3
7/11/2026 9:00,19.3,66,0,298,17.3,1015,8,3
7/11/2026 9:15,19.9,64,0,297.5,17.575,1014.875,8,3
7/11/2026 9:30,20.5,62,0,297,17.85,1014.75,8,3
7/11/2026 9:45,21.1,60,0,296.5,18.125,1014.625,8,3
7/11/2026 10:00,21.7,58,0,296,18.4,1014.5,8,3
7/11/2026 10:15,22.275,55.5,0,299,18.65,1014.375,8,3
7/11/2026 10:30,22.85,53,0,302,18.9,1014.25,8,3
7/11/2026 10:45,23.425,50.5,0,305,19.15,1014.125,8,3
7/11/2026 11:00,24,48,0,308,19.4,1014,8,3
7/11/2026 11:15,23.35,51.5,0.075,312.75,19.5,1013.95,8,4
7/11/2026 11:30,22.7,55,0.15,317.5,19.6,1013.9,8,5
7/11/2026 11:45,22.05,58.5,0.225,322.25,19.7,1013.85,8,6
7/11/2026 12:00,21.4,62,0.3,327,19.8,1013.8,8,7
7/11/2026 12:15,21.775,59.5,0.225,304.25,18.175,1013.575,8,7.25
7/11/2026 12:30,22.15,57,0.15,281.5,16.55,1013.35,8,7.5
7/11/2026 12:45,22.525,54.5,0.075,258.75,14.925,1013.125,8,7.75
7/11/2026 13:00,22.9,52,0,236,13.3,1012.9,8,8
7/11/2026 13:15,22.775,50.75,0,264.75,14.475,1012.95,8,8
7/11/2026 13:30,22.65,49.5,0,293.5,15.65,1013,8,8
7/11/2026 13:45,22.525,48.25,0,322.25,16.825,1013.05,8,8
7/11/2026 14:00,22.4,47,0,351,18,1013.1,8,8
7/11/2026 14:15,21.55,53.5,0.125,338.5,17.9,1013.225,8,8.25
7/11/2026 14:30,20.7,60,0.25,326,17.8,1013.35,8,8.5
7/11/2026 14:45,19.85,66.5,0.375,313.5,17.7,1013.475,8,8.75
7/11/2026 15:00,19,73,0.5,301,17.6,1013.6,8,9
7/11/2026 15:15,18.725,73.5,0.45,305,16.8,1013.575,8,9
7/11/2026 15:30,18.45,74,0.4,309,16,1013.55,8,9
7/11/2026 15:45,18.175,74.5,0.35,313,15.2,1013.525,8,9
7/11/2026 16:00,17.9,75,0.3,317,14.4,1013.5,8,9
7/11/2026 16:15,17.9,72.5,0.225,319,15.125,1013.4,8,9
7/11/2026 16:30,17.9,70,0.15,321,15.85,1013.3,8,9
7/11/2026 16:45,17.9,67.5,0.075,323,16.575,1013.2,8,9
7/11/2026 17:00,17.9,65,0,325,17.3,1013.1,8,9
7/11/2026 17:15,17.85,67,0,323.75,16.85,1013.05,8,8.75
7/11/2026 17:30,17.8,69,0,322.5,16.4,1013,8,8.5
7/11/2026 17:45,17.75,71,0,321.25,15.95,1012.95,8,8.25
7/11/2026 18:00,17.7,73,0,320,15.5,1012.9,8,8
7/11/2026 18:15,17.575,73.75,0,317,15.575,1012.85,8,6.75
7/11/2026 18:30,17.45,74.5,0,314,15.65,1012.8,8,5.5
7/11/2026 18:45,17.325,75.25,0,311,15.725,1012.75,8,4.25
7/11/2026 19:00,17.2,76,0,308,15.8,1012.7,8,3
7/11/2026 19:15,16.6,80,0.35,308.5,15.625,1012.65,8,4.25
7/11/2026 19:30,16,84,0.7,309,15.45,1012.6,8,5.5
7/11/2026 19:45,15.4,88,1.05,309.5,15.275,1012.55,8,6.75
7/11/2026 20:00,14.8,92,1.4,310,15.1,1012.5,8,8
7/11/2026 20:15,14.7,92.5,1.45,310,14.825,1012.525,8,8
7/11/2026 20:30,14.6,93,1.5,310,14.55,1012.55,8,8
7/11/2026 20:45,14.5,93.5,1.55,310,14.275,1012.575,8,8
7/11/2026 21:00,14.4,94,1.6,310,14,1012.6,8,8
7/11/2026 21:15,14.4,94.5,1.225,310.5,14.2,1012.475,8,8.25
7/11/2026 21:30,14.4,95,0.85,311,14.4,1012.35,8,8.5
7/11/2026 21:45,14.4,95.5,0.475,311.5,14.6,1012.225,8,8.75
7/11/2026 22:00,14.4,96,0.1,312,14.8,1012.1,8,9
7/11/2026 22:15,14.4,96,0.25,309,14.7,1012,8,8.75
7/11/2026 22:30,14.4,96,0.4,306,14.6,1011.9,8,8.5
7/11/2026 22:45,14.4,96,0.55,303,14.5,1011.8,8,8.25
7/11/2026 23:00,14.4,96,0.7,300,14.4,1011.7,8,8
7/11/2026 23:15,14.4,96,0.55,295,14.225,1011.6,8,7.75
7/11/2026 23:30,14.4,96,0.4,290,14.05,1011.5,8,7.5
7/11/2026 23:45,14.4,96,0.25,285,13.875,1011.4,8,7.25
7/12/2026 0:00,14.4,96,0.1,280,13.7,1011.3,8,7
7/12/2026 0:15,14.475,96.75,0.9,280.75,13.25,1010.875,8,7.5
7/12/2026 0:30,14.55,97.5,1.7,281.5,12.8,1010.45,8,8
7/12/2026 0:45,14.625,98.25,2.5,282.25,12.35,1010.025,8,8.5
7/12/2026 5:00,14.7,99,3.3,283,11.9,1009.6,8,9
7/12/2026 5:15,14.7,98.75,2.6,284,12.25,1009.5,8,9
7/12/2026 5:30,14.7,98.5,1.9,285,12.6,1009.4,8,9
7/12/2026 5:45,14.7,98.25,1.2,286,12.95,1009.3,8,9
7/12/2026 6:00,14.7,98,0.5,287,13.3,1009.2,8,9
7/12/2026 6:15,14.75,98,1.55,288.25,13.75,1009.125,8,9
7/12/2026 6:30,14.8,98,2.6,289.5,14.2,1009.05,8,9
7/12/2026 6:45,14.85,98,3.65,290.75,14.65,1008.975,8,9
7/12/2026 7:00,14.9,98,4.7,292,15.1,1008.9,8,9
7/12/2026 7:15,14.975,97.75,3.925,286.5,14.2,1008.8,8,9
7/12/2026 7:30,15.05,97.5,3.15,281,13.3,1008.7,8,9
7/12/2026 7:45,15.125,97.25,2.375,275.5,12.4,1008.6,8,9
7/12/2026 8:00,15.2,97,1.6,270,11.5,1008.5,8,9
7/12/2026 8:15,15.3,96.75,1.425,272.5,11.15,1008.425,8,9
7/12/2026 8:30,15.4,96.5,1.25,275,10.8,1008.35,8,9
7/12/2026 8:45,15.5,96.25,1.075,277.5,10.45,1008.275,8,9
7/12/2026 9:00,15.6,96,0.9,280,10.1,1008.2,8,9
7/12/2026 9:15,15.7,96,0.95,282,9.825,1008.175,8,8.75
7/12/2026 9:30,15.8,96,1,284,9.55,1008.15,8,8.5
7/12/2026 9:45,15.9,96,1.05,286,9.275,1008.125,8,8.25
7/12/2026 10:00,16,96,1.1,288,9,1008.1,8,8
7/12/2026 10:15,16.175,95.75,0.975,285.5,8.65,1008.025,8,8
7/12/2026 10:30,16.35,95.5,0.85,283,8.3,1007.95,8,8
7/12/2026 10:45,16.525,95.25,0.725,280.5,7.95,1007.875,8,8
7/12/2026 11:00,16.7,95,0.6,278,7.6,1007.8,8,8
7/12/2026 11:15,16.75,94.75,0.575,272,7.325,1007.8,8,7.75
7/12/2026 11:30,16.8,94.5,0.55,266,7.05,1007.8,8,7.5
7/12/2026 11:45,16.85,94.25,0.525,260,6.775,1007.8,8,7.25
7/12/2026 12:00,16.9,94,0.5,254,6.5,1007.8,8,7
7/12/2026 12:15,17,94.25,0.55,248.5,6.775,1007.725,8,7.25
7/12/2026 12:30,17.1,94.5,0.6,243,7.05,1007.65,8,7.5
7/12/2026 12:45,17.2,94.75,0.65,237.5,7.325,1007.575,8,7.75
7/12/2026 13:00,17.3,95,0.7,232,7.6,1007.5,8,8
7/12/2026 13:15,17.325,93.75,0.525,225,8.675,1007.425,8,8.25
7/12/2026 13:30,17.35,92.5,0.35,218,9.75,1007.35,8,8.5
7/12/2026 13:45,17.375,91.25,0.175,211,10.825,1007.275,8,8.75
7/12/2026 14:00,17.4,90,0,204,11.9,1007.2,8,9
7/12/2026 14:15,17.45,90.25,0,216,11.625,1007.175,8,9
7/12/2026 14:30,17.5,90.5,0,228,11.35,1007.15,8,9
7/12/2026 14:45,17.55,90.75,0,240,11.075,1007.125,8,9
7/12/2026 15:00,17.6,91,0,252,10.8,1007.1,8,9
7/12/2026 15:15,17.65,91.25,0,245.75,11.25,1007.125,8,9
7/12/2026 15:30,17.7,91.5,0,239.5,11.7,1007.15,8,9
7/12/2026 15:45,17.75,91.75,0,233.25,12.15,1007.175,8,9
7/12/2026 16:00,17.8,92,0,227,12.6,1007.2,8,9
7/12/2026 16:15,17.575,93.5,0.275,228.75,11.525,1007.125,7.5,9
7/12/2026 16:30,17.35,95,0.55,230.5,10.45,1007.05,7,9
7/12/2026 16:45,17.125,96.5,0.825,232.25,9.375,1006.975,6.5,9
7/12/2026 17:00,16.9,98,1.1,234,8.3,1006.9,6,9
7/12/2026 17:15,16.9,98,2.325,226.75,8.125,1006.95,6,11
7/12/2026 17:30,16.9,98,3.55,219.5,7.95,1007,6,13
7/12/2026 17:45,16.9,98,4.775,212.25,7.775,1007.05,6,15
7/12/2026 18:00,16.9,98,6,205,7.6,1007.1,6,17
7/12/2026 18:15,16.875,98.25,6.3,199.25,7.05,1007.175,6.5,17
7/12/2026 18:30,16.85,98.5,6.6,193.5,6.5,1007.25,7,17
7/12/2026 18:45,16.825,98.75,6.9,187.75,5.95,1007.325,7.5,17
7/12/2026 19:00,16.8,99,7.2,182,5.4,1007.4,8,17
7/12/2026 19:15,16.8,99,6,187.5,5.3,1007.475,8,14.75
7/12/2026 19:30,16.8,99,4.8,193,5.2,1007.55,8,12.5
7/12/2026 19:45,16.8,99,3.6,198.5,5.1,1007.625,8,10.25
7/12/2026 20:00,16.8,99,2.4,204,5,1007.7,8,8
7/12/2026 20:15,16.8,99,2.1,181.25,5.375,1007.75,8,8
7/12/2026 20:30,16.8,99,1.8,158.5,5.75,1007.8,8,8
7/12/2026 20:45,16.8,99,1.5,135.75,6.125,1007.85,8,8
7/12/2026 21:00,16.8,99,1.2,113,6.5,1007.9,8,8
7/12/2026 21:15,16.775,98.75,1.975,121,6.575,1007.875,8,8.25
7/12/2026 21:30,16.75,98.5,2.75,129,6.65,1007.85,8,8.5
7/12/2026 21:45,16.725,98.25,3.525,137,6.725,1007.825,8,8.75
7/12/2026 22:00,16.7,98,4.3,145,6.8,1007.8,8,9
7/12/2026 22:15,16.675,98.25,5.325,142.5,6.9,1007.9,8,8.75
7/12/2026 22:30,16.65,98.5,6.35,140,7,1008,8,8.5
7/12/2026 22:45,16.625,98.75,7.375,137.5,7.1,1008.1,8,8.25
7/12/2026 23:00,16.6,99,8.4,135,7.2,1008.2,8,8
7/12/2026 23:15,16.575,99,7.15,131.5,7.475,1008.2,8,8
7/12/2026 23:30,16.55,99,5.9,128,7.75,1008.2,8,8
7/12/2026 23:45,16.525,99,4.65,124.5,8.025,1008.2,8,8
7/13/2026 0:00,16.5,99,3.4,121,8.3,1008.2,8,8
7/13/2026 0:15,16.45,98.75,2.85,147.5,8.65,1008.2,8,7.75
7/13/2026 0:30,16.4,98.5,2.3,174,9,1008.2,8,7.5
7/13/2026 0:45,16.35,98.25,1.75,200.5,9.35,1008.2,8,7.25
7/13/2026 5:00,16.3,98,1.2,227,9.7,1008.2,8,7
7/13/2026 5:15,16.325,98,3,222.25,9.875,1008.25,8,7.25
7/13/2026 5:30,16.35,98,4.8,217.5,10.05,1008.3,8,7.5
7/13/2026 5:45,16.375,98,6.6,212.75,10.225,1008.35,8,7.75
7/13/2026 6:00,16.4,98,8.4,208,10.4,1008.4,8,8
7/13/2026 6:15,16.425,98,8.125,208,10.5,1008.475,8,8.25
7/13/2026 6:30,16.45,98,7.85,208,10.6,1008.55,8,8.5
7/13/2026 6:45,16.475,98,7.575,208,10.7,1008.625,8,8.75
7/13/2026 7:00,16.5,98,7.3,208,10.8,1008.7,8,9
7/13/2026 7:15,16.7,97.5,5.75,207,10.8,1008.75,8,9
7/13/2026 7:30,16.9,97,4.2,206,10.8,1008.8,8,9
7/13/2026 7:45,17.1,96.5,2.65,205,10.8,1008.85,8,9
7/13/2026 8:00,17.3,96,1.1,204,10.8,1008.9,8,9
7/13/2026 8:15,17.45,94.5,0.825,210.75,11.15,1009.075,8,9
7/13/2026 8:30,17.6,93,0.55,217.5,11.5,1009.25,8,9
7/13/2026 8:45,17.75,91.5,0.275,224.25,11.85,1009.425,8,9
7/13/2026 9:00,17.9,90,0,231,12.2,1009.6,8,9
7/13/2026 9:15,18.075,89,0,228.5,11.95,1009.675,8,8.75
7/13/2026 9:30,18.25,88,0,226,11.7,1009.75,8,8.5
7/13/2026 9:45,18.425,87,0,223.5,11.45,1009.825,8,8.25
7/13/2026 10:00,18.6,86,0,221,11.2,1009.9,8,8
7/13/2026 10:15,18.825,84,0,220.5,11,1009.9,8,8
7/13/2026 10:30,19.05,82,0,220,10.8,1009.9,8,8
7/13/2026 10:45,19.275,80,0,219.5,10.6,1009.9,8,8
7/13/2026 11:00,19.5,78,0,219,10.4,1009.9,8,8
7/13/2026 11:15,20.025,75.75,0,219.5,10.775,1009.925,8,7.75
7/13/2026 11:30,20.55,73.5,0,220,11.15,1009.95,8,7.5
7/13/2026 11:45,21.075,71.25,0,220.5,11.525,1009.975,8,7.25
7/13/2026 12:00,21.6,69,0,221,11.9,1010,8,7
7/13/2026 12:15,21.275,71.5,0.05,224.5,11.9,1010,7.5,6
7/13/2026 12:30,20.95,74,0.1,228,11.9,1010,7,5
7/13/2026 12:45,20.625,76.5,0.15,231.5,11.9,1010,6.5,4
7/13/2026 13:00,20.3,79,0.2,235,11.9,1010,6,3
7/13/2026 13:15,20.6,76.5,0.15,236,11,1009.85,6.5,3
7/13/2026 13:30,20.9,74,0.1,237,10.1,1009.7,7,3
7/13/2026 13:45,21.2,71.5,0.05,238,9.2,1009.55,7.5,3
7/13/2026 14:00,21.5,69,0,239,8.3,1009.4,8,3
7/13/2026 14:15,21.875,66,0,226.75,7.675,1009.375,6.75,4
7/13/2026 14:30,22.25,63,0,214.5,7.05,1009.35,5.5,5
7/13/2026 14:45,22.625,60,0,202.25,6.425,1009.325,4.25,6
7/13/2026 15:00,23,57,0,190,5.8,1009.3,3,7
7/13/2026 15:15,22.9,57.25,0,199.75,6.7,1009.35,3.75,9.75
7/13/2026 15:30,22.8,57.5,0,209.5,7.6,1009.4,4.5,12.5
7/13/2026 15:45,22.7,57.75,0,219.25,8.5,1009.45,5.25,15.25
7/13/2026 16:00,22.6,58,0,229,9.4,1009.5,6,18
7/13/2026 16:15,22.1,62.5,0,200.75,8.125,1009.65,5.25,18
7/13/2026 16:30,21.6,67,0,172.5,6.85,1009.8,4.5,18
7/13/2026 16:45,21.1,71.5,0,144.25,5.575,1009.95,3.75,18
7/13/2026 17:00,20.6,76,0,116,4.3,1010.1,3,18
7/13/2026 17:15,20.15,80,0.75,131.5,4.925,1010.1,2.75,14.25
7/13/2026 17:30,19.7,84,1.5,147,5.55,1010.1,2.5,10.5
7/13/2026 17:45,19.25,88,2.25,162.5,6.175,1010.1,2.25,6.75
7/13/2026 18:00,18.8,92,3,178,6.8,1010.1,2,3
7/13/2026 18:15,18.7,93,2.625,174.75,6.8,1010.25,2,2.75
7/13/2026 18:30,18.6,94,2.25,171.5,6.8,1010.4,2,2.5
7/13/2026 18:45,18.5,95,1.875,168.25,6.8,1010.55,2,2.25
7/13/2026 19:00,18.4,96,1.5,165,6.8,1010.7,2,2
7/13/2026 19:15,18.325,96.75,1.125,164.75,6.55,1010.875,2.25,2
7/13/2026 19:30,18.25,97.5,0.75,164.5,6.3,1011.05,2.5,2
7/13/2026 19:45,18.175,98.25,0.375,164.25,6.05,1011.225,2.75,2
7/13/2026 20:00,18.1,99,0,164,5.8,1011.4,3,2
7/13/2026 20:15,18.125,98.75,0,164.5,5.7,1011.45,3.25,2
7/13/2026 20:30,18.15,98.5,0,165,5.6,1011.5,3.5,2
7/13/2026 20:45,18.175,98.25,0,165.5,5.5,1011.55,3.75,2
7/13/2026 21:00,18.2,98,0,166,5.4,1011.6,4,2
7/13/2026 21:15,17.95,97.75,0,170.5,6.125,1011.6,3.25,2.25
7/13/2026 21:30,17.7,97.5,0,175,6.85,1011.6,2.5,2.5
7/13/2026 21:45,17.45,97.25,0,179.5,7.575,1011.6,1.75,2.75
7/13/2026 22:00,17.2,97,0,184,8.3,1011.6,1,3
7/13/2026 22:15,16.975,97.5,0,190.5,7.75,1011.625,0.75,2.5
7/13/2026 22:30,16.75,98,0,197,7.2,1011.65,0.5,2
7/13/2026 22:45,16.525,98.5,0,203.5,6.65,1011.675,0.25,1.5
7/13/2026 23:00,16.3,99,0,210,6.1,1011.7,0,1
7/13/2026 23:15,16.225,99.25,0,212.5,5.825,1011.65,0,1
7/13/2026 23:30,16.15,99.5,0,215,5.55,1011.6,0,1
7/13/2026 23:45,16.075,99.75,0,217.5,5.275,1011.55,0,1
7/14/2026 0:00,16,100,0,220,5,1011.5,0,1
7/14/2026 0:15,16.225,99,0,214.75,5.825,1011.75,0.25,1.25
7/14/2026 0:30,16.45,98,0,209.5,6.65,1012,0.5,1.5
7/14/2026 0:45,16.675,97,0,204.25,7.475,1012.25,0.75,1.75
7/14/2026 5:00,16.9,96,0,199,8.3,1012.5,1,2
7/14/2026 5:15,17.25,94.25,0,201.25,7.675,1012.475,0.75,2
7/14/2026 5:30,17.6,92.5,0,203.5,7.05,1012.45,0.5,2
7/14/2026 5:45,17.95,90.75,0,205.75,6.425,1012.425,0.25,2
7/14/2026 6:00,18.3,89,0,208,5.8,1012.4,0,2
7/14/2026 6:15,18.65,88,0,210,5.8,1012.4,0,1.75
7/14/2026 6:30,19,87,0,212,5.8,1012.4,0,1.5
7/14/2026 6:45,19.35,86,0,214,5.8,1012.4,0,1.25
7/14/2026 7:00,19.7,85,0,216,5.8,1012.4,0,1
7/14/2026 7:15,20.15,82,0,221,5.875,1012.425,0,1
7/14/2026 7:30,20.6,79,0,226,5.95,1012.45,0,1
7/14/2026 7:45,21.05,76,0,231,6.025,1012.475,0,1
7/14/2026 8:00,21.5,73,0,236,6.1,1012.5,0,1
7/14/2026 8:15,22.05,69.5,0,240.5,6.55,1012.55,0,1
7/14/2026 8:30,22.6,66,0,245,7,1012.6,0,1
7/14/2026 8:45,23.15,62.5,0,249.5,7.45,1012.65,0,1
7/14/2026 9:00,23.7,59,0,254,7.9,1012.7,0,1
7/14/2026 9:15,23.75,59,0,253.5,8.075,1012.7,0.75,1
7/14/2026 9:30,23.8,59,0,253,8.25,1012.7,1.5,1
7/14/2026 9:45,23.85,59,0,252.5,8.425,1012.7,2.25,1
7/14/2026 10:00,23.9,59,0,252,8.6,1012.7,3,1
7/14/2026 10:15,24.225,57.5,0,253.5,9.05,1012.7,4,1.5
7/14/2026 10:30,24.55,56,0,255,9.5,1012.7,5,2
7/14/2026 10:45,24.875,54.5,0,256.5,9.95,1012.7,6,2.5
7/14/2026 11:00,25.2,53,0,258,10.4,1012.7,7,3
7/14/2026 11:15,25.325,52,0,256.5,10.95,1012.675,7,3
7/14/2026 11:30,25.45,51,0,255,11.5,1012.65,7,3
7/14/2026 11:45,25.575,50,0,253.5,12.05,1012.625,7,3
7/14/2026 12:00,25.7,49,0,252,12.6,1012.6,7,3
7/14/2026 12:15,25.85,49,0,255.25,12.7,1012.625,6,6.5
7/14/2026 12:30,26,49,0,258.5,12.8,1012.65,5,10
7/14/2026 12:45,26.15,49,0,261.75,12.9,1012.675,4,13.5
7/14/2026 13:00,26.3,49,0,265,13,1012.7,3,17
7/14/2026 13:15,26.175,49.25,0,267.25,12.275,1012.575,2.75,13.5
7/14/2026 13:30,26.05,49.5,0,269.5,11.55,1012.45,2.5,10
7/14/2026 13:45,25.925,49.75,0,271.75,10.825,1012.325,2.25,6.5
7/14/2026 14:00,25.8,50,0,274,10.1,1012.2,2,3
7/14/2026 14:15,25.375,52.75,0,274.75,10.175,1012.15,3.25,2.75
7/14/2026 14:30,24.95,55.5,0,275.5,10.25,1012.1,4.5,2.5
7/14/2026 14:45,24.525,58.25,0,276.25,10.325,1012.05,5.75,2.25
7/14/2026 15:00,24.1,61,0,277,10.4,1012,7,2
7/14/2026 15:15,24.375,60.25,0,278.5,11.125,1012.05,7.25,3.5
7/14/2026 15:30,24.65,59.5,0,280,11.85,1012.1,7.5,5
7/14/2026 15:45,24.925,58.75,0,281.5,12.575,1012.15,7.75,6.5
7/14/2026 16:00,25.2,58,0,283,13.3,1012.2,8,8
7/14/2026 16:15,25.25,57.25,0,281.75,12.5,1012.3,8,6.75
7/14/2026 16:30,25.3,56.5,0,280.5,11.7,1012.4,8,5.5
7/14/2026 16:45,25.35,55.75,0,279.25,10.9,1012.5,8,4.25
7/14/2026 17:00,25.4,55,0,278,10.1,1012.6,8,3
7/14/2026 17:15,25.3,55.5,0,276,9.275,1012.625,8,3
7/14/2026 17:30,25.2,56,0,274,8.45,1012.65,8,3
7/14/2026 17:45,25.1,56.5,0,272,7.625,1012.675,8,3
7/14/2026 18:00,25,57,0,270,6.8,1012.7,8,3
7/14/2026 18:15,24.775,57.5,0,269.25,6.725,1012.775,6.25,3
7/14/2026 18:30,24.55,58,0,268.5,6.65,1012.85,4.5,3
7/14/2026 18:45,24.325,58.5,0,267.75,6.575,1012.925,2.75,3
7/14/2026 19:00,24.1,59,0,267,6.5,1013,1,3
7/14/2026 19:15,23.225,63,0,266,7.025,1013.125,0.75,2.5
7/14/2026 19:30,22.35,67,0,265,7.55,1013.25,0.5,2
7/14/2026 19:45,21.475,71,0,264,8.075,1013.375,0.25,1.5
7/14/2026 20:00,20.6,75,0,263,8.6,1013.5,0,1
7/14/2026 20:15,20.4,76.5,0,261.25,8.35,1013.65,0.5,1
7/14/2026 20:30,20.2,78,0,259.5,8.1,1013.8,1,1
7/14/2026 20:45,20,79.5,0,257.75,7.85,1013.95,1.5,1
7/14/2026 21:00,19.8,81,0,256,7.6,1014.1,2,1
7/14/2026 21:15,19.525,82.25,0,257.5,7.675,1014.125,1.5,1.25
7/14/2026 21:30,19.25,83.5,0,259,7.75,1014.15,1,1.5
7/14/2026 21:45,18.975,84.75,0,260.5,7.825,1014.175,0.5,1.75
7/14/2026 22:00,18.7,86,0,262,7.9,1014.2,0,2
7/14/2026 22:15,18.575,87,0,262.25,8,1014.25,0,1.75
7/14/2026 22:30,18.45,88,0,262.5,8.1,1014.3,0,1.5
7/14/2026 22:45,18.325,89,0,262.75,8.2,1014.35,0,1.25
7/14/2026 23:00,18.2,90,0,263,8.3,1014.4,0,1
7/14/2026 23:15,18.55,88.5,0,262.5,8.3,1014.425,0,1
7/14/2026 23:30,18.9,87,0,262,8.3,1014.45,0,1
7/14/2026 23:45,19.25,85.5,0,261.5,8.3,1014.475,0,1
7/15/2026 0:00,19.6,84,0,261,8.3,1014.5,0,1
7/15/2026 0:15,19.675,82.25,0,264.5,8.475,1014.625,2,1.5
7/15/2026 0:30,19.75,80.5,0,268,8.65,1014.75,4,2
7/15/2026 0:45,19.825,78.75,0,271.5,8.825,1014.875,6,2.5
7/15/2026 5:00,19.9,77,0,275,9,1015,8,3
7/15/2026 5:15,19.925,77,0,272.5,9.35,1015.075,8,3
7/15/2026 5:30,19.95,77,0,270,9.7,1015.15,8,3
7/15/2026 5:45,19.975,77,0,267.5,10.05,1015.225,8,3
7/15/2026 6:00,20,77,0,265,10.4,1015.3,8,3
7/15/2026 6:15,19.825,78.75,0,268,10.4,1015.3,7.5,3
7/15/2026 6:30,19.65,80.5,0,271,10.4,1015.3,7,3
7/15/2026 6:45,19.475,82.25,0,274,10.4,1015.3,6.5,3
7/15/2026 7:00,19.3,84,0,277,10.4,1015.3,6,3
7/15/2026 7:15,19.225,83.75,0.025,277.25,10.325,1015.25,6.5,3
7/15/2026 7:30,19.15,83.5,0.05,277.5,10.25,1015.2,7,3
7/15/2026 7:45,19.075,83.25,0.075,277.75,10.175,1015.15,7.5,3
7/15/2026 8:00,19,83,0.1,278,10.1,1015.1,8,3
7/15/2026 8:15,19.175,82,0.075,277.75,10.9,1015.1,8,3
7/15/2026 8:30,19.35,81,0.05,277.5,11.7,1015.1,8,3
7/15/2026 8:45,19.525,80,0.025,277.25,12.5,1015.1,8,3
7/15/2026 9:00,19.7,79,0,277,13.3,1015.1,8,3
7/15/2026 9:15,19.975,76.75,0,276.5,13.4,1015.025,8,3
7/15/2026 9:30,20.25,74.5,0,276,13.5,1014.95,8,3
7/15/2026 9:45,20.525,72.25,0,275.5,13.6,1014.875,8,3
7/15/2026 10:00,20.8,70,0,275,13.7,1014.8,8,3
7/15/2026 10:15,21.075,69.5,0,275.5,13.975,1014.7,8,3
7/15/2026 10:30,21.35,69,0,276,14.25,1014.6,8,3
7/15/2026 10:45,21.625,68.5,0,276.5,14.525,1014.5,8,3
7/15/2026 11:00,21.9,68,0,277,14.8,1014.4,8,3
7/15/2026 11:15,21.35,69,0,277.25,15.15,1014.325,7.75,4.25
7/15/2026 11:30,20.8,70,0,277.5,15.5,1014.25,7.5,5.5
7/15/2026 11:45,20.25,71,0,277.75,15.85,1014.175,7.25,6.75
7/15/2026 12:00,19.7,72,0,278,16.2,1014.1,7,8
7/15/2026 12:15,18.925,77.5,0.4,278.75,17.375,1014.075,7.25,8
7/15/2026 12:30,18.15,83,0.8,279.5,18.55,1014.05,7.5,8
7/15/2026 12:45,17.375,88.5,1.2,280.25,19.725,1014.025,7.75,8
7/15/2026 13:00,16.6,94,1.6,281,20.9,1014,8,8
7/15/2026 13:15,17.25,89.5,1.225,285,19,1013.95,8,6.75
7/15/2026 13:30,17.9,85,0.85,289,17.1,1013.9,8,5.5
7/15/2026 13:45,18.55,80.5,0.475,293,15.2,1013.85,8,4.25
7/15/2026 14:00,19.2,76,0.1,297,13.3,1013.8,8,3
7/15/2026 14:15,19.175,74.75,0.075,295.75,14.925,1013.875,6.75,3
7/15/2026 14:30,19.15,73.5,0.05,294.5,16.55,1013.95,5.5,3
7/15/2026 14:45,19.125,72.25,0.025,293.25,18.175,1014.025,4.25,3
7/15/2026 15:00,19.1,71,0,292,19.8,1014.1,3,3
7/15/2026 15:15,19.25,69.5,0,294.25,18.8,1014.1,2.25,2.75
7/15/2026 15:30,19.4,68,0,296.5,17.8,1014.1,1.5,2.5
7/15/2026 15:45,19.55,66.5,0,298.75,16.8,1014.1,0.75,2.25
7/15/2026 16:00,19.7,65,0,301,15.8,1014.1,0,2
7/15/2026 16:15,19.675,65.5,0,297.5,14.9,1014.125,0.25,1.75
7/15/2026 16:30,19.65,66,0,294,14,1014.15,0.5,1.5
7/15/2026 16:45,19.625,66.5,0,290.5,13.1,1014.175,0.75,1.25
7/15/2026 17:00,19.6,67,0,287,12.2,1014.2,1,1
7/15/2026 17:15,19.55,67.75,0,284,11.75,1014.275,1.75,1.25
7/15/2026 17:30,19.5,68.5,0,281,11.3,1014.35,2.5,1.5
7/15/2026 17:45,19.45,69.25,0,278,10.85,1014.425,3.25,1.75
7/15/2026 18:00,19.4,70,0,275,10.4,1014.5,4,2
7/15/2026 18:15,19.175,72.25,0,271,9.95,1014.55,4.5,2.25
7/15/2026 18:30,18.95,74.5,0,267,9.5,1014.6,5,2.5
7/15/2026 18:45,18.725,76.75,0,263,9.05,1014.65,5.5,2.75
7/15/2026 19:00,18.5,79,0,259,8.6,1014.7,6,3
7/15/2026 19:15,18.3,80.25,0.025,260.25,9.05,1014.75,6,3
7/15/2026 19:30,18.1,81.5,0.05,261.5,9.5,1014.8,6,3
7/15/2026 19:45,17.9,82.75,0.075,262.75,9.95,1014.85,6,3
7/15/2026 20:00,17.7,84,0.1,264,10.4,1014.9,6,3
7/15/2026 20:15,17.475,84.5,0.075,264,10.675,1014.875,4.5,3
7/15/2026 20:30,17.25,85,0.05,264,10.95,1014.85,3,3
7/15/2026 20:45,17.025,85.5,0.025,264,11.225,1014.825,1.5,3
7/15/2026 21:00,16.8,86,0,264,11.5,1014.8,0,3
7/15/2026 21:15,16.775,85.5,0,267.5,11.5,1014.875,0.5,2.5
7/15/2026 21:30,16.75,85,0,271,11.5,1014.95,1,2
7/15/2026 21:45,16.725,84.5,0,274.5,11.5,1015.025,1.5,1.5
7/15/2026 22:00,16.7,84,0,278,11.5,1015.1,2,1
7/15/2026 22:15,16.525,84.25,0,277.75,11.5,1015.125,1.75,1.25
7/15/2026 22:30,16.35,84.5,0,277.5,11.5,1015.15,1.5,1.5
7/15/2026 22:45,16.175,84.75,0,277.25,11.5,1015.175,1.25,1.75
7/15/2026 23:00,16,85,0,277,11.5,1015.2,1,2
7/15/2026 23:15,15.8,85.25,0,278,11.225,1015.15,0.75,1.75
7/15/2026 23:30,15.6,85.5,0,279,10.95,1015.1,0.5,1.5
7/15/2026 23:45,15.4,85.75,0,280,10.675,1015.05,0.25,1.25
7/16/2026 0:00,15.2,86,0,281,10.4,1015,0,1
7/16/2026 0:15,15.3,85,0,273,9.5,1014.775,0.25,1
7/16/2026 0:30,15.4,84,0,265,8.6,1014.55,0.5,1
7/16/2026 0:45,15.5,83,0,257,7.7,1014.325,0.75,1
7/16/2026 5:00,15.6,82,0,249,6.8,1014.1,1,1
7/16/2026 5:15,16.05,79.5,0,248.5,6.9,1014.075,1,1
7/16/2026 5:30,16.5,77,0,248,7,1014.05,1,1
7/16/2026 5:45,16.95,74.5,0,247.5,7.1,1014.025,1,1
7/16/2026 6:00,17.4,72,0,247,7.2,1014,1,1
7/16/2026 6:15,17.5,71,0,245.25,7.375,1013.95,1.25,1.25
7/16/2026 6:30,17.6,70,0,243.5,7.55,1013.9,1.5,1.5
7/16/2026 6:45,17.7,69,0,241.75,7.725,1013.85,1.75,1.75
7/16/2026 7:00,17.8,68,0,240,7.9,1013.8,2,2
7/16/2026 7:15,18.25,67.25,0,240.5,7.825,1013.675,3.25,2
7/16/2026 7:30,18.7,66.5,0,241,7.75,1013.55,4.5,2
7/16/2026 7:45,19.15,65.75,0,241.5,7.675,1013.425,5.75,2
7/16/2026 8:00,19.6,65,0,242,7.6,1013.3,7,2
7/16/2026 8:15,19.55,63.5,0,243,7.675,1013.175,6.75,2.25
7/16/2026 8:30,19.5,62,0,244,7.75,1013.05,6.5,2.5
7/16/2026 8:45,19.45,60.5,0,245,7.825,1012.925,6.25,2.75
7/16/2026 9:00,19.4,59,0,246,7.9,1012.8,6,3
7/16/2026 9:15,19.325,58.75,0,247.5,8.725,1012.675,6,6.5
7/16/2026 9:30,19.25,58.5,0,249,9.55,1012.55,6,10
7/16/2026 9:45,19.175,58.25,0,250.5,10.375,1012.425,6,13.5
7/16/2026 10:00,19.1,58,0,252,11.2,1012.3,6,17
7/16/2026 10:15,19.325,57.75,0,254.5,13,1012.35,6.5,17.25
7/16/2026 10:30,19.55,57.5,0,257,14.8,1012.4,7,17.5
7/16/2026 10:45,19.775,57.25,0,259.5,16.6,1012.45,7.5,17.75
7/16/2026 11:00,20,57,0,262,18.4,1012.5,8,18
7/16/2026 11:15,20.5,55.25,0,254.5,14.6,1012.275,7.75,15.5
7/16/2026 11:30,21,53.5,0,247,10.8,1012.05,7.5,13
7/16/2026 11:45,21.5,51.75,0,239.5,7,1011.825,7.25,10.5
7/16/2026 12:00,22,50,0,232,3.2,1011.6,7,8
7/16/2026 12:15,21.975,49.5,0,234.5,4.3,1011.4,7.25,10.25
7/16/2026 12:30,21.95,49,0,237,5.4,1011.2,7.5,12.5
7/16/2026 12:45,21.925,48.5,0,239.5,6.5,1011,7.75,14.75
7/16/2026 13:00,21.9,48,0,242,7.6,1010.8,8,17
7/16/2026 13:15,20.9,54.75,0.025,241,8.85,1010.825,7.75,15
7/16/2026 13:30,19.9,61.5,0.05,240,10.1,1010.85,7.5,13
7/16/2026 13:45,18.9,68.25,0.075,239,11.35,1010.875,7.25,11
7/16/2026 14:00,17.9,75,0.1,238,12.6,1010.9,7,9
7/16/2026 14:15,17.475,77,0.375,235.25,11.6,1010.75,7.25,7.5
7/16/2026 14:30,17.05,79,0.65,232.5,10.6,1010.6,7.5,6
7/16/2026 14:45,16.625,81,0.925,229.75,9.6,1010.45,7.75,4.5
7/16/2026 15:00,16.2,83,1.2,227,8.6,1010.3,8,3
7/16/2026 15:15,16.575,81.75,0.925,234,7.7,1010.275,7.25,3
7/16/2026 15:30,16.95,80.5,0.65,241,6.8,1010.25,6.5,3
7/16/2026 15:45,17.325,79.25,0.375,248,5.9,1010.225,5.75,3
7/16/2026 16:00,17.7,78,0.1,255,5,1010.2,5,3
7/16/2026 16:15,18,75.5,0.075,253.25,4.825,1010.1,4.25,3
7/16/2026 16:30,18.3,73,0.05,251.5,4.65,1010,3.5,3
7/16/2026 16:45,18.6,70.5,0.025,249.75,4.475,1009.9,2.75,3
7/16/2026 17:00,18.9,68,0,248,4.3,1009.8,2,3
7/16/2026 17:15,18.625,69.5,0,260,4.575,1009.7,2,2.75
7/16/2026 17:30,18.35,71,0,272,4.85,1009.6,2,2.5
7/16/2026 17:45,18.075,72.5,0,284,5.125,1009.5,2,2.25
7/16/2026 18:00,17.8,74,0,296,5.4,1009.4,2,2
7/16/2026 18:15,17.55,75.25,0,296.25,5.125,1009.55,1.75,2
7/16/2026 18:30,17.3,76.5,0,296.5,4.85,1009.7,1.5,2
7/16/2026 18:45,17.05,77.75,0,296.75,4.575,1009.85,1.25,2
7/16/2026 19:00,16.8,79,0,297,4.3,1010,1,2
7/16/2026 19:15,16.325,81.75,0,293.5,5.025,1010.05,2.5,1.75
7/16/2026 19:30,15.85,84.5,0,290,5.75,1010.1,4,1.5
7/16/2026 19:45,15.375,87.25,0,286.5,6.475,1010.15,5.5,1.25
7/16/2026 20:00,14.9,90,0,283,7.2,1010.2,7,1
7/16/2026 20:15,14.65,91.5,0,286.25,7.475,1010.25,7,1.5
7/16/2026 20:30,14.4,93,0,289.5,7.75,1010.3,7,2
7/16/2026 20:45,14.15,94.5,0,292.75,8.025,1010.35,7,2.5
7/16/2026 21:00,13.9,96,0,296,8.3,1010.4,7,3
7/16/2026 21:15,13.85,96.25,0,290.25,8.2,1010.45,6.25,3
7/16/2026 21:30,13.8,96.5,0,284.5,8.1,1010.5,5.5,3
7/16/2026 21:45,13.75,96.75,0,278.75,8,1010.55,4.75,3
7/16/2026 22:00,13.7,97,0,273,7.9,1010.6,4,3
7/16/2026 22:15,13.85,95.25,0,275.5,8.175,1010.65,3.25,3
7/16/2026 22:30,14,93.5,0,278,8.45,1010.7,2.5,3
7/16/2026 22:45,14.15,91.75,0,280.5,8.725,1010.75,1.75,3
7/16/2026 23:00,14.3,90,0,283,9,1010.8,1,3
7/16/2026 23:15,14.475,88.5,0,281.75,9.1,1010.775,2.5,2.75
7/16/2026 23:30,14.65,87,0,280.5,9.2,1010.75,4,2.5
7/16/2026 23:45,14.825,85.5,0,279.25,9.3,1010.725,5.5,2.25
7/17/2026 0:00,15,84,0,278,9.4,1010.7,7,2
7/17/2026 0:15,14.925,85,0,275.25,9.475,1010.95,7.25,2.25
7/17/2026 0:30,14.85,86,0,272.5,9.55,1011.2,7.5,2.5
7/17/2026 0:45,14.775,87,0,269.75,9.625,1011.45,7.75,2.75
7/17/2026 5:00,14.7,88,0,267,9.7,1011.7,8,3
7/17/2026 5:15,15.15,86.25,0,267,10.075,1011.75,8,3
7/17/2026 5:30,15.6,84.5,0,267,10.45,1011.8,8,3
7/17/2026 5:45,16.05,82.75,0,267,10.825,1011.85,8,3
7/17/2026 6:00,16.5,81,0,267,11.2,1011.9,8,3
7/17/2026 6:15,16.75,79.75,0,265,11.375,1011.975,8,3
7/17/2026 6:30,17,78.5,0,263,11.55,1012.05,8,3
7/17/2026 6:45,17.25,77.25,0,261,11.725,1012.125,8,3
7/17/2026 7:00,17.5,76,0,259,11.9,1012.2,8,3
7/17/2026 7:15,17.425,76.5,0,263,12.625,1012.275,8,4.25
7/17/2026 7:30,17.35,77,0,267,13.35,1012.35,8,5.5
7/17/2026 7:45,17.275,77.5,0,271,14.075,1012.425,8,6.75
7/17/2026 8:00,17.2,78,0,275,14.8,1012.5,8,8
7/17/2026 8:15,17.35,77.75,0,275.25,16.225,1012.45,8,8.25
7/17/2026 8:30,17.5,77.5,0,275.5,17.65,1012.4,8,8.5
7/17/2026 8:45,17.65,77.25,0,275.75,19.075,1012.35,8,8.75
7/17/2026 9:00,17.8,77,0,276,20.5,1012.3,8,9
7/17/2026 9:15,17.8,77.25,0,273.5,20.325,1012.275,8,8.75
7/17/2026 9:30,17.8,77.5,0,271,20.15,1012.25,8,8.5
7/17/2026 9:45,17.8,77.75,0,268.5,19.975,1012.225,8,8.25
7/17/2026 10:00,17.8,78,0,266,19.8,1012.2,8,8
7/17/2026 10:15,17.55,80,0.25,265,19.525,1012.225,8,7.75
7/17/2026 10:30,17.3,82,0.5,264,19.25,1012.25,8,7.5
7/17/2026 10:45,17.05,84,0.75,263,18.975,1012.275,8,7.25
7/17/2026 11:00,16.8,86,1,262,18.7,1012.3,8,7
7/17/2026 11:15,16.725,87,1.025,260.75,18.7,1012.175,8,7.5
7/17/2026 11:30,16.65,88,1.05,259.5,18.7,1012.05,8,8
7/17/2026 11:45,16.575,89,1.075,258.25,18.7,1011.925,8,8.5
7/17/2026 12:00,16.5,90,1.1,257,18.7,1011.8,8,9
7/17/2026 12:15,16.4,91.5,1.15,256.75,18.975,1011.75,8,9
7/17/2026 12:30,16.3,93,1.2,256.5,19.25,1011.7,8,9
7/17/2026 12:45,16.2,94.5,1.25,256.25,19.525,1011.65,8,9
7/17/2026 13:00,16.1,96,1.3,256,19.8,1011.6,8,9
7/17/2026 13:15,16.175,96,2.175,255.5,18.9,1011.4,7.75,9
7/17/2026 13:30,16.25,96,3.05,255,18,1011.2,7.5,9
7/17/2026 13:45,16.325,96,3.925,254.5,17.1,1011,7.25,9
7/17/2026 14:00,16.4,96,4.8,254,16.2,1010.8,7,9
7/17/2026 14:15,16.475,96.25,3.975,258,16.375,1010.675,7,11
7/17/2026 14:30,16.55,96.5,3.15,262,16.55,1010.55,7,13
7/17/2026 14:45,16.625,96.75,2.325,266,16.725,1010.425,7,15
7/17/2026 15:00,16.7,97,1.5,270,16.9,1010.3,7,17
7/17/2026 15:15,16.75,97.25,1.975,271.5,16,1010.2,7,13.5
7/17/2026 15:30,16.8,97.5,2.45,273,15.1,1010.1,7,10
7/17/2026 15:45,16.85,97.75,2.925,274.5,14.2,1010,7,6.5
7/17/2026 16:00,16.9,98,3.4,276,13.3,1009.9,7,3
7/17/2026 16:15,17,98,2.7,279.75,13.475,1009.95,7,4
7/17/2026 16:30,17.1,98,2,283.5,13.65,1010,7,5
7/17/2026 16:45,17.2,98,1.3,287.25,13.825,1010.05,7,6
7/17/2026 17:00,17.3,98,0.6,291,14,1010.1,7,7
7/17/2026 17:15,17.4,97.75,0.45,295.75,13.3,1010.125,6,7
7/17/2026 17:30,17.5,97.5,0.3,300.5,12.6,1010.15,5,7
7/17/2026 17:45,17.6,97.25,0.15,305.25,11.9,1010.175,4,7
7/17/2026 18:00,17.7,97,0,310,11.2,1010.2,3,7
7/17/2026 18:15,17.75,97.5,0.075,307,10.925,1010.275,3.5,5.75
7/17/2026 18:30,17.8,98,0.15,304,10.65,1010.35,4,4.5
7/17/2026 18:45,17.85,98.5,0.225,301,10.375,1010.425,4.5,3.25
7/17/2026 19:00,17.9,99,0.3,298,10.1,1010.5,5,2
7/17/2026 19:15,17.925,98.75,0.25,305.75,10.275,1010.525,4.25,2.25
7/17/2026 19:30,17.95,98.5,0.2,313.5,10.45,1010.55,3.5,2.5
7/17/2026 19:45,17.975,98.25,0.15,321.25,10.625,1010.575,2.75,2.75
7/17/2026 20:00,18,98,0.1,329,10.8,1010.6,2,3
7/17/2026 20:15,17.975,97.5,0.075,333,10.9,1010.725,2.25,2.75
7/17/2026 20:30,17.95,97,0.05,337,11,1010.85,2.5,2.5
7/17/2026 20:45,17.925,96.5,0.025,341,11.1,1010.975,2.75,2.25
7/17/2026 21:00,17.9,96,0,345,11.2,1011.1,3,2
7/17/2026 21:15,17.85,96.25,0,342.75,11.2,1011.15,4.25,2.25
7/17/2026 21:30,17.8,96.5,0,340.5,11.2,1011.2,5.5,2.5
7/17/2026 21:45,17.75,96.75,0,338.25,11.2,1011.25,6.75,2.75
7/17/2026 22:00,17.7,97,0,336,11.2,1011.3,8,3
7/17/2026 22:15,17.625,97,0,334.75,11.1,1011.325,8,3
7/17/2026 22:30,17.55,97,0,333.5,11,1011.35,8,3
7/17/2026 22:45,17.475,97,0,332.25,10.9,1011.375,8,3
7/17/2026 23:00,17.4,97,0,331,10.8,1011.4,8,3
7/17/2026 23:15,17.375,96.75,0,334.25,10.8,1011.45,8,3
7/17/2026 23:30,17.35,96.5,0,337.5,10.8,1011.5,8,3
7/17/2026 23:45,17.325,96.25,0,340.75,10.8,1011.55,8,3
7/18/2026 0:00,17.3,96,0,344,10.8,1011.6,8,3
7/18/2026 0:15,17.15,96,0,259,10.25,1011.85,8,4
7/18/2026 0:30,17,96,0,174,9.7,1012.1,8,5
7/18/2026 0:45,16.85,96,0,89,9.15,1012.35,8,6
7/18/2026 5:00,16.7,96,0,4,8.6,1012.6,8,7
7/18/2026 5:15,16.85,95.25,0,8.25,8.35,1012.7,7,7
7/18/2026 5:30,17,94.5,0,12.5,8.1,1012.8,6,7
7/18/2026 5:45,17.15,93.75,0,16.75,7.85,1012.9,5,7
7/18/2026 6:00,17.3,93,0,21,7.6,1013,4,7
7/18/2026 6:15,17.475,91.25,0,17.75,7.325,1013.075,4.5,9.5
7/18/2026 6:30,17.65,89.5,0,14.5,7.05,1013.15,5,12
7/18/2026 6:45,17.825,87.75,0,11.25,6.775,1013.225,5.5,14.5
7/18/2026 7:00,18,86,0,8,6.5,1013.3,6,17
7/18/2026 7:15,18.4,83.75,0,92.75,6.575,1013.3,6.25,17
7/18/2026 7:30,18.8,81.5,0,177.5,6.65,1013.3,6.5,17
7/18/2026 7:45,19.2,79.25,0,262.25,6.725,1013.3,6.75,17
7/18/2026 8:00,19.6,77,0,347,6.8,1013.3,7,17
7/18/2026 8:15,20.1,75.75,0,260.5,6.625,1013.3,6.5,14.5
7/18/2026 8:30,20.6,74.5,0,174,6.45,1013.3,6,12
7/18/2026 8:45,21.1,73.25,0,87.5,6.275,1013.3,5.5,9.5
7/18/2026 9:00,21.6,72,0,1,6.1,1013.3,5,7
7/18/2026 9:15,21.625,69.5,0,83,6.1,1013.325,5.5,9.5
7/18/2026 9:30,21.65,67,0,165,6.1,1013.35,6,12
7/18/2026 9:45,21.675,64.5,0,247,6.1,1013.375,6.5,14.5
7/18/2026 10:00,21.7,62,0,329,6.1,1013.4,7,17
7/18/2026 10:15,21.575,63.25,0,330.75,5.925,1013.4,6.75,13.5
7/18/2026 10:30,21.45,64.5,0,332.5,5.75,1013.4,6.5,10
7/18/2026 10:45,21.325,65.75,0,334.25,5.575,1013.4,6.25,6.5
7/18/2026 11:00,21.2,67,0,336,5.4,1013.4,6,3
7/18/2026 11:15,21.375,66.75,0,331.75,5.675,1013.35,5.5,6.5
7/18/2026 11:30,21.55,66.5,0,327.5,5.95,1013.3,5,10
7/18/2026 11:45,21.725,66.25,0,323.25,6.225,1013.25,4.5,13.5
7/18/2026 12:00,21.9,66,0,319,6.5,1013.2,4,17
7/18/2026 12:15,21.875,66.75,0,321.75,6.4,1013.125,4.25,17
7/18/2026 12:30,21.85,67.5,0,324.5,6.3,1013.05,4.5,17
7/18/2026 12:45,21.825,68.25,0,327.25,6.2,1012.975,4.75,17
7/18/2026 13:00,21.8,69,0,330,6.1,1012.9,5,17
7/18/2026 13:15,22,67,0,330.5,6.1,1012.875,4.75,17
7/18/2026 13:30,22.2,65,0,331,6.1,1012.85,4.5,17
7/18/2026 13:45,22.4,63,0,331.5,6.1,1012.825,4.25,17
7/18/2026 14:00,22.6,61,0,332,6.1,1012.8,4,17
7/18/2026 14:15,22.775,60,0,338.75,5.75,1012.7,4,17
7/18/2026 14:30,22.95,59,0,345.5,5.4,1012.6,4,17
7/18/2026 14:45,23.125,58,0,352.25,5.05,1012.5,4,17
7/18/2026 15:00,23.3,57,0,359,4.7,1012.4,4,17
7/18/2026 15:15,23.425,56,0,272.75,4.6,1012.35,3.5,13.5
7/18/2026 15:30,23.55,55,0,186.5,4.5,1012.3,3,10
7/18/2026 15:45,23.675,54,0,100.25,4.4,1012.25,2.5,6.5
7/18/2026 16:00,23.8,53,0,14,4.3,1012.2,2,3
7/18/2026 16:15,23.9,53,0,14,4.225,1012.2,1.75,2.75
7/18/2026 16:30,24,53,0,14,4.15,1012.2,1.5,2.5
7/18/2026 16:45,24.1,53,0,14,4.075,1012.2,1.25,2.25
7/18/2026 17:00,24.2,53,0,14,4,1012.2,1,2
7/18/2026 17:15,23.95,54.75,0,15.25,3.55,1012.3,1.25,2
7/18/2026 17:30,23.7,56.5,0,16.5,3.1,1012.4,1.5,2
7/18/2026 17:45,23.45,58.25,0,17.75,2.65,1012.5,1.75,2
7/18/2026 18:00,23.2,60,0,19,2.2,1012.6,2,2
7/18/2026 18:15,23,61,0,16.25,2.1,1012.65,1.75,2
7/18/2026 18:30,22.8,62,0,13.5,2,1012.7,1.5,2
7/18/2026 18:45,22.6,63,0,10.75,1.9,1012.75,1.25,2
7/18/2026 19:00,22.4,64,0,8,1.8,1012.8,1,2
7/18/2026 19:15,21.95,67,0,44.25,2.15,1012.85,1,2
7/18/2026 19:30,21.5,70,0,80.5,2.5,1012.9,1,2
7/18/2026 19:45,21.05,73,0,116.75,2.85,1012.95,1,2
7/18/2026 20:00,20.6,76,0,153,3.2,1013,1,2
7/18/2026 20:15,20.325,76.75,0,163.5,2.95,1013.05,0.75,1.75
7/18/2026 20:30,20.05,77.5,0,174,2.7,1013.1,0.5,1.5
7/18/2026 20:45,19.775,78.25,0,184.5,2.45,1013.15,0.25,1.25
7/18/2026 21:00,19.5,79,0,195,2.2,1013.2,0,1
7/18/2026 21:15,19.425,79.75,0,172,2.1,1013.275,0.25,1
7/18/2026 21:30,19.35,80.5,0,149,2,1013.35,0.5,1
7/18/2026 21:45,19.275,81.25,0,126,1.9,1013.425,0.75,1
7/18/2026 22:00,19.2,82,0,103,1.8,1013.5,1,1
7/18/2026 22:15,18.975,83.25,0,132.25,1.9,1013.475,1,1
7/18/2026 22:30,18.75,84.5,0,161.5,2,1013.45,1,1
7/18/2026 22:45,18.525,85.75,0,190.75,2.1,1013.425,1,1
7/18/2026 23:00,18.3,87,0,220,2.2,1013.4,1,1
7/18/2026 23:15,18.075,88,0,214,2.1,1013.325,0.75,1.25
7/18/2026 23:30,17.85,89,0,208,2,1013.25,0.5,1.5
7/18/2026 23:45,17.625,90,0,202,1.9,1013.175,0.25,1.75
7/19/2026 0:00,17.4,91,0,196,1.8,1013.1,0,2
7/19/2026 0:15,17.35,91.25,0,181.5,2.25,1012.975,2,2.75
7/19/2026 0:30,17.3,91.5,0,167,2.7,1012.85,4,3.5
7/19/2026 0:45,17.25,91.75,0,152.5,3.15,1012.725,6,4.25
7/19/2026 5:00,17.2,92,0,138,3.6,1012.6,8,5
7/19/2026 5:15,17.875,89.5,0,148,3.325,1012.675,7.5,5
7/19/2026 5:30,18.55,87,0,158,3.05,1012.75,7,5
7/19/2026 5:45,19.225,84.5,0,168,2.775,1012.825,6.5,5
7/19/2026 6:00,19.9,82,0,178,2.5,1012.9,6,5
7/19/2026 6:15,20.6,78.25,0,181.75,2.6,1012.875,4.5,4.5
7/19/2026 6:30,21.3,74.5,0,185.5,2.7,1012.85,3,4
7/19/2026 6:45,22,70.75,0,189.25,2.8,1012.825,1.5,3.5
7/19/2026 7:00,22.7,67,0,193,2.9,1012.8,0,3
7/19/2026 7:15,22.975,65,0,179.75,2.9,1012.725,0.5,2.5
7/19/2026 7:30,23.25,63,0,166.5,2.9,1012.65,1,2
7/19/2026 7:45,23.525,61,0,153.25,2.9,1012.575,1.5,1.5
7/19/2026 8:00,23.8,59,0,140,2.9,1012.5,2,1
7/19/2026 8:15,24.15,57.75,0,132.25,2.975,1012.475,1.75,1.25
7/19/2026 8:30,24.5,56.5,0,124.5,3.05,1012.45,1.5,1.5
7/19/2026 8:45,24.85,55.25,0,116.75,3.125,1012.425,1.25,1.75
7/19/2026 9:00,25.2,54,0,109,3.2,1012.4,1,2
7/19/2026 9:15,25.025,53.75,0,100.25,3.025,1012.35,1,2
7/19/2026 9:30,24.85,53.5,0,91.5,2.85,1012.3,1,2
7/19/2026 9:45,24.675,53.25,0,82.75,2.675,1012.25,1,2
7/19/2026 10:00,24.5,53,0,74,2.5,1012.2,1,2
7/19/2026 10:15,24.9,51.75,0,58,2.95,1012.025,1,2
7/19/2026 10:30,25.3,50.5,0,42,3.4,1011.85,1,2
7/19/2026 10:45,25.7,49.25,0,26,3.85,1011.675,1,2
7/19/2026 11:00,26.1,48,0,10,4.3,1011.5,1,2
7/19/2026 11:15,25.975,47.75,0,16.5,4.4,1011.375,1.25,2
7/19/2026 11:30,25.85,47.5,0,23,4.5,1011.25,1.5,2
7/19/2026 11:45,25.725,47.25,0,29.5,4.6,1011.125,1.75,2
7/19/2026 12:00,25.6,47,0,36,4.7,1011,2,2
7/19/2026 12:15,26.025,46,0,113,4.525,1010.925,2,2
7/19/2026 12:30,26.45,45,0,190,4.35,1010.85,2,2
7/19/2026 12:45,26.875,44,0,267,4.175,1010.775,2,2
7/19/2026 13:00,27.3,43,0,344,4,1010.7,2,2
7/19/2026 13:15,27.25,43.25,0,341.5,4,1010.6,2,2
7/19/2026 13:30,27.2,43.5,0,339,4,1010.5,2,2
7/19/2026 13:45,27.15,43.75,0,336.5,4,1010.4,2,2
7/19/2026 14:00,27.1,44,0,334,4,1010.3,2,2
7/19/2026 14:15,27.125,44,0,333,4.175,1010.225,2,2
7/19/2026 14:30,27.15,44,0,332,4.35,1010.15,2,2
7/19/2026 14:45,27.175,44,0,331,4.525,1010.075,2,2
7/19/2026 15:00,27.2,44,0,330,4.7,1010,2,2
7/19/2026 15:15,27.325,44,0,251,5.15,1009.925,1.75,2
7/19/2026 15:30,27.45,44,0,172,5.6,1009.85,1.5,2
7/19/2026 15:45,27.575,44,0,93,6.05,1009.775,1.25,2
7/19/2026 16:00,27.7,44,0,14,6.5,1009.7,1,2
7/19/2026 16:15,27.7,43.25,0,20.5,6.95,1009.65,1,2
7/19/2026 16:30,27.7,42.5,0,27,7.4,1009.6,1,2
7/19/2026 16:45,27.7,41.75,0,33.5,7.85,1009.55,1,2
7/19/2026 17:00,27.7,41,0,40,8.3,1009.5,1,2
7/19/2026 17:15,27.45,42.25,0,44,8.65,1009.55,1,1.75
7/19/2026 17:30,27.2,43.5,0,48,9,1009.6,1,1.5
7/19/2026 17:45,26.95,44.75,0,52,9.35,1009.65,1,1.25
7/19/2026 18:00,26.7,46,0,56,9.7,1009.7,1,1
7/19/2026 18:15,26.35,47.5,0,57.5,9.8,1009.8,1,1
7/19/2026 18:30,26,49,0,59,9.9,1009.9,1,1
7/19/2026 18:45,25.65,50.5,0,60.5,10,1010,1,1
7/19/2026 19:00,25.3,52,0,62,10.1,1010.1,1,1
7/19/2026 19:15,24.975,53.5,0,63.5,9.725,1010.125,0.75,1.25
7/19/2026 19:30,24.65,55,0,65,9.35,1010.15,0.5,1.5
7/19/2026 19:45,24.325,56.5,0,66.5,8.975,1010.175,0.25,1.75
7/19/2026 20:00,24,58,0,68,8.6,1010.2,0,2
7/19/2026 20:15,23.8,58.75,0,70,8.425,1010.175,0.25,1.75
7/19/2026 20:30,23.6,59.5,0,72,8.25,1010.15,0.5,1.5
7/19/2026 20:45,23.4,60.25,0,74,8.075,1010.125,0.75,1.25
7/19/2026 21:00,23.2,61,0,76,7.9,1010.1,1,1
7/19/2026 21:15,22.9,62.75,0,73.75,8.175,1010.1,1,1
7/19/2026 21:30,22.6,64.5,0,71.5,8.45,1010.1,1,1
7/19/2026 21:45,22.3,66.25,0,69.25,8.725,1010.1,1,1
7/19/2026 22:00,22,68,0,67,9,1010.1,1,1
7/19/2026 22:15,21.7,69.5,0,68.25,9,1010.025,0.75,1
7/19/2026 22:30,21.4,71,0,69.5,9,1009.95,0.5,1
7/19/2026 22:45,21.1,72.5,0,70.75,9,1009.875,0.25,1
7/19/2026 23:00,20.8,74,0,72,9,1009.8,0,1
7/19/2026 23:15,20.55,75.5,0,72.5,9.275,1009.7,0,1
7/19/2026 23:30,20.3,77,0,73,9.55,1009.6,0,1
7/19/2026 23:45,20.05,78.5,0,73.5,9.825,1009.5,0,1
7/20/2026 0:00,19.8,80,0,74,10.1,1009.4,0,1
7/20/2026 0:15,19.725,81.5,0,74.75,10,1009.125,2,1.5
7/20/2026 0:30,19.65,83,0,75.5,9.9,1008.85,4,2
7/20/2026 0:45,19.575,84.5,0,76.25,9.8,1008.575,6,2.5
7/20/2026 5:00,19.5,86,0,77,9.7,1008.3,8,3
7/20/2026 5:15,20.075,84,0,80.25,9.25,1008.35,7.25,3
7/20/2026 5:30,20.65,82,0,83.5,8.8,1008.4,6.5,3
7/20/2026 5:45,21.225,80,0,86.75,8.35,1008.45,5.75,3
7/20/2026 6:00,21.8,78,0,90,7.9,1008.5,5,3
7/20/2026 6:15,22.375,76,0,90.75,8.075,1008.425,5.5,3
7/20/2026 6:30,22.95,74,0,91.5,8.25,1008.35,6,3
7/20/2026 6:45,23.525,72,0,92.25,8.425,1008.275,6.5,3
7/20/2026 7:00,24.1,70,0,93,8.6,1008.2,7,3
7/20/2026 7:15,24.325,68,0,92.75,8.8,1008.175,7.25,3
7/20/2026 7:30,24.55,66,0,92.5,9,1008.15,7.5,3
7/20/2026 7:45,24.775,64,0,92.25,9.2,1008.125,7.75,3
7/20/2026 8:00,25,62,0,92,9.4,1008.1,8,3
7/20/2026 8:15,25.3,60.5,0,93.5,9.475,1008.075,7.75,3
7/20/2026 8:30,25.6,59,0,95,9.55,1008.05,7.5,3
7/20/2026 8:45,25.9,57.5,0,96.5,9.625,1008.025,7.25,3
7/20/2026 9:00,26.2,56,0,98,9.7,1008,7,3
7/20/2026 9:15,26.575,54.75,0,100.75,9.525,1007.95,5.5,3
7/20/2026 9:30,26.95,53.5,0,103.5,9.35,1007.9,4,3
7/20/2026 9:45,27.325,52.25,0,106.25,9.175,1007.85,2.5,3
7/20/2026 10:00,27.7,51,0,109,9,1007.8,1,3
7/20/2026 10:15,27.925,50.25,0,109.25,9,1007.725,1.25,2.75
7/20/2026 10:30,28.15,49.5,0,109.5,9,1007.65,1.5,2.5
7/20/2026 10:45,28.375,48.75,0,109.75,9,1007.575,1.75,2.25
7/20/2026 11:00,28.6,48,0,110,9,1007.5,2,2
7/20/2026 11:15,28.65,47.25,0,107.75,9.1,1007.375,1.75,2
7/20/2026 11:30,28.7,46.5,0,105.5,9.2,1007.25,1.5,2
7/20/2026 11:45,28.75,45.75,0,103.25,9.3,1007.125,1.25,2
7/20/2026 12:00,28.8,45,0,101,9.4,1007,1,2
7/20/2026 12:15,29,44.25,0,100.5,9.4,1006.925,1,1.75
7/20/2026 12:30,29.2,43.5,0,100,9.4,1006.85,1,1.5
7/20/2026 12:45,29.4,42.75,0,99.5,9.4,1006.775,1,1.25
7/20/2026 13:00,29.6,42,0,99,9.4,1006.7,1,1
7/20/2026 13:15,29.625,42,0,97.75,9.2,1006.6,2.75,1
7/20/2026 13:30,29.65,42,0,96.5,9,1006.5,4.5,1
7/20/2026 13:45,29.675,42,0,95.25,8.8,1006.4,6.25,1
7/20/2026 14:00,29.7,42,0,94,8.6,1006.3,8,1
7/20/2026 14:15,29.65,41.75,0,92.5,8.525,1006.225,8,1.5
7/20/2026 14:30,29.6,41.5,0,91,8.45,1006.15,8,2
7/20/2026 14:45,29.55,41.25,0,89.5,8.375,1006.075,8,2.5
7/20/2026 15:00,29.5,41,0,88,8.3,1006,8,3
7/20/2026 15:15,29.45,41.5,0,87.75,8.575,1005.95,6.25,3
7/20/2026 15:30,29.4,42,0,87.5,8.85,1005.9,4.5,3
7/20/2026 15:45,29.35,42.5,0,87.25,9.125,1005.85,2.75,3
7/20/2026 16:00,29.3,43,0,87,9.4,1005.8,1,3
7/20/2026 16:15,29.475,42.75,0,85.75,9.75,1005.675,1.5,2.75
7/20/2026 16:30,29.65,42.5,0,84.5,10.1,1005.55,2,2.5
7/20/2026 16:45,29.825,42.25,0,83.25,10.45,1005.425,2.5,2.25
7/20/2026 17:00,30,42,0,82,10.8,1005.3,3,2
7/20/2026 17:15,29.65,43,0,82,10.9,1005.3,3.75,2
7/20/2026 17:30,29.3,44,0,82,11,1005.3,4.5,2
7/20/2026 17:45,28.95,45,0,82,11.1,1005.3,5.25,2
7/20/2026 18:00,28.6,46,0,82,11.2,1005.3,6,2
7/20/2026 18:15,28.225,47,0,82.75,11.275,1005.375,6.5,2.25
7/20/2026 18:30,27.85,48,0,83.5,11.35,1005.45,7,2.5
7/20/2026 18:45,27.475,49,0,84.25,11.425,1005.525,7.5,2.75
7/20/2026 19:00,27.1,50,0,85,11.5,1005.6,8,3
7/20/2026 19:15,26.775,51,0,87.75,11.5,1005.675,8,3
7/20/2026 19:30,26.45,52,0,90.5,11.5,1005.75,8,3
7/20/2026 19:45,26.125,53,0,93.25,11.5,1005.825,8,3
7/20/2026 20:00,25.8,54,0,96,11.5,1005.9,8,3
7/20/2026 20:15,25.425,56,0,98.25,11.6,1005.9,7.75,3
7/20/2026 20:30,25.05,58,0,100.5,11.7,1005.9,7.5,3
7/20/2026 20:45,24.675,60,0,102.75,11.8,1005.9,7.25,3
7/20/2026 21:00,24.3,62,0,105,11.9,1005.9,7,3
7/20/2026 21:15,24.175,62.5,0,105.75,11.625,1005.875,7.25,3
7/20/2026 21:30,24.05,63,0,106.5,11.35,1005.85,7.5,3
7/20/2026 21:45,23.925,63.5,0,107.25,11.075,1005.825,7.75,3
7/20/2026 22:00,23.8,64,0,108,10.8,1005.8,8,3
7/20/2026 22:15,23.6,65,0,109.25,10.7,1005.75,8,3
7/20/2026 22:30,23.4,66,0,110.5,10.6,1005.7,8,3
7/20/2026 22:45,23.2,67,0,111.75,10.5,1005.65,8,3
7/20/2026 23:00,23,68,0,113,10.4,1005.6,8,3
7/20/2026 23:15,22.875,68.25,0,113.75,10.5,1005.55,8,3
7/20/2026 23:30,22.75,68.5,0,114.5,10.6,1005.5,8,3
7/20/2026 23:45,22.625,68.75,0,115.25,10.7,1005.45,8,3
7/21/2026 0:00,22.5,69,0,116,10.8,1005.4,8,3
7/21/2026 0:15,22.1,73.25,0,121.75,10,1005.35,8,3
7/21/2026 0:30,21.7,77.5,0,127.5,9.2,1005.3,8,3
7/21/2026 0:45,21.3,81.75,0,133.25,8.4,1005.25,8,3
7/21/2026 5:00,20.9,86,0,139,7.6,1005.2,8,3
7/21/2026 5:15,20.95,85.25,0,154.5,6.6,1005.25,8,3
7/21/2026 5:30,21,84.5,0,170,5.6,1005.3,8,3
7/21/2026 5:45,21.05,83.75,0,185.5,4.6,1005.35,8,3
7/21/2026 6:00,21.1,83,0,201,3.6,1005.4,8,3
7/21/2026 6:15,21.3,82,0,220.75,3.95,1005.375,8,3
7/21/2026 6:30,21.5,81,0,240.5,4.3,1005.35,8,3
7/21/2026 6:45,21.7,80,0,260.25,4.65,1005.325,8,3
7/21/2026 7:00,21.9,79,0,280,5,1005.3,8,3
7/21/2026 7:15,22.1,78.75,0,274.5,6.175,1005.45,8,3
7/21/2026 7:30,22.3,78.5,0,269,7.35,1005.6,8,3
7/21/2026 7:45,22.5,78.25,0,263.5,8.525,1005.75,8,3
7/21/2026 8:00,22.7,78,0,258,9.7,1005.9,8,3
7/21/2026 8:15,23.2,74.75,0,262.25,9.425,1005.95,8,4
7/21/2026 8:30,23.7,71.5,0,266.5,9.15,1006,8,5
7/21/2026 8:45,24.2,68.25,0,270.75,8.875,1006.05,8,6
7/21/2026 9:00,24.7,65,0,275,8.6,1006.1,8,7
7/21/2026 9:15,24.425,67.5,0,275.75,8.7,1006.05,8,6
7/21/2026 9:30,24.15,70,0,276.5,8.8,1006,8,5
7/21/2026 9:45,23.875,72.5,0,277.25,8.9,1005.95,8,4
7/21/2026 10:00,23.6,75,0,278,9,1005.9,8,3
7/21/2026 10:15,23.35,76.25,0,279,9.175,1005.95,8,4.25
7/21/2026 10:30,23.1,77.5,0,280,9.35,1006,8,5.5
7/21/2026 10:45,22.85,78.75,0,281,9.525,1006.05,8,6.75
7/21/2026 11:00,22.6,80,0,282,9.7,1006.1,8,8
7/21/2026 11:15,22.3,82.75,0.125,287.75,9.8,1006.05,8,8
7/21/2026 11:30,22,85.5,0.25,293.5,9.9,1006,8,8
7/21/2026 11:45,21.7,88.25,0.375,299.25,10,1005.95,8,8
7/21/2026 12:00,21.4,91,0.5,305,10.1,1005.9,8,8
7/21/2026 12:15,21.25,92,0.55,303.75,10.175,1005.625,8,8
7/21/2026 12:30,21.1,93,0.6,302.5,10.25,1005.35,8,8
7/21/2026 12:45,20.95,94,0.65,301.25,10.325,1005.075,8,8
7/21/2026 13:00,20.8,95,0.7,300,10.4,1004.8,8,8
7/21/2026 13:15,20.8,94.25,0.525,304.5,11.125,1004.725,8,8
7/21/2026 13:30,20.8,93.5,0.35,309,11.85,1004.65,8,8
7/21/2026 13:45,20.8,92.75,0.175,313.5,12.575,1004.575,8,8
7/21/2026 14:00,20.8,92,0,318,13.3,1004.5,8,8
7/21/2026 14:15,20.65,91.5,0,317.25,13.675,1004.35,8,8
7/21/2026 14:30,20.5,91,0,316.5,14.05,1004.2,8,8
7/21/2026 14:45,20.35,90.5,0,315.75,14.425,1004.05,8,8
7/21/2026 15:00,20.2,90,0,315,14.8,1003.9,8,8
7/21/2026 15:15,20.075,89.75,0,312.5,14.8,1003.825,8,8
7/21/2026 15:30,19.95,89.5,0,310,14.8,1003.75,8,8
7/21/2026 15:45,19.825,89.25,0,307.5,14.8,1003.675,8,8
7/21/2026 16:00,19.7,89,0,305,14.8,1003.6,8,8
7/21/2026 16:15,19.175,91.5,1.725,295.5,15.5,1003.625,8,8.25
7/21/2026 16:30,18.65,94,3.45,286,16.2,1003.65,8,8.5
7/21/2026 16:45,18.125,96.5,5.175,276.5,16.9,1003.675,8,8.75
7/21/2026 17:00,17.6,99,6.9,267,17.6,1003.7,8,9
7/21/2026 17:15,17.075,99.25,9.65,269.75,18.875,1003.725,8,9
7/21/2026 17:30,16.55,99.5,12.4,272.5,20.15,1003.75,8,9
7/21/2026 17:45,16.025,99.75,15.15,275.25,21.425,1003.775,8,9
7/21/2026 18:00,15.5,100,17.9,278,22.7,1003.8,8,9
7/21/2026 18:15,15.475,99.5,14.1,281,21.8,1003.8,8,9
7/21/2026 18:30,15.45,99,10.3,284,20.9,1003.8,8,9
7/21/2026 18:45,15.425,98.5,6.5,287,20,1003.8,8,9
7/21/2026 19:00,15.4,98,2.7,290,19.1,1003.8,8,9
7/21/2026 19:15,15.375,98,2.925,285,18.475,1003.95,8,9
7/21/2026 19:30,15.35,98,3.15,280,17.85,1004.1,8,9
7/21/2026 19:45,15.325,98,3.375,275,17.225,1004.25,8,9
7/21/2026 20:00,15.3,98,3.6,270,16.6,1004.4,8,9
7/21/2026 20:15,15.325,98,3.175,267.25,16.675,1004.5,8,9
7/21/2026 20:30,15.35,98,2.75,264.5,16.75,1004.6,8,9
7/21/2026 20:45,15.375,98,2.325,261.75,16.825,1004.7,8,9
7/21/2026 21:00,15.4,98,1.9,259,16.9,1004.8,8,9
7/21/2026 21:15,15.425,98,1.5,260,17.175,1004.825,8,9
7/21/2026 21:30,15.45,98,1.1,261,17.45,1004.85,8,9
7/21/2026 21:45,15.475,98,0.7,262,17.725,1004.875,8,9
7/21/2026 22:00,15.5,98,0.3,263,18,1004.9,8,9
7/21/2026 22:15,15.475,98,0.225,257.75,16.3,1005.075,8,8.75
7/21/2026 22:30,15.45,98,0.15,252.5,14.6,1005.25,8,8.5
7/21/2026 22:45,15.425,98,0.075,247.25,12.9,1005.425,8,8.25
7/21/2026 23:00,15.4,98,0,242,11.2,1005.6,8,8
7/21/2026 23:15,15.375,98,0.025,239,10.75,1005.55,8,6.75
7/21/2026 23:30,15.35,98,0.05,236,10.3,1005.5,8,5.5
7/21/2026 23:45,15.325,98,0.075,233,9.85,1005.45,8,4.25
7/22/2026 0:00,15.3,98,0.1,230,9.4,1005.4,8,3
7/22/2026 0:15,15.5,97.5,0.075,233.75,10.65,1005.225,8,3
7/22/2026 0:30,15.7,97,0.05,237.5,11.9,1005.05,8,3
7/22/2026 0:45,15.9,96.5,0.025,241.25,13.15,1004.875,8,3
7/22/2026 5:00,16.1,96,0,245,14.4,1004.7,8,3
7/22/2026 5:15,16.3,94.75,0,246.25,15.65,1004.7,8,3
7/22/2026 5:30,16.5,93.5,0,247.5,16.9,1004.7,8,3
7/22/2026 5:45,16.7,92.25,0,248.75,18.15,1004.7,8,3
7/22/2026 6:00,16.9,91,0,250,19.4,1004.7,8,3
7/22/2026 6:15,17.025,90,0,252.25,19.5,1004.8,8,3
7/22/2026 6:30,17.15,89,0,254.5,19.6,1004.9,8,3
7/22/2026 6:45,17.275,88,0,256.75,19.7,1005,8,3
7/22/2026 7:00,17.4,87,0,259,19.8,1005.1,8,3
7/22/2026 7:15,17.675,85,0,259.75,19.7,1005.225,7,4
7/22/2026 7:30,17.95,83,0,260.5,19.6,1005.35,6,5
7/22/2026 7:45,18.225,81,0,261.25,19.5,1005.475,5,6
7/22/2026 8:00,18.5,79,0,262,19.4,1005.6,4,7
7/22/2026 8:15,18.875,77.5,0,260,19.4,1005.575,3.75,9.5
7/22/2026 8:30,19.25,76,0,258,19.4,1005.55,3.5,12
7/22/2026 8:45,19.625,74.5,0,256,19.4,1005.525,3.25,14.5
7/22/2026 9:00,20,73,0,254,19.4,1005.5,3,17
7/22/2026 9:15,20.15,71.75,0,253.75,19.05,1005.55,4.25,13.25
7/22/2026 9:30,20.3,70.5,0,253.5,18.7,1005.6,5.5,9.5
7/22/2026 9:45,20.45,69.25,0,253.25,18.35,1005.65,6.75,5.75
7/22/2026 10:00,20.6,68,0,253,18,1005.7,8,2
7/22/2026 10:15,21,66.5,0,252.25,17.725,1005.7,7.75,3.5
7/22/2026 10:30,21.4,65,0,251.5,17.45,1005.7,7.5,5
7/22/2026 10:45,21.8,63.5,0,250.75,17.175,1005.7,7.25,6.5
7/22/2026 11:00,22.2,62,0,250,16.9,1005.7,7,8
7/22/2026 11:15,21.025,69.5,0.225,253.75,16.375,1005.85,7.25,8.25
7/22/2026 11:30,19.85,77,0.45,257.5,15.85,1006,7.5,8.5
7/22/2026 11:45,18.675,84.5,0.675,261.25,15.325,1006.15,7.75,8.75
7/22/2026 12:00,17.5,92,0.9,265,14.8,1006.3,8,9
7/22/2026 12:15,17.825,91.75,0.8,260.5,15.5,1006.225,7.25,8.75
7/22/2026 12:30,18.15,91.5,0.7,256,16.2,1006.15,6.5,8.5
7/22/2026 12:45,18.475,91.25,0.6,251.5,16.9,1006.075,5.75,8.25
7/22/2026 13:00,18.8,91,0.5,247,17.6,1006,5,8
7/22/2026 13:15,18.475,90.5,1.1,249.5,18.425,1006.075,5.75,10.25
7/22/2026 13:30,18.15,90,1.7,252,19.25,1006.15,6.5,12.5
7/22/2026 13:45,17.825,89.5,2.3,254.5,20.075,1006.225,7.25,14.75
7/22/2026 14:00,17.5,89,2.9,257,20.9,1006.3,8,17
7/22/2026 14:15,18.05,85,2.175,256.25,20,1006.3,7.75,14.75
7/22/2026 14:30,18.6,81,1.45,255.5,19.1,1006.3,7.5,12.5
7/22/2026 14:45,19.15,77,0.725,254.75,18.2,1006.3,7.25,10.25
7/22/2026 15:00,19.7,73,0,254,17.3,1006.3,7,8
7/22/2026 15:15,20.025,72,0,254.25,16.4,1006.35,7.25,8
7/22/2026 15:30,20.35,71,0,254.5,15.5,1006.4,7.5,8
7/22/2026 15:45,20.675,70,0,254.75,14.6,1006.45,7.75,8
7/22/2026 16:00,21,69,0,255,13.7,1006.5,8,8
7/22/2026 16:15,20.2,73.5,0.425,256,14.225,1006.7,8,8
7/22/2026 16:30,19.4,78,0.85,257,14.75,1006.9,8,8
7/22/2026 16:45,18.6,82.5,1.275,258,15.275,1007.1,8,8
7/22/2026 17:00,17.8,87,1.7,259,15.8,1007.3,8,8
7/22/2026 17:15,17.9,88.25,1.3,253.75,15,1007.375,8,8
7/22/2026 17:30,18,89.5,0.9,248.5,14.2,1007.45,8,8
7/22/2026 17:45,18.1,90.75,0.5,243.25,13.4,1007.525,8,8
7/22/2026 18:00,18.2,92,0.1,238,12.6,1007.6,8,8
7/22/2026 18:15,18.2,88.75,0.075,239.75,13.325,1007.65,8,6.75
7/22/2026 18:30,18.2,85.5,0.05,241.5,14.05,1007.7,8,5.5
7/22/2026 18:45,18.2,82.25,0.025,243.25,14.775,1007.75,8,4.25
7/22/2026 19:00,18.2,79,0,245,15.5,1007.8,8,3
7/22/2026 19:15,18.1,79,0,245.75,15.5,1007.85,8,3
7/22/2026 19:30,18,79,0,246.5,15.5,1007.9,8,3
7/22/2026 19:45,17.9,79,0,247.25,15.5,1007.95,8,3
7/22/2026 20:00,17.8,79,0,248,15.5,1008,8,3
7/22/2026 20:15,17.7,79.75,0,250.25,16.3,1008.125,8,4.25
7/22/2026 20:30,17.6,80.5,0,252.5,17.1,1008.25,8,5.5
7/22/2026 20:45,17.5,81.25,0,254.75,17.9,1008.375,8,6.75
7/22/2026 21:00,17.4,82,0,257,18.7,1008.5,8,8
7/22/2026 21:15,17.25,83,0,252.75,17.8,1008.45,8,7.75
7/22/2026 21:30,17.1,84,0,248.5,16.9,1008.4,8,7.5
7/22/2026 21:45,16.95,85,0,244.25,16,1008.35,8,7.25
7/22/2026 22:00,16.8,86,0,240,15.1,1008.3,8,7
7/22/2026 22:15,16.75,86.5,0,240.75,15.025,1008.3,8,7.25
7/22/2026 22:30,16.7,87,0,241.5,14.95,1008.3,8,7.5
7/22/2026 22:45,16.65,87.5,0,242.25,14.875,1008.3,8,7.75
7/22/2026 23:00,16.6,88,0,243,14.8,1008.3,8,8
7/22/2026 23:15,16.65,88,0,240.75,15.05,1008.275,8,8
7/22/2026 23:30,16.7,88,0,238.5,15.3,1008.25,8,8
7/22/2026 23:45,16.75,88,0,236.25,15.55,1008.225,8,8
7/23/2026 0:00,16.8,88,0,234,15.8,1008.2,8,8
7/23/2026 0:15,16.7,90.25,0.25,230.75,15.9,1008.125,8,8
7/23/2026 0:30,16.6,92.5,0.5,227.5,16,1008.05,8,8
7/23/2026 0:45,16.5,94.75,0.75,224.25,16.1,1007.975,8,8
7/23/2026 5:00,16.4,97,1,221,16.2,1007.9,8,8
7/23/2026 5:15,16.475,96.5,0.95,222,16.55,1007.9,8,8
7/23/2026 5:30,16.55,96,0.9,223,16.9,1007.9,8,8
7/23/2026 5:45,16.625,95.5,0.85,224,17.25,1007.9,8,8
7/23/2026 6:00,16.7,95,0.8,225,17.6,1007.9,8,8
7/23/2026 6:15,16.775,94.25,0.625,224.75,17.975,1007.925,8,8
7/23/2026 6:30,16.85,93.5,0.45,224.5,18.35,1007.95,8,8
7/23/2026 6:45,16.925,92.75,0.275,224.25,18.725,1007.975,8,8
7/23/2026 7:00,17,92,0.1,224,19.1,1008,8,8
7/23/2026 7:15,17.125,91,0.075,223.75,19.275,1008,8,8.25
7/23/2026 7:30,17.25,90,0.05,223.5,19.45,1008,8,8.5
7/23/2026 7:45,17.375,89,0.025,223.25,19.625,1008,8,8.75
7/23/2026 8:00,17.5,88,0,223,19.8,1008,8,9
7/23/2026 8:15,17.5,88.25,0.1,223.25,20.075,1007.975,8,8.75
7/23/2026 8:30,17.5,88.5,0.2,223.5,20.35,1007.95,8,8.5
7/23/2026 8:45,17.5,88.75,0.3,223.75,20.625,1007.925,8,8.25
7/23/2026 9:00,17.5,89,0.4,224,20.9,1007.9,8,8
7/23/2026 9:15,17.525,89.75,0.6,223,20.625,1008.025,8,8
7/23/2026 9:30,17.55,90.5,0.8,222,20.35,1008.15,8,8
7/23/2026 9:45,17.575,91.25,1,221,20.075,1008.275,8,8
7/23/2026 10:00,17.6,92,1.2,220,19.8,1008.4,8,8
7/23/2026 10:15,17.675,91.5,1.475,224.75,19.625,1008.35,8,8
7/23/2026 10:30,17.75,91,1.75,229.5,19.45,1008.3,8,8
7/23/2026 10:45,17.825,90.5,2.025,234.25,19.275,1008.25,8,8
7/23/2026 11:00,17.9,90,2.3,239,19.1,1008.2,8,8
7/23/2026 11:15,17.725,91,2.625,242.25,19.725,1008.3,8,8
7/23/2026 11:30,17.55,92,2.95,245.5,20.35,1008.4,8,8
7/23/2026 11:45,17.375,93,3.275,248.75,20.975,1008.5,8,8
7/23/2026 12:00,17.2,94,3.6,252,21.6,1008.6,8,8
7/23/2026 12:15,17.35,94.25,3.525,251,21.15,1008.575,8,8.25
7/23/2026 12:30,17.5,94.5,3.45,250,20.7,1008.55,8,8.5
7/23/2026 12:45,17.65,94.75,3.375,249,20.25,1008.525,8,8.75
7/23/2026 13:00,17.8,95,3.3,248,19.8,1008.5,8,9
7/23/2026 13:15,17.9,94.25,3.175,246.75,20.25,1008.45,8,9
7/23/2026 13:30,18,93.5,3.05,245.5,20.7,1008.4,8,9
7/23/2026 13:45,18.1,92.75,2.925,244.25,21.15,1008.35,8,9
7/23/2026 14:00,18.2,92,2.8,243,21.6,1008.3,8,9
7/23/2026 14:15,18.3,91.25,2.225,241.75,21.6,1008.25,8,9
7/23/2026 14:30,18.4,90.5,1.65,240.5,21.6,1008.2,8,9
7/23/2026 14:45,18.5,89.75,1.075,239.25,21.6,1008.15,8,9
7/23/2026 15:00,18.6,89,0.5,238,21.6,1008.1,8,9
7/23/2026 15:15,18.425,90.25,0.675,244,20.35,1007.9,8,8.75
7/23/2026 15:30,18.25,91.5,0.85,250,19.1,1007.7,8,8.5
7/23/2026 15:45,18.075,92.75,1.025,256,17.85,1007.5,8,8.25
7/23/2026 16:00,17.9,94,1.2,262,16.6,1007.3,8,8
7/23/2026 16:15,17.925,93.75,1.075,265.75,16.85,1007.35,7.75,7.75
7/23/2026 16:30,17.95,93.5,0.95,269.5,17.1,1007.4,7.5,7.5
7/23/2026 16:45,17.975,93.25,0.825,273.25,17.35,1007.45,7.25,7.25
7/23/2026 17:00,18,93,0.7,277,17.6,1007.5,7,7
7/23/2026 17:15,18.05,92.75,0.525,278,17.425,1007.575,6.75,7.25
7/23/2026 17:30,18.1,92.5,0.35,279,17.25,1007.65,6.5,7.5
7/23/2026 17:45,18.15,92.25,0.175,280,17.075,1007.725,6.25,7.75
7/23/2026 18:00,18.2,92,0,281,16.9,1007.8,6,8
7/23/2026 18:15,18.225,91.5,0.075,278.75,16.9,1007.9,6,10.25
7/23/2026 18:30,18.25,91,0.15,276.5,16.9,1008,6,12.5
7/23/2026 18:45,18.275,90.5,0.225,274.25,16.9,1008.1,6,14.75
7/23/2026 19:00,18.3,90,0.3,272,16.9,1008.2,6,17
7/23/2026 19:15,18.225,90.25,0.225,273.5,16.825,1008.25,6.25,17
7/23/2026 19:30,18.15,90.5,0.15,275,16.75,1008.3,6.5,17
7/23/2026 19:45,18.075,90.75,0.075,276.5,16.675,1008.35,6.75,17
7/23/2026 20:00,18,91,0,278,16.6,1008.4,7,17
7/23/2026 20:15,18.025,91.25,0,274.75,16.4,1008.5,6.5,13.5
7/23/2026 20:30,18.05,91.5,0,271.5,16.2,1008.6,6,10
7/23/2026 20:45,18.075,91.75,0,268.25,16,1008.7,5.5,6.5
7/23/2026 21:00,18.1,92,0,265,15.8,1008.8,5,3
7/23/2026 21:15,18.175,90.75,0,264.75,15.625,1008.925,5.5,3
7/23/2026 21:30,18.25,89.5,0,264.5,15.45,1009.05,6,3
7/23/2026 21:45,18.325,88.25,0,264.25,15.275,1009.175,6.5,3
7/23/2026 22:00,18.4,87,0,264,15.1,1009.3,7,3
7/23/2026 22:15,18.35,87,0,265,15.1,1009.375,7.25,3
7/23/2026 22:30,18.3,87,0,266,15.1,1009.45,7.5,3
7/23/2026 22:45,18.25,87,0,267,15.1,1009.525,7.75,3
7/23/2026 23:00,18.2,87,0,268,15.1,1009.6,8,3
7/23/2026 23:15,18.15,87.5,0,270.75,15.375,1009.575,7.5,3
7/23/2026 23:30,18.1,88,0,273.5,15.65,1009.55,7,3
7/23/2026 23:45,18.05,88.5,0,276.25,15.925,1009.525,6.5,3
7/24/2026 0:00,18,89,0,279,16.2,1009.5,6,3
7/24/2026 0:15,17.9,90,0,277.25,15.125,1009.725,6.5,3
7/24/2026 0:30,17.8,91,0,275.5,14.05,1009.95,7,3
7/24/2026 0:45,17.7,92,0,273.75,12.975,1010.175,7.5,3
7/24/2026 5:00,17.6,93,0,272,11.9,1010.4,8,3
7/24/2026 5:15,17.625,91.75,0,273.25,11.9,1010.5,8,3
7/24/2026 5:30,17.65,90.5,0,274.5,11.9,1010.6,8,3
7/24/2026 5:45,17.675,89.25,0,275.75,11.9,1010.7,8,3
7/24/2026 6:00,17.7,88,0,277,11.9,1010.8,8,3
7/24/2026 6:15,17.875,87.5,0,277,11.625,1010.9,8,3
7/24/2026 6:30,18.05,87,0,277,11.35,1011,8,3
7/24/2026 6:45,18.225,86.5,0,277,11.075,1011.1,8,3
7/24/2026 7:00,18.4,86,0,277,10.8,1011.2,8,3
7/24/2026 7:15,18.525,86,0,273.25,11.075,1011.325,8,4
7/24/2026 7:30,18.65,86,0,269.5,11.35,1011.45,8,5
7/24/2026 7:45,18.775,86,0,265.75,11.625,1011.575,8,6
7/24/2026 8:00,18.9,86,0,262,11.9,1011.7,8,7
7/24/2026 8:15,19.125,85,0,261.75,11.9,1011.75,8,7
7/24/2026 8:30,19.35,84,0,261.5,11.9,1011.8,8,7
7/24/2026 8:45,19.575,83,0,261.25,11.9,1011.85,8,7
7/24/2026 9:00,19.8,82,0,261,11.9,1011.9,8,7
7/24/2026 9:15,19.85,81.25,0,263.75,12.175,1011.975,7.25,7.25
7/24/2026 9:30,19.9,80.5,0,266.5,12.45,1012.05,6.5,7.5
7/24/2026 9:45,19.95,79.75,0,269.25,12.725,1012.125,5.75,7.75
7/24/2026 10:00,20,79,0,272,13,1012.2,5,8
7/24/2026 10:15,20.1,78.5,0,272.25,12.9,1012.15,4.5,10.25
7/24/2026 10:30,20.2,78,0,272.5,12.8,1012.1,4,12.5
7/24/2026 10:45,20.3,77.5,0,272.75,12.7,1012.05,3.5,14.75
7/24/2026 11:00,20.4,77,0,273,12.6,1012,3,17
7/24/2026 11:15,20.625,76.25,0,271.75,12.425,1011.925,4.25,17
7/24/2026 11:30,20.85,75.5,0,270.5,12.25,1011.85,5.5,17
7/24/2026 11:45,21.075,74.75,0,269.25,12.075,1011.775,6.75,17
7/24/2026 12:00,21.3,74,0,268,11.9,1011.7,8,17
7/24/2026 12:15,21.375,73,0,268.5,12.075,1011.675,7.25,14.5
7/24/2026 12:30,21.45,72,0,269,12.25,1011.65,6.5,12
7/24/2026 12:45,21.525,71,0,269.5,12.425,1011.625,5.75,9.5
7/24/2026 13:00,21.6,70,0,270,12.6,1011.6,5,7
7/24/2026 13:15,21.8,69.75,0,273.25,12.6,1011.525,5,9.5
7/24/2026 13:30,22,69.5,0,276.5,12.6,1011.45,5,12
7/24/2026 13:45,22.2,69.25,0,279.75,12.6,1011.375,5,14.5
7/24/2026 14:00,22.4,69,0,283,12.6,1011.3,5,17
7/24/2026 14:15,22.625,67.25,0,283.75,12.425,1011.25,5.75,17
7/24/2026 14:30,22.85,65.5,0,284.5,12.25,1011.2,6.5,17
7/24/2026 14:45,23.075,63.75,0,285.25,12.075,1011.15,7.25,17
7/24/2026 15:00,23.3,62,0,286,11.9,1011.1,8,17
7/24/2026 15:15,23.125,62.75,0,285.5,11.8,1011.2,8,14.5
7/24/2026 15:30,22.95,63.5,0,285,11.7,1011.3,8,12
7/24/2026 15:45,22.775,64.25,0,284.5,11.6,1011.4,8,9.5
7/24/2026 16:00,22.6,65,0,284,11.5,1011.5,8,7
7/24/2026 16:15,22.55,65,0,285.75,10.875,1011.475,8,6
7/24/2026 16:30,22.5,65,0,287.5,10.25,1011.45,8,5
7/24/2026 16:45,22.45,65,0,289.25,9.625,1011.425,8,4
7/24/2026 17:00,22.4,65,0,291,9,1011.4,8,3
7/24/2026 17:15,22.3,65.25,0,298,8.45,1011.5,8,4
7/24/2026 17:30,22.2,65.5,0,305,7.9,1011.6,8,5
7/24/2026 17:45,22.1,65.75,0,312,7.35,1011.7,8,6
7/24/2026 18:00,22,66,0,319,6.8,1011.8,8,7
7/24/2026 18:15,21.85,67.25,0,314,6.45,1011.925,8,6
7/24/2026 18:30,21.7,68.5,0,309,6.1,1012.05,8,5
7/24/2026 18:45,21.55,69.75,0,304,5.75,1012.175,8,4
7/24/2026 19:00,21.4,71,0,299,5.4,1012.3,8,3
7/24/2026 19:15,20.95,72.75,0,298.25,5.575,1012.35,8,3
7/24/2026 19:30,20.5,74.5,0,297.5,5.75,1012.4,8,3
7/24/2026 19:45,20.05,76.25,0,296.75,5.925,1012.45,8,3
7/24/2026 20:00,19.6,78,0,296,6.1,1012.5,8,3
7/24/2026 20:15,19.175,80.5,0,293,6.1,1012.525,8,3
7/24/2026 20:30,18.75,83,0,290,6.1,1012.55,8,3
7/24/2026 20:45,18.325,85.5,0,287,6.1,1012.575,8,3
7/24/2026 21:00,17.9,88,0,284,6.1,1012.6,8,3
7/24/2026 21:15,17.8,88.5,0,276.5,5.925,1012.7,8,3
7/24/2026 21:30,17.7,89,0,269,5.75,1012.8,8,3
7/24/2026 21:45,17.6,89.5,0,261.5,5.575,1012.9,8,3
7/24/2026 22:00,17.5,90,0,254,5.4,1013,8,3
7/24/2026 22:15,17.825,88.75,0,251.25,5.675,1013,8,3
7/24/2026 22:30,18.15,87.5,0,248.5,5.95,1013,8,3
7/24/2026 22:45,18.475,86.25,0,245.75,6.225,1013,8,3
7/24/2026 23:00,18.8,85,0,243,6.5,1013,8,3
7/24/2026 23:15,18.725,85.5,0,245.75,6.85,1013,8,3
7/24/2026 23:30,18.65,86,0,248.5,7.2,1013,8,3
7/24/2026 23:45,18.575,86.5,0,251.25,7.55,1013,8,3
7/25/2026 0:00,18.5,87,0,254,7.9,1013,8,3
7/25/2026 0:15,18.35,90,1.275,256.5,8.175,1013,8,3
7/25/2026 0:30,18.2,93,2.55,259,8.45,1013,8,3
7/25/2026 0:45,18.05,96,3.825,261.5,8.725,1013,8,3
7/25/2026 5:00,17.9,99,5.1,264,9,1013,8,3
7/25/2026 5:15,17.95,99,4.25,263.5,9.45,1013.05,8,3
7/25/2026 5:30,18,99,3.4,263,9.9,1013.1,8,3
7/25/2026 5:45,18.05,99,2.55,262.5,10.35,1013.15,8,3
7/25/2026 6:00,18.1,99,1.7,262,10.8,1013.2,8,3
7/25/2026 6:15,18.375,98,1.3,260.75,11.525,1013.275,8,3
7/25/2026 6:30,18.65,97,0.9,259.5,12.25,1013.35,8,3
7/25/2026 6:45,18.925,96,0.5,258.25,12.975,1013.425,8,3
7/25/2026 7:00,19.2,95,0.1,257,13.7,1013.5,8,3
7/25/2026 7:15,19.3,94.5,0.075,255.5,13.525,1013.575,8,3
7/25/2026 7:30,19.4,94,0.05,254,13.35,1013.65,8,3
7/25/2026 7:45,19.5,93.5,0.025,252.5,13.175,1013.725,8,3
7/25/2026 8:00,19.6,93,0,251,13,1013.8,8,3
7/25/2026 8:15,19.8,90.75,0,252.75,13.25,1013.8,8,4
7/25/2026 8:30,20,88.5,0,254.5,13.5,1013.8,8,5
7/25/2026 8:45,20.2,86.25,0,256.25,13.75,1013.8,8,6
7/25/2026 9:00,20.4,84,0,258,14,1013.8,8,7
7/25/2026 9:15,20.75,83,0,257,13.925,1013.8,8,7.25
7/25/2026 9:30,21.1,82,0,256,13.85,1013.8,8,7.5
7/25/2026 9:45,21.45,81,0,255,13.775,1013.8,8,7.75
7/25/2026 10:00,21.8,80,0,254,13.7,1013.8,8,8
7/25/2026 10:15,21.575,80,0,254.75,13.525,1013.725,8,7.75
7/25/2026 10:30,21.35,80,0,255.5,13.35,1013.65,8,7.5
7/25/2026 10:45,21.125,80,0,256.25,13.175,1013.575,8,7.25
7/25/2026 11:00,20.9,80,0,257,13,1013.5,8,7
7/25/2026 11:15,20.9,80.25,0,257.25,12.8,1013.425,8,6
7/25/2026 11:30,20.9,80.5,0,257.5,12.6,1013.35,8,5
7/25/2026 11:45,20.9,80.75,0,257.75,12.4,1013.275,8,4
7/25/2026 12:00,20.9,81,0,258,12.2,1013.2,8,3
7/25/2026 12:15,20.925,80.5,0,257.25,11.95,1013.1,8,3
7/25/2026 12:30,20.95,80,0,256.5,11.7,1013,8,3
7/25/2026 12:45,20.975,79.5,0,255.75,11.45,1012.9,8,3
7/25/2026 13:00,21,79,0,255,11.2,1012.8,8,3
7/25/2026 13:15,21.3,78,0,255.5,11.55,1012.725,8,4
7/25/2026 13:30,21.6,77,0,256,11.9,1012.65,8,5
7/25/2026 13:45,21.9,76,0,256.5,12.25,1012.575,8,6
7/25/2026 14:00,22.2,75,0,257,12.6,1012.5,8,7
7/25/2026 14:15,22.675,73.25,0,265.25,12.95,1012.6,7.75,7.25
7/25/2026 14:30,23.15,71.5,0,273.5,13.3,1012.7,7.5,7.5
7/25/2026 14:45,23.625,69.75,0,281.75,13.65,1012.8,7.25,7.75
7/25/2026 15:00,24.1,68,0,290,14,1012.9,7,8
7/25/2026 15:15,24.275,67,0,294.25,13.3,1012.95,7,6.75
7/25/2026 15:30,24.45,66,0,298.5,12.6,1013,7,5.5
7/25/2026 15:45,24.625,65,0,302.75,11.9,1013.05,7,4.25
7/25/2026 16:00,24.8,64,0,307,11.2,1013.1,7,3
7/25/2026 16:15,24.325,66.75,0,302.25,10.3,1013,7.25,3
7/25/2026 16:30,23.85,69.5,0,297.5,9.4,1012.9,7.5,3
7/25/2026 16:45,23.375,72.25,0,292.75,8.5,1012.8,7.75,3
7/25/2026 17:00,22.9,75,0,288,7.6,1012.7,8,3
7/25/2026 17:15,22.775,75.75,0,288.75,7.4,1012.775,7.75,3
7/25/2026 17:30,22.65,76.5,0,289.5,7.2,1012.85,7.5,3
7/25/2026 17:45,22.525,77.25,0,290.25,7,1012.925,7.25,3
7/25/2026 18:00,22.4,78,0,291,6.8,1013,7,3
7/25/2026 18:15,21.875,79.5,0,292.75,7.075,1013.125,6.5,3
7/25/2026 18:30,21.35,81,0,294.5,7.35,1013.25,6,3
7/25/2026 18:45,20.825,82.5,0,296.25,7.625,1013.375,5.5,3
7/25/2026 19:00,20.3,84,0,298,7.9,1013.5,5,3
7/25/2026 19:15,20.15,85.25,0,295.75,8,1013.575,5.25,3
7/25/2026 19:30,20,86.5,0,293.5,8.1,1013.65,5.5,3
7/25/2026 19:45,19.85,87.75,0,291.25,8.2,1013.725,5.75,3
7/25/2026 20:00,19.7,89,0,289,8.3,1013.8,6,3
7/25/2026 20:15,19.675,90,0,288.25,8.2,1013.825,5.75,3
7/25/2026 20:30,19.65,91,0,287.5,8.1,1013.85,5.5,3
7/25/2026 20:45,19.625,92,0,286.75,8,1013.875,5.25,3
7/25/2026 21:00,19.6,93,0,286,7.9,1013.9,5,3
7/25/2026 21:15,19.6,93,0,289.75,8.275,1013.975,4.75,3
7/25/2026 21:30,19.6,93,0,293.5,8.65,1014.05,4.5,3
7/25/2026 21:45,19.6,93,0,297.25,9.025,1014.125,4.25,3
7/25/2026 22:00,19.6,93,0,301,9.4,1014.2,4,3
7/25/2026 22:15,19.625,93,0,302.25,9.3,1014.25,4,3
7/25/2026 22:30,19.65,93,0,303.5,9.2,1014.3,4,3
7/25/2026 22:45,19.675,93,0,304.75,9.1,1014.35,4,3
7/25/2026 23:00,19.7,93,0,306,9,1014.4,4,3
7/25/2026 23:15,19.7,92,0,307.5,9.1,1014.4,3.75,3
7/25/2026 23:30,19.7,91,0,309,9.2,1014.4,3.5,3
7/25/2026 23:45,19.7,90,0,310.5,9.3,1014.4,3.25,3
7/26/2026 0:00,19.7,89,0,312,9.4,1014.4,3,3
7/26/2026 0:15,19.225,89.25,0,311.5,9.2,1014.5,4.25,3
7/26/2026 0:30,18.75,89.5,0,311,9,1014.6,5.5,3
7/26/2026 0:45,18.275,89.75,0,310.5,8.8,1014.7,6.75,3
7/26/2026 5:00,17.8,90,0,310,8.6,1014.8,8,3
7/26/2026 5:15,17.9,89.25,0,309.5,8.7,1014.8,8,4
7/26/2026 5:30,18,88.5,0,309,8.8,1014.8,8,5
7/26/2026 5:45,18.1,87.75,0,308.5,8.9,1014.8,8,6
7/26/2026 6:00,18.2,87,0,308,9,1014.8,8,7
7/26/2026 6:15,18.225,86.25,0,308.25,9.275,1014.825,8,6
7/26/2026 6:30,18.25,85.5,0,308.5,9.55,1014.85,8,5
7/26/2026 6:45,18.275,84.75,0,308.75,9.825,1014.875,8,4
7/26/2026 7:00,18.3,84,0,309,10.1,1014.9,8,3
7/26/2026 7:15,18.35,83.5,0,307.75,10.1,1014.975,8,3
7/26/2026 7:30,18.4,83,0,306.5,10.1,1015.05,8,3
7/26/2026 7:45,18.45,82.5,0,305.25,10.1,1015.125,8,3
7/26/2026 8:00,18.5,82,0,304,10.1,1015.2,8,3
7/26/2026 8:15,18.575,81,0,300.75,10,1015.225,8,3
7/26/2026 8:30,18.65,80,0,297.5,9.9,1015.25,8,3
7/26/2026 8:45,18.725,79,0,294.25,9.8,1015.275,8,3
7/26/2026 9:00,18.8,78,0,291,9.7,1015.3,8,3
7/26/2026 9:15,18.925,77.5,0,288,9.7,1015.3,8,3
7/26/2026 9:30,19.05,77,0,285,9.7,1015.3,8,3
7/26/2026 9:45,19.175,76.5,0,282,9.7,1015.3,8,3
7/26/2026 10:00,19.3,76,0,279,9.7,1015.3,8,3
7/26/2026 10:15,19.325,75,0,282,9.7,1015.25,8,3
7/26/2026 10:30,19.35,74,0,285,9.7,1015.2,8,3
7/26/2026 10:45,19.375,73,0,288,9.7,1015.15,8,3
7/26/2026 11:00,19.4,72,0,291,9.7,1015.1,8,3
7/26/2026 11:15,19.45,71.5,0,290.75,9.7,1015.075,8,3
7/26/2026 11:30,19.5,71,0,290.5,9.7,1015.05,8,3
7/26/2026 11:45,19.55,70.5,0,290.25,9.7,1015.025,8,3
7/26/2026 12:00,19.6,70,0,290,9.7,1015,8,3
7/26/2026 12:15,19.825,69.25,0,293.75,9.975,1014.8,8,3
7/26/2026 12:30,20.05,68.5,0,297.5,10.25,1014.6,8,3
7/26/2026 12:45,20.275,67.75,0,301.25,10.525,1014.4,8,3
7/26/2026 13:00,20.5,67,0,305,10.8,1014.2,8,3
7/26/2026 13:15,20.775,66,0,305,10.8,1014.225,8,3
7/26/2026 13:30,21.05,65,0,305,10.8,1014.25,8,3
7/26/2026 13:45,21.325,64,0,305,10.8,1014.275,8,3
7/26/2026 14:00,21.6,63,0,305,10.8,1014.3,8,3
7/26/2026 14:15,21.425,64,0,306.75,10.625,1014.15,8,3
7/26/2026 14:30,21.25,65,0,308.5,10.45,1014,8,3
7/26/2026 14:45,21.075,66,0,310.25,10.275,1013.85,8,3
7/26/2026 15:00,20.9,67,0,312,10.1,1013.7,8,3
7/26/2026 15:15,20.95,67.5,0,313.25,9.825,1013.65,8,3
7/26/2026 15:30,21,68,0,314.5,9.55,1013.6,8,3
7/26/2026 15:45,21.05,68.5,0,315.75,9.275,1013.55,8,3
7/26/2026 16:00,21.1,69,0,317,9,1013.5,8,3
7/26/2026 16:15,21.075,68.25,0,318.75,8.725,1013.425,7.75,3
7/26/2026 16:30,21.05,67.5,0,320.5,8.45,1013.35,7.5,3
7/26/2026 16:45,21.025,66.75,0,322.25,8.175,1013.275,7.25,3
7/26/2026 17:00,21,66,0,324,7.9,1013.2,7,3
7/26/2026 17:15,20.875,66.75,0,323.5,7.1,1013.225,7.25,3
7/26/2026 17:30,20.75,67.5,0,323,6.3,1013.25,7.5,3
7/26/2026 17:45,20.625,68.25,0,322.5,5.5,1013.275,7.75,3
7/26/2026 18:00,20.5,69,0,322,4.7,1013.3,8,3
7/26/2026 18:15,20.375,69.25,0,316,4.325,1013.425,8,3
7/26/2026 18:30,20.25,69.5,0,310,3.95,1013.55,8,3
7/26/2026 18:45,20.125,69.75,0,304,3.575,1013.675,8,3
7/26/2026 19:00,20,70,0,298,3.2,1013.8,8,3
7/26/2026 19:15,19.425,73,0,295.75,3.2,1013.85,8,3
7/26/2026 19:30,18.85,76,0,293.5,3.2,1013.9,8,3
7/26/2026 19:45,18.275,79,0,291.25,3.2,1013.95,8,3
7/26/2026 20:00,17.7,82,0,289,3.2,1014,8,3
7/26/2026 20:15,17.425,84.25,0,298.25,3.3,1013.925,8,3
7/26/2026 20:30,17.15,86.5,0,307.5,3.4,1013.85,8,3
7/26/2026 20:45,16.875,88.75,0,316.75,3.5,1013.775,8,3
7/26/2026 21:00,16.6,91,0,326,3.6,1013.7,8,3
7/26/2026 21:15,16.4,92,0,247.5,3.25,1013.675,7.75,3
7/26/2026 21:30,16.2,93,0,169,2.9,1013.65,7.5,3
7/26/2026 21:45,16,94,0,90.5,2.55,1013.625,7.25,3
7/26/2026 22:00,15.8,95,0,12,2.2,1013.6,7,3
7/26/2026 22:15,15.8,95,0,10.5,1.925,1013.525,7.25,3
7/26/2026 22:30,15.8,95,0,9,1.65,1013.45,7.5,3
7/26/2026 22:45,15.8,95,0,7.5,1.375,1013.375,7.75,3
7/26/2026 23:00,15.8,95,0,6,1.1,1013.3,8,3
7/26/2026 23:15,15.775,95.25,0,69.75,2,1013.275,8,3
7/26/2026 23:30,15.75,95.5,0,133.5,2.9,1013.25,8,3
7/26/2026 23:45,15.725,95.75,0,197.25,3.8,1013.225,8,3
7/27/2026 0:00,15.7,96,0,261,4.7,1013.2,8,3
7/27/2026 0:15,16.075,94.5,0,259,4.875,1012.95,8,3
7/27/2026 0:30,16.45,93,0,257,5.05,1012.7,8,3
7/27/2026 0:45,16.825,91.5,0,255,5.225,1012.45,8,3
7/27/2026 5:00,17.2,90,0,253,5.4,1012.2,8,3
7/27/2026 5:15,17.875,86,0,252,4.675,1012.1,8,3
7/27/2026 5:30,18.55,82,0,251,3.95,1012,8,3
7/27/2026 5:45,19.225,78,0,250,3.225,1011.9,8,3
7/27/2026 6:00,19.9,74,0,249,2.5,1011.8,8,3
7/27/2026 6:15,20.15,72,0,252,2.5,1011.725,8,3
7/27/2026 6:30,20.4,70,0,255,2.5,1011.65,8,3
7/27/2026 6:45,20.65,68,0,258,2.5,1011.575,8,3
7/27/2026 7:00,20.9,66,0,261,2.5,1011.5,8,3
7/27/2026 7:15,21,65.5,0,268.5,2.325,1011.475,8,3
7/27/2026 7:30,21.1,65,0,276,2.15,1011.45,8,3
7/27/2026 7:45,21.2,64.5,0,283.5,1.975,1011.425,8,3
7/27/2026 8:00,21.3,64,0,291,1.8,1011.4,8,3
7/27/2026 8:15,21.5,62.5,0,305,1.9,1011.375,8,3
7/27/2026 8:30,21.7,61,0,319,2,1011.35,8,3
7/27/2026 8:45,21.9,59.5,0,333,2.1,1011.325,8,3
7/27/2026 9:00,22.1,58,0,347,2.2,1011.3,8,3
7/27/2026 9:15,22.225,58,0,349.75,2.65,1011.25,7.75,3
7/27/2026 9:30,22.35,58,0,352.5,3.1,1011.2,7.5,3
7/27/2026 9:45,22.475,58,0,355.25,3.55,1011.15,7.25,3
7/27/2026 10:00,22.6,58,0,358,4,1011.1,7,3
7/27/2026 10:15,22.725,56.75,0,271,4.075,1011,7.25,3
7/27/2026 10:30,22.85,55.5,0,184,4.15,1010.9,7.5,3
7/27/2026 10:45,22.975,54.25,0,97,4.225,1010.8,7.75,3
7/27/2026 11:00,23.1,53,0,10,4.3,1010.7,8,3
7/27/2026 11:15,23.025,53,0,95.5,4.125,1010.575,8,3
7/27/2026 11:30,22.95,53,0,181,3.95,1010.45,8,3
7/27/2026 11:45,22.875,53,0,266.5,3.775,1010.325,8,3
7/27/2026 12:00,22.8,53,0,352,3.6,1010.2,8,3
7/27/2026 12:15,22.975,53,0,342.75,3.95,1010,8,3
7/27/2026 12:30,23.15,53,0,333.5,4.3,1009.8,8,3
7/27/2026 12:45,23.325,53,0,324.25,4.65,1009.6,8,3
7/27/2026 13:00,23.5,53,0,315,5,1009.4,8,3
7/27/2026 13:15,23.7,51,0,320.25,5.1,1009.25,7.75,3
7/27/2026 13:30,23.9,49,0,325.5,5.2,1009.1,7.5,3
7/27/2026 13:45,24.1,47,0,330.75,5.3,1008.95,7.25,3
7/27/2026 14:00,24.3,45,0,336,5.4,1008.8,7,3
7/27/2026 14:15,24.4,46,0,258,5.125,1008.625,5.5,3
7/27/2026 14:30,24.5,47,0,180,4.85,1008.45,4,3
7/27/2026 14:45,24.6,48,0,102,4.575,1008.275,2.5,3
7/27/2026 15:00,24.7,49,0,24,4.3,1008.1,1,3
7/27/2026 15:15,24.825,48.5,0,107.75,4.3,1008.125,1.25,2.5
7/27/2026 15:30,24.95,48,0,191.5,4.3,1008.15,1.5,2
7/27/2026 15:45,25.075,47.5,0,275.25,4.3,1008.175,1.75,1.5
7/27/2026 16:00,25.2,47,0,359,4.3,1008.2,2,1
7/27/2026 16:15,25.075,46.25,0,356.5,4.675,1008.2,1.75,1.25
7/27/2026 16:30,24.95,45.5,0,354,5.05,1008.2,1.5,1.5
7/27/2026 16:45,24.825,44.75,0,351.5,5.425,1008.2,1.25,1.75
7/27/2026 17:00,24.7,44,0,349,5.8,1008.2,1,2
7/27/2026 17:15,24.425,46,0,339.5,6.5,1008.225,1.75,2
7/27/2026 17:30,24.15,48,0,330,7.2,1008.25,2.5,2
7/27/2026 17:45,23.875,50,0,320.5,7.9,1008.275,3.25,2
7/27/2026 18:00,23.6,52,0,311,8.6,1008.3,4,2
7/27/2026 18:15,23.275,54,0,311.5,8.975,1008.425,4,2.25
7/27/2026 18:30,22.95,56,0,312,9.35,1008.55,4,2.5
7/27/2026 18:45,22.625,58,0,312.5,9.725,1008.675,4,2.75
7/27/2026 19:00,22.3,60,0,313,10.1,1008.8,4,3
7/27/2026 19:15,21.925,63,0,316.75,10.1,1008.85,3.75,3
7/27/2026 19:30,21.55,66,0,320.5,10.1,1008.9,3.5,3
7/27/2026 19:45,21.175,69,0,324.25,10.1,1008.95,3.25,3
7/27/2026 20:00,20.8,72,0,328,10.1,1009,3,3
7/27/2026 20:15,20.55,73.5,0,328.25,9.55,1009.025,3,3
7/27/2026 20:30,20.3,75,0,328.5,9,1009.05,3,3
7/27/2026 20:45,20.05,76.5,0,328.75,8.45,1009.075,3,3
7/27/2026 21:00,19.8,78,0,329,7.9,1009.1,3,3
7/27/2026 21:15,19.65,79.25,0,329.75,8,1009.125,3,2.75
7/27/2026 21:30,19.5,80.5,0,330.5,8.1,1009.15,3,2.5
7/27/2026 21:45,19.35,81.75,0,331.25,8.2,1009.175,3,2.25
7/27/2026 22:00,19.2,83,0,332,8.3,1009.2,3,2
7/27/2026 22:15,19.05,83.75,0,331.25,8.475,1009.15,2.5,2.25
7/27/2026 22:30,18.9,84.5,0,330.5,8.65,1009.1,2,2.5
7/27/2026 22:45,18.75,85.25,0,329.75,8.825,1009.05,1.5,2.75
7/27/2026 23:00,18.6,86,0,329,9,1009,1,3
7/27/2026 23:15,18.5,86,0,329.5,8.9,1008.95,1,2.75
7/27/2026 23:30,18.4,86,0,330,8.8,1008.9,1,2.5
7/27/2026 23:45,18.3,86,0,330.5,8.7,1008.85,1,2.25
7/28/2026 0:00,18.2,86,0,331,8.6,1008.8,1,2
7/28/2026 0:15,18.025,87.25,0,327.5,9.15,1008.8,2.75,3.75
7/28/2026 0:30,17.85,88.5,0,324,9.7,1008.8,4.5,5.5
7/28/2026 0:45,17.675,89.75,0,320.5,10.25,1008.8,6.25,7.25
7/28/2026 5:00,17.5,91,0,317,10.8,1008.8,8,9
7/28/2026 5:15,17.625,90.25,0,318.25,10.9,1008.85,7.75,8.75
7/28/2026 5:30,17.75,89.5,0,319.5,11,1008.9,7.5,8.5
7/28/2026 5:45,17.875,88.75,0,320.75,11.1,1008.95,7.25,8.25
7/28/2026 6:00,18,88,0,322,11.2,1009,7,8
7/28/2026 6:15,18.025,86.75,0,324.75,11.45,1009.125,7.25,8.25
7/28/2026 6:30,18.05,85.5,0,327.5,11.7,1009.25,7.5,8.5
7/28/2026 6:45,18.075,84.25,0,330.25,11.95,1009.375,7.75,8.75
7/28/2026 7:00,18.1,83,0,333,12.2,1009.5,8,9
7/28/2026 7:15,18.4,82.75,0,328.5,11.675,1009.5,8,8.75
7/28/2026 7:30,18.7,82.5,0,324,11.15,1009.5,8,8.5
7/28/2026 7:45,19,82.25,0,319.5,10.625,1009.5,8,8.25
7/28/2026 8:00,19.3,82,0,315,10.1,1009.5,8,8
7/28/2026 8:15,19.825,79.5,0,315.75,10.725,1009.475,8,6.75
7/28/2026 8:30,20.35,77,0,316.5,11.35,1009.45,8,5.5
7/28/2026 8:45,20.875,74.5,0,317.25,11.975,1009.425,8,4.25
7/28/2026 9:00,21.4,72,0,318,12.6,1009.4,8,3
7/28/2026 9:15,21.3,72,0.025,320,13.15,1009.4,8,3
7/28/2026 9:30,21.2,72,0.05,322,13.7,1009.4,8,3
7/28/2026 9:45,21.1,72,0.075,324,14.25,1009.4,8,3
7/28/2026 10:00,21,72,0.1,326,14.8,1009.4,8,3
7/28/2026 10:15,21.375,69.25,0.075,325.25,14.975,1009.35,8,3
7/28/2026 10:30,21.75,66.5,0.05,324.5,15.15,1009.3,8,3
7/28/2026 10:45,22.125,63.75,0.025,323.75,15.325,1009.25,8,3
7/28/2026 11:00,22.5,61,0,323,15.5,1009.2,8,3
7/28/2026 11:15,22.25,60.25,0,319.75,16.4,1009.225,7.75,4.25
7/28/2026 11:30,22,59.5,0,316.5,17.3,1009.25,7.5,5.5
7/28/2026 11:45,21.75,58.75,0,313.25,18.2,1009.275,7.25,6.75
7/28/2026 12:00,21.5,58,0,310,19.1,1009.3,7,8
7/28/2026 12:15,21.25,60.5,0,308,18.55,1009.35,7.25,8.25
7/28/2026 12:30,21,63,0,306,18,1009.4,7.5,8.5
7/28/2026 12:45,20.75,65.5,0,304,17.45,1009.45,7.75,8.75
7/28/2026 13:00,20.5,68,0,302,16.9,1009.5,8,9
7/28/2026 13:15,20.25,69.75,0.025,302.75,17.175,1009.475,8,8.75
7/28/2026 13:30,20,71.5,0.05,303.5,17.45,1009.45,8,8.5
7/28/2026 13:45,19.75,73.25,0.075,304.25,17.725,1009.425,8,8.25
7/28/2026 14:00,19.5,75,0.1,305,18,1009.4,8,8
7/28/2026 14:15,20.45,68.75,0.075,307,18.1,1009.4,8,6.75
7/28/2026 14:30,21.4,62.5,0.05,309,18.2,1009.4,8,5.5
7/28/2026 14:45,22.35,56.25,0.025,311,18.3,1009.4,8,4.25
7/28/2026 15:00,23.3,50,0,313,18.4,1009.4,8,3
7/28/2026 15:15,23.3,48.5,0,314.5,18.475,1009.4,8,3
7/28/2026 15:30,23.3,47,0,316,18.55,1009.4,8,3
7/28/2026 15:45,23.3,45.5,0,317.5,18.625,1009.4,8,3
7/28/2026 16:00,23.3,44,0,319,18.7,1009.4,8,3
7/28/2026 16:15,23.025,46,0,319.75,18.075,1009.475,7,3
7/28/2026 16:30,22.75,48,0,320.5,17.45,1009.55,6,3
7/28/2026 16:45,22.475,50,0,321.25,16.825,1009.625,5,3
7/28/2026 17:00,22.2,52,0,322,16.2,1009.7,4,3
7/28/2026 17:15,22.025,52.5,0,319.5,15.475,1009.825,4.75,3
7/28/2026 17:30,21.85,53,0,317,14.75,1009.95,5.5,3
7/28/2026 17:45,21.675,53.5,0,314.5,14.025,1010.075,6.25,3
7/28/2026 18:00,21.5,54,0,312,13.3,1010.2,7,3
7/28/2026 18:15,21.25,55,0,311,13.575,1010.325,7,3
7/28/2026 18:30,21,56,0,310,13.85,1010.45,7,3
7/28/2026 18:45,20.75,57,0,309,14.125,1010.575,7,3
7/28/2026 19:00,20.5,58,0,308,14.4,1010.7,7,3
7/28/2026 19:15,20.2,59.25,0,307,14.05,1010.85,5.75,3
7/28/2026 19:30,19.9,60.5,0,306,13.7,1011,4.5,3
7/28/2026 19:45,19.6,61.75,0,305,13.35,1011.15,3.25,3
7/28/2026 20:00,19.3,63,0,304,13,1011.3,2,3
7/28/2026 20:15,19.1,64,0,303.75,13.175,1011.375,2,2.75
7/28/2026 20:30,18.9,65,0,303.5,13.35,1011.45,2,2.5
7/28/2026 20:45,18.7,66,0,303.25,13.525,1011.525,2,2.25
7/28/2026 21:00,18.5,67,0,303,13.7,1011.6,2,2
7/28/2026 21:15,18.4,68,0,300.25,13.775,1011.675,2,2
7/28/2026 21:30,18.3,69,0,297.5,13.85,1011.75,2,2
7/28/2026 21:45,18.2,70,0,294.75,13.925,1011.825,2,2
7/28/2026 22:00,18.1,71,0,292,14,1011.9,2,2
7/28/2026 22:15,18.1,71.25,0,291.25,14.275,1011.925,1.75,2
7/28/2026 22:30,18.1,71.5,0,290.5,14.55,1011.95,1.5,2
7/28/2026 22:45,18.1,71.75,0,289.75,14.825,1011.975,1.25,2
7/28/2026 23:00,18.1,72,0,289,15.1,1012,1,2
7/28/2026 23:15,17.875,73,0,289.5,15.375,1011.95,0.75,2
7/28/2026 23:30,17.65,74,0,290,15.65,1011.9,0.5,2
7/28/2026 23:45,17.425,75,0,290.5,15.925,1011.85,0.25,2
7/29/2026 0:00,17.2,76,0,291,16.2,1011.8,0,2
7/29/2026 0:15,16.675,78.75,0,288.5,15.575,1012.025,0.75,1.75
7/29/2026 0:30,16.15,81.5,0,286,14.95,1012.25,1.5,1.5
7/29/2026 0:45,15.625,84.25,0,283.5,14.325,1012.475,2.25,1.25
7/29/2026 5:00,15.1,87,0,281,13.7,1012.7,3,1
7/29/2026 5:15,15.3,85.75,0,283.75,15.4,1012.75,3.5,1.5
7/29/2026 5:30,15.5,84.5,0,286.5,17.1,1012.8,4,2
7/29/2026 5:45,15.7,83.25,0,289.25,18.8,1012.85,4.5,2.5
7/29/2026 6:00,15.9,82,0,292,20.5,1012.9,5,3
7/29/2026 6:15,16.175,80.75,0,291.75,19.975,1012.975,4.75,6.5
7/29/2026 6:30,16.45,79.5,0,291.5,19.45,1013.05,4.5,10
7/29/2026 6:45,16.725,78.25,0,291.25,18.925,1013.125,4.25,13.5
7/29/2026 7:00,17,77,0,291,18.4,1013.2,4,17
7/29/2026 7:15,17.125,75.75,0,289.5,18.2,1013.15,4.25,13.5
7/29/2026 7:30,17.25,74.5,0,288,18,1013.1,4.5,10
7/29/2026 7:45,17.375,73.25,0,286.5,17.8,1013.05,4.75,6.5
7/29/2026 8:00,17.5,72,0,285,17.6,1013,5,3
7/29/2026 8:15,18.175,69,0,284.25,17.875,1013,4.75,3
7/29/2026 8:30,18.85,66,0,283.5,18.15,1013,4.5,3
7/29/2026 8:45,19.525,63,0,282.75,18.425,1013,4.25,3
7/29/2026 9:00,20.2,60,0,282,18.7,1013,4,3
7/29/2026 9:15,20.025,59.5,0,280,18.8,1013.025,3.75,6.5
7/29/2026 9:30,19.85,59,0,278,18.9,1013.05,3.5,10
7/29/2026 9:45,19.675,58.5,0,276,19,1013.075,3.25,13.5
7/29/2026 10:00,19.5,58,0,274,19.1,1013.1,3,17
7/29/2026 10:15,19.6,58.25,0,274.25,19,1013.125,3,13.25
7/29/2026 10:30,19.7,58.5,0,274.5,18.9,1013.15,3,9.5
7/29/2026 10:45,19.8,58.75,0,274.75,18.8,1013.175,3,5.75
7/29/2026 11:00,19.9,59,0,275,18.7,1013.2,3,2
7/29/2026 11:15,20.1,58.25,0,275.75,18.7,1013.15,2.75,2.25
7/29/2026 11:30,20.3,57.5,0,276.5,18.7,1013.1,2.5,2.5
7/29/2026 11:45,20.5,56.75,0,277.25,18.7,1013.05,2.25,2.75
7/29/2026 12:00,20.7,56,0,278,18.7,1013,2,3
7/29/2026 12:15,21,55,0,278.75,18.25,1013,2,2.75
7/29/2026 12:30,21.3,54,0,279.5,17.8,1013,2,2.5
7/29/2026 12:45,21.6,53,0,280.25,17.35,1013,2,2.25
7/29/2026 13:00,21.9,52,0,281,16.9,1013,2,2
7/29/2026 13:15,21.275,54.25,0,282.25,17.275,1013,2.5,2
7/29/2026 13:30,20.65,56.5,0,283.5,17.65,1013,3,2
7/29/2026 13:45,20.025,58.75,0,284.75,18.025,1013,3.5,2
7/29/2026 14:00,19.4,61,0,286,18.4,1013,4,2
7/29/2026 14:15,19.275,65,0.125,286.5,17.5,1013.025,3.5,2.25
7/29/2026 14:30,19.15,69,0.25,287,16.6,1013.05,3,2.5
7/29/2026 14:45,19.025,73,0.375,287.5,15.7,1013.075,2.5,2.75
7/29/2026 15:00,18.9,77,0.5,288,14.8,1013.1,2,3
7/29/2026 15:15,19.325,72.75,0.375,287.25,14.975,1013.1,2,2.75
7/29/2026 15:30,19.75,68.5,0.25,286.5,15.15,1013.1,2,2.5
7/29/2026 15:45,20.175,64.25,0.125,285.75,15.325,1013.1,2,2.25
7/29/2026 16:00,20.6,60,0,285,15.5,1013.1,2,2
7/29/2026 16:15,20.15,60,0,281.25,14.425,1013.025,1.75,2
7/29/2026 16:30,19.7,60,0,277.5,13.35,1012.95,1.5,2
7/29/2026 16:45,19.25,60,0,273.75,12.275,1012.875,1.25,2
7/29/2026 17:00,18.8,60,0,270,11.2,1012.8,1,2
7/29/2026 17:15,18.975,58.75,0,267.25,10.75,1012.85,0.75,2
7/29/2026 17:30,19.15,57.5,0,264.5,10.3,1012.9,0.5,2
7/29/2026 17:45,19.325,56.25,0,261.75,9.85,1012.95,0.25,2
7/29/2026 18:00,19.5,55,0,259,9.4,1013,0,2
7/29/2026 18:15,19.225,57.25,0,256,8.85,1013.075,0.25,1.75
7/29/2026 18:30,18.95,59.5,0,253,8.3,1013.15,0.5,1.5
7/29/2026 18:45,18.675,61.75,0,250,7.75,1013.225,0.75,1.25
7/29/2026 19:00,18.4,64,0,247,7.2,1013.3,1,1
7/29/2026 19:15,18.075,63.75,0,247.5,7.475,1013.375,2.75,1.25
7/29/2026 19:30,17.75,63.5,0,248,7.75,1013.45,4.5,1.5
7/29/2026 19:45,17.425,63.25,0,248.5,8.025,1013.525,6.25,1.75
7/29/2026 20:00,17.1,63,0,249,8.3,1013.6,8,2
7/29/2026 20:15,16.875,64,0,251.25,8.375,1013.65,8,2.25
7/29/2026 20:30,16.65,65,0,253.5,8.45,1013.7,8,2.5
7/29/2026 20:45,16.425,66,0,255.75,8.525,1013.75,8,2.75
7/29/2026 21:00,16.2,67,0,258,8.6,1013.8,8,3
7/29/2026 21:15,16.025,68.5,0,255.5,8.7,1013.85,8,3
7/29/2026 21:30,15.85,70,0,253,8.8,1013.9,8,3
7/29/2026 21:45,15.675,71.5,0,250.5,8.9,1013.95,8,3
7/29/2026 22:00,15.5,73,0,248,9,1014,8,3
7/29/2026 22:15,15.275,74.75,0,249.75,9.1,1013.975,7.25,3
7/29/2026 22:30,15.05,76.5,0,251.5,9.2,1013.95,6.5,3
7/29/2026 22:45,14.825,78.25,0,253.25,9.3,1013.925,5.75,3
7/29/2026 23:00,14.6,80,0,255,9.4,1013.9,5,3
7/29/2026 23:15,14.4,81.25,0,255,9.475,1013.95,5.5,3
7/29/2026 23:30,14.2,82.5,0,255,9.55,1014,6,3
7/29/2026 23:45,14,83.75,0,255,9.625,1014.05,6.5,3
7/30/2026 0:00,13.8,85,0,255,9.7,1014.1,7,3
7/30/2026 0:15,13.8,85.25,0,250,9.25,1014.125,5.25,2.5
7/30/2026 0:30,13.8,85.5,0,245,8.8,1014.15,3.5,2
7/30/2026 0:45,13.8,85.75,0,240,8.35,1014.175,1.75,1.5
7/30/2026 5:00,13.8,86,0,235,7.9,1014.2,0,1
7/30/2026 5:15,14.325,83.75,0,236.25,8.075,1014.25,0.25,1
7/30/2026 5:30,14.85,81.5,0,237.5,8.25,1014.3,0.5,1
7/30/2026 5:45,15.375,79.25,0,238.75,8.425,1014.35,0.75,1
7/30/2026 6:00,15.9,77,0,240,8.6,1014.4,1,1
7/30/2026 6:15,16.275,75.25,0,242.25,9.25,1014.4,1.25,1
7/30/2026 6:30,16.65,73.5,0,244.5,9.9,1014.4,1.5,1
7/30/2026 6:45,17.025,71.75,0,246.75,10.55,1014.4,1.75,1
7/30/2026 7:00,17.4,70,0,249,11.2,1014.4,2,1
7/30/2026 7:15,17.8,67.5,0,248,11.1,1014.4,1.75,1.25
7/30/2026 7:30,18.2,65,0,247,11,1014.4,1.5,1.5
7/30/2026 7:45,18.6,62.5,0,246,10.9,1014.4,1.25,1.75
7/30/2026 8:00,19,60,0,245,10.8,1014.4,1,2
7/30/2026 8:15,18.9,59.75,0,246.75,11.6,1014.375,1,2
7/30/2026 8:30,18.8,59.5,0,248.5,12.4,1014.35,1,2
7/30/2026 8:45,18.7,59.25,0,250.25,13.2,1014.325,1,2
7/30/2026 9:00,18.6,59,0,252,14,1014.3,1,2
7/30/2026 9:15,19.1,57,0,251,14,1014.25,1,1.75
7/30/2026 9:30,19.6,55,0,250,14,1014.2,1,1.5
7/30/2026 9:45,20.1,53,0,249,14,1014.15,1,1.25
7/30/2026 10:00,20.6,51,0,248,14,1014.1,1,1
7/30/2026 10:15,20.65,50.5,0,248.25,14.2,1014.025,1,1
7/30/2026 10:30,20.7,50,0,248.5,14.4,1013.95,1,1
7/30/2026 10:45,20.75,49.5,0,248.75,14.6,1013.875,1,1
7/30/2026 11:00,20.8,49,0,249,14.8,1013.8,1,1
7/30/2026 11:15,21,48.25,0,250.5,14.7,1013.725,1,1.25
7/30/2026 11:30,21.2,47.5,0,252,14.6,1013.65,1,1.5
7/30/2026 11:45,21.4,46.75,0,253.5,14.5,1013.575,1,1.75
7/30/2026 12:00,21.6,46,0,255,14.4,1013.5,1,2
7/30/2026 12:15,21.825,45,0,255,14.125,1013.5,1,2
7/30/2026 12:30,22.05,44,0,255,13.85,1013.5,1,2
7/30/2026 12:45,22.275,43,0,255,13.575,1013.5,1,2
7/30/2026 13:00,22.5,42,0,255,13.3,1013.5,1,2
7/30/2026 13:15,22.475,41.5,0,255,13.475,1013.425,1,2
7/30/2026 13:30,22.45,41,0,255,13.65,1013.35,1,2
7/30/2026 13:45,22.425,40.5,0,255,13.825,1013.275,1,2
7/30/2026 14:00,22.4,40,0,255,14,1013.2,1,2
7/30/2026 14:15,22.375,39.75,0,254.75,14,1013.125,2.5,2
7/30/2026 14:30,22.35,39.5,0,254.5,14,1013.05,4,2
7/30/2026 14:45,22.325,39.25,0,254.25,14,1012.975,5.5,2
7/30/2026 15:00,22.3,39,0,254,14,1012.9,7,2
7/30/2026 15:15,22.5,38.5,0,255,13.75,1012.85,5.75,2.25
7/30/2026 15:30,22.7,38,0,256,13.5,1012.8,4.5,2.5
7/30/2026 15:45,22.9,37.5,0,257,13.25,1012.75,3.25,2.75
7/30/2026 16:00,23.1,37,0,258,13,1012.7,2,3
7/30/2026 16:15,22.65,38.75,0,258,12.175,1012.675,3.25,2.75
7/30/2026 16:30,22.2,40.5,0,258,11.35,1012.65,4.5,2.5
7/30/2026 16:45,21.75,42.25,0,258,10.525,1012.625,5.75,2.25
7/30/2026 17:00,21.3,44,0,258,9.7,1012.6,7,2
7/30/2026 17:15,21.225,45.25,0,257.25,9.075,1012.6,6.25,2.25
7/30/2026 17:30,21.15,46.5,0,256.5,8.45,1012.6,5.5,2.5
7/30/2026 17:45,21.075,47.75,0,255.75,7.825,1012.6,4.75,2.75
7/30/2026 18:00,21,49,0,255,7.2,1012.6,4,3
7/30/2026 18:15,20.7,49.75,0,249.5,7.025,1012.7,3.5,3
7/30/2026 18:30,20.4,50.5,0,244,6.85,1012.8,3,3
7/30/2026 18:45,20.1,51.25,0,238.5,6.675,1012.9,2.5,3
7/30/2026 19:00,19.8,52,0,233,6.5,1013,2,3
7/30/2026 19:15,19.5,53.75,0,238.5,6.85,1013.05,1.75,2.75
7/30/2026 19:30,19.2,55.5,0,244,7.2,1013.1,1.5,2.5
7/30/2026 19:45,18.9,57.25,0,249.5,7.55,1013.15,1.25,2.25
7/30/2026 20:00,18.6,59,0,255,7.9,1013.2,1,2
7/30/2026 20:15,18.275,60.5,0,257,8.175,1013.225,1,2
7/30/2026 20:30,17.95,62,0,259,8.45,1013.25,1,2
7/30/2026 20:45,17.625,63.5,0,261,8.725,1013.275,1,2
7/30/2026 21:00,17.3,65,0,263,9,1013.3,1,2
7/30/2026 21:15,17.4,64,0,261.25,9.275,1013.35,1,2
7/30/2026 21:30,17.5,63,0,259.5,9.55,1013.4,1,2
7/30/2026 21:45,17.6,62,0,257.75,9.825,1013.45,1,2
7/30/2026 22:00,17.7,61,0,256,10.1,1013.5,1,2
7/30/2026 22:15,17.65,61.75,0,253.75,9.55,1013.475,1,2
7/30/2026 22:30,17.6,62.5,0,251.5,9,1013.45,1,2
7/30/2026 22:45,17.55,63.25,0,249.25,8.45,1013.425,1,2
7/30/2026 23:00,17.5,64,0,247,7.9,1013.4,1,2
7/30/2026 23:15,17.4,64.5,0,240,8,1013.4,1.5,2
7/30/2026 23:30,17.3,65,0,233,8.1,1013.4,2,2
7/30/2026 23:45,17.2,65.5,0,226,8.2,1013.4,2.5,2
7/31/2026 0:00,17.1,66,0,219,8.3,1013.4,3,2
7/31/2026 0:15,16.425,72,0,217,9.475,1013.125,3,2.25
7/31/2026 0:30,15.75,78,0,215,10.65,1012.85,3,2.5
7/31/2026 0:45,15.075,84,0,213,11.825,1012.575,3,2.75
7/31/2026 5:00,14.4,90,0,211,13,1012.3,3,3
7/31/2026 5:15,14.625,88.5,0,209.75,12.725,1012.275,4,2.75
7/31/2026 5:30,14.85,87,0,208.5,12.45,1012.25,5,2.5
7/31/2026 5:45,15.075,85.5,0,207.25,12.175,1012.225,6,2.25
7/31/2026 6:00,15.3,84,0,206,11.9,1012.2,7,2
7/31/2026 6:15,15.45,83,0,210.75,12.875,1012.175,7.25,2.25
7/31/2026 6:30,15.6,82,0,215.5,13.85,1012.15,7.5,2.5
7/31/2026 6:45,15.75,81,0,220.25,14.825,1012.125,7.75,2.75
7/31/2026 7:00,15.9,80,0,225,15.8,1012.1,8,3
7/31/2026 7:15,16.125,78.25,0,227.5,16.175,1012.1,8,4.5
7/31/2026 7:30,16.35,76.5,0,230,16.55,1012.1,8,6
7/31/2026 7:45,16.575,74.75,0,232.5,16.925,1012.1,8,7.5
7/31/2026 8:00,16.8,73,0,235,17.3,1012.1,8,9
7/31/2026 8:15,17.025,72.25,0,238,17.65,1012.125,8,9
7/31/2026 8:30,17.25,71.5,0,241,18,1012.15,8,9
7/31/2026 8:45,17.475,70.75,0,244,18.35,1012.175,8,9
7/31/2026 9:00,17.7,70,0,247,18.7,1012.2,8,9
7/31/2026 9:15,17.775,69.25,0,247,17.975,1012.225,8,7.5
7/31/2026 9:30,17.85,68.5,0,247,17.25,1012.25,8,6
7/31/2026 9:45,17.925,67.75,0,247,16.525,1012.275,8,4.5
7/31/2026 10:00,18,67,0,247,15.8,1012.3,8,3
7/31/2026 10:15,17.35,73.25,0.6,241.75,15.8,1012.25,8,4.5
7/31/2026 10:30,16.7,79.5,1.2,236.5,15.8,1012.2,8,6
7/31/2026 10:45,16.05,85.75,1.8,231.25,15.8,1012.15,8,7.5
7/31/2026 11:00,15.4,92,2.4,226,15.8,1012.1,8,9
7/31/2026 11:15,15.4,91.75,2.025,226.25,16.525,1011.975,8,7.5
7/31/2026 11:30,15.4,91.5,1.65,226.5,17.25,1011.85,8,6
7/31/2026 11:45,15.4,91.25,1.275,226.75,17.975,1011.725,8,4.5
7/31/2026 12:00,15.4,91,0.9,227,18.7,1011.6,8,3
7/31/2026 12:15,16.25,88.25,0.675,226.5,18.075,1011.5,7.25,4.25
7/31/2026 12:30,17.1,85.5,0.45,226,17.45,1011.4,6.5,5.5
7/31/2026 12:45,17.95,82.75,0.225,225.5,16.825,1011.3,5.75,6.75
7/31/2026 13:00,18.8,80,0,225,16.2,1011.2,5,8
7/31/2026 13:15,18.3,82,0.3,226.75,16.475,1011.175,4.75,10.25
7/31/2026 13:30,17.8,84,0.6,228.5,16.75,1011.15,4.5,12.5
7/31/2026 13:45,17.3,86,0.9,230.25,17.025,1011.125,4.25,14.75
7/31/2026 14:00,16.8,88,1.2,232,17.3,1011.1,4,17
7/31/2026 14:15,17.05,85.25,0.925,236,17.475,1010.975,4.25,13.5
7/31/2026 14:30,17.3,82.5,0.65,240,17.65,1010.85,4.5,10
7/31/2026 14:45,17.55,79.75,0.375,244,17.825,1010.725,4.75,6.5
7/31/2026 15:00,17.8,77,0.1,248,18,1010.6,5,3
7/31/2026 15:15,17.85,76.5,0.075,251.25,17.65,1010.45,4.75,3
7/31/2026 15:30,17.9,76,0.05,254.5,17.3,1010.3,4.5,3
7/31/2026 15:45,17.95,75.5,0.025,257.75,16.95,1010.15,4.25,3
7/31/2026 16:00,18,75,0,261,16.6,1010,4,3
7/31/2026 16:15,17.8,76.25,0,256.75,15.875,1010.05,4,3
7/31/2026 16:30,17.6,77.5,0,252.5,15.15,1010.1,4,3
7/31/2026 16:45,17.4,78.75,0,248.25,14.425,1010.15,4,3
7/31/2026 17:00,17.2,80,0,244,13.7,1010.2,4,3
7/31/2026 17:15,17.275,78.75,0,246.75,13.525,1010.2,4.5,3
7/31/2026 17:30,17.35,77.5,0,249.5,13.35,1010.2,5,3
7/31/2026 17:45,17.425,76.25,0,252.25,13.175,1010.2,5.5,3
7/31/2026 18:00,17.5,75,0,255,13,1010.2,6,3
7/31/2026 18:15,17.45,75.75,0,254,12.35,1010.3,5.75,3
7/31/2026 18:30,17.4,76.5,0,253,11.7,1010.4,5.5,3
7/31/2026 18:45,17.35,77.25,0,252,11.05,1010.5,5.25,3
7/31/2026 19:00,17.3,78,0,251,10.4,1010.6,5,3
7/31/2026 19:15,17.15,78.75,0.025,249.25,9.425,1010.65,5.25,3
7/31/2026 19:30,17,79.5,0.05,247.5,8.45,1010.7,5.5,3
7/31/2026 19:45,16.85,80.25,0.075,245.75,7.475,1010.75,5.75,3
7/31/2026 20:00,16.7,81,0.1,244,6.5,1010.8,6,3
7/31/2026 20:15,16.575,81.5,0.075,235.75,6.675,1010.725,6.25,3
7/31/2026 20:30,16.45,82,0.05,227.5,6.85,1010.65,6.5,3
7/31/2026 20:45,16.325,82.5,0.025,219.25,7.025,1010.575,6.75,3
7/31/2026 21:00,16.2,83,0,211,7.2,1010.5,7,3
7/31/2026 21:15,16.15,83.5,0,214.75,7.375,1010.475,7.25,3
7/31/2026 21:30,16.1,84,0,218.5,7.55,1010.45,7.5,3
7/31/2026 21:45,16.05,84.5,0,222.25,7.725,1010.425,7.75,3
7/31/2026 22:00,16,85,0,226,7.9,1010.4,8,3
7/31/2026 22:15,16,84.25,0,227.75,8.075,1010.35,8,3
7/31/2026 22:30,16,83.5,0,229.5,8.25,1010.3,8,3
7/31/2026 22:45,16,82.75,0,231.25,8.425,1010.25,8,3
7/31/2026 23:00,16,82,0,233,8.6,1010.2,8,3
7/31/2026 23:15,15.975,82.5,0,234.25,9.05,1010.25,7.5,3
7/31/2026 23:30,15.95,83,0,235.5,9.5,1010.3,7,3
7/31/2026 23:45,15.925,83.5,0,236.75,9.95,1010.35,6.5,3
8/1/2026 0:00,15.9,84,0,238,10.4,1010.4,6,3
8/1/2026 0:15,15.925,84.75,0,237.5,10.225,1010.1,6.5,3
8/1/2026 0:30,15.95,85.5,0,237,10.05,1009.8,7,3
8/1/2026 0:45,15.975,86.25,0,236.5,9.875,1009.5,7.5,3
8/1/2026 5:00,16,87,0,236,9.7,1009.2,8,3
8/1/2026 5:15,16.075,86.5,0,241.75,10.25,1009.15,8,3
8/1/2026 5:30,16.15,86,0,247.5,10.8,1009.1,8,3
8/1/2026 5:45,16.225,85.5,0,253.25,11.35,1009.05,8,3
8/1/2026 6:00,16.3,85,0,259,11.9,1009,8,3
8/1/2026 6:15,16.725,83,0,260.25,11.9,1009,7.75,3
8/1/2026 6:30,17.15,81,0,261.5,11.9,1009,7.5,3
8/1/2026 6:45,17.575,79,0,262.75,11.9,1009,7.25,3
8/1/2026 7:00,18,77,0,264,11.9,1009,7,3
8/1/2026 7:15,18.15,76.5,0,263.5,11.8,1009,6.75,3
8/1/2026 7:30,18.3,76,0,263,11.7,1009,6.5,3
8/1/2026 7:45,18.45,75.5,0,262.5,11.6,1009,6.25,3
8/1/2026 8:00,18.6,75,0,262,11.5,1009,6,3
8/1/2026 8:15,18.725,74.25,0,261.5,11.425,1008.975,6.5,3
8/1/2026 8:30,18.85,73.5,0,261,11.35,1008.95,7,3
8/1/2026 8:45,18.975,72.75,0,260.5,11.275,1008.925,7.5,3
8/1/2026 9:00,19.1,72,0,260,11.2,1008.9,8,3
8/1/2026 9:15,19.225,71.25,0,258.75,10.925,1008.825,8,3
8/1/2026 9:30,19.35,70.5,0,257.5,10.65,1008.75,8,3
8/1/2026 9:45,19.475,69.75,0,256.25,10.375,1008.675,8,3
8/1/2026 10:00,19.6,69,0,255,10.1,1008.6,8,3
8/1/2026 10:15,19.875,67.75,0,252.75,10.375,1008.5,8,4.5
8/1/2026 10:30,20.15,66.5,0,250.5,10.65,1008.4,8,6
8/1/2026 10:45,20.425,65.25,0,248.25,10.925,1008.3,8,7.5
8/1/2026 11:00,20.7,64,0,246,11.2,1008.2,8,9
8/1/2026 11:15,20.55,64.75,0,245.5,12.175,1008.125,8,9
8/1/2026 11:30,20.4,65.5,0,245,13.15,1008.05,8,9
8/1/2026 11:45,20.25,66.25,0,244.5,14.125,1007.975,8,9
8/1/2026 12:00,20.1,67,0,244,15.1,1007.9,8,9
8/1/2026 12:15,19.725,69.5,0.025,246,14.125,1007.875,7.75,9
8/1/2026 12:30,19.35,72,0.05,248,13.15,1007.85,7.5,9
8/1/2026 12:45,18.975,74.5,0.075,250,12.175,1007.825,7.25,9
8/1/2026 13:00,18.6,77,0.1,252,11.2,1007.8,7,9
8/1/2026 13:15,19.075,74.5,0.075,253.5,10.925,1007.775,6.75,7.5
8/1/2026 13:30,19.55,72,0.05,255,10.65,1007.75,6.5,6
8/1/2026 13:45,20.025,69.5,0.025,256.5,10.375,1007.725,6.25,4.5
8/1/2026 14:00,20.5,67,0,258,10.1,1007.7,6,3
8/1/2026 14:15,20,69.5,0,261,11.525,1007.725,6.5,6.5
8/1/2026 14:30,19.5,72,0,264,12.95,1007.75,7,10
8/1/2026 14:45,19,74.5,0,267,14.375,1007.775,7.5,13.5
8/1/2026 15:00,18.5,77,0,270,15.8,1007.8,8,17
8/1/2026 15:15,18.725,76.75,0.7,269.75,14.825,1007.725,7.25,14.75
8/1/2026 15:30,18.95,76.5,1.4,269.5,13.85,1007.65,6.5,12.5
8/1/2026 15:45,19.175,76.25,2.1,269.25,12.875,1007.575,5.75,10.25
8/1/2026 16:00,19.4,76,2.8,269,11.9,1007.5,5,8
8/1/2026 16:15,19.5,75.75,2.1,267.75,11.525,1007.475,3.75,6.75
8/1/2026 16:30,19.6,75.5,1.4,266.5,11.15,1007.45,2.5,5.5
8/1/2026 16:45,19.7,75.25,0.7,265.25,10.775,1007.425,1.25,4.25
8/1/2026 17:00,19.8,75,0,264,10.4,1007.4,0,3
8/1/2026 17:15,19.7,76,0,261.75,9.7,1007.475,0.25,2.5
8/1/2026 17:30,19.6,77,0,259.5,9,1007.55,0.5,2
8/1/2026 17:45,19.5,78,0,257.25,8.3,1007.625,0.75,1.5
8/1/2026 18:00,19.4,79,0,255,7.6,1007.7,1,1
8/1/2026 18:15,19.075,81.25,0,250.25,7.325,1007.825,1.5,1
8/1/2026 18:30,18.75,83.5,0,245.5,7.05,1007.95,2,1
8/1/2026 18:45,18.425,85.75,0,240.75,6.775,1008.075,2.5,1
8/1/2026 19:00,18.1,88,0,236,6.5,1008.2,3,1
8/1/2026 19:15,17.725,89.75,0,229.75,6.575,1008.25,3,1.5
8/1/2026 19:30,17.35,91.5,0,223.5,6.65,1008.3,3,2
8/1/2026 19:45,16.975,93.25,0,217.25,6.725,1008.35,3,2.5
8/1/2026 20:00,16.6,95,0,211,6.8,1008.4,3,3
8/1/2026 20:15,16.45,94.75,0,210.25,7.25,1008.4,2.5,2.75
8/1/2026 20:30,16.3,94.5,0,209.5,7.7,1008.4,2,2.5
8/1/2026 20:45,16.15,94.25,0,208.75,8.15,1008.4,1.5,2.25
8/1/2026 21:00,16,94,0,208,8.6,1008.4,1,2
8/1/2026 21:15,15.975,93.75,0,213,8.875,1008.45,1,2
8/1/2026 21:30,15.95,93.5,0,218,9.15,1008.5,1,2
8/1/2026 21:45,15.925,93.25,0,223,9.425,1008.55,1,2
8/1/2026 22:00,15.9,93,0,228,9.7,1008.6,1,2
8/1/2026 22:15,15.975,91.75,0,230.25,9.525,1008.625,2,2
8/1/2026 22:30,16.05,90.5,0,232.5,9.35,1008.65,3,2
8/1/2026 22:45,16.125,89.25,0,234.75,9.175,1008.675,4,2
8/1/2026 23:00,16.2,88,0,237,9,1008.7,5,2
8/1/2026 23:15,16.25,87.5,0,238.5,8.825,1008.7,4,2.25
8/1/2026 23:30,16.3,87,0,240,8.65,1008.7,3,2.5
8/1/2026 23:45,16.35,86.5,0,241.5,8.475,1008.7,2,2.75
8/2/2026 0:00,16.4,86,0,243,8.3,1008.7,1,3
8/2/2026 0:15,16.35,86.75,0,246.25,9.725,1008.775,2.75,3
8/2/2026 0:30,16.3,87.5,0,249.5,11.15,1008.85,4.5,3
8/2/2026 0:45,16.25,88.25,0,252.75,12.575,1008.925,6.25,3
8/2/2026 5:00,16.2,89,0,256,14,1009,8,3
8/2/2026 5:15,16.275,88.75,0,257,14.1,1009.05,7.75,4
8/2/2026 5:30,16.35,88.5,0,258,14.2,1009.1,7.5,5
8/2/2026 5:45,16.425,88.25,0,259,14.3,1009.15,7.25,6
8/2/2026 6:00,16.5,88,0,260,14.4,1009.2,7,7
8/2/2026 6:15,16.55,89,0.25,260.25,14.3,1009.25,6.25,7
8/2/2026 6:30,16.6,90,0.5,260.5,14.2,1009.3,5.5,7
8/2/2026 6:45,16.65,91,0.75,260.75,14.1,1009.35,4.75,7
8/2/2026 7:00,16.7,92,1,261,14,1009.4,4,7
8/2/2026 7:15,17.2,88.5,0.75,259.75,13.75,1009.45,3.75,9.5
8/2/2026 7:30,17.7,85,0.5,258.5,13.5,1009.5,3.5,12
8/2/2026 7:45,18.2,81.5,0.25,257.25,13.25,1009.55,3.25,14.5
8/2/2026 8:00,18.7,78,0,256,13,1009.6,3,17
8/2/2026 8:15,18.475,78,0,254.5,13.075,1009.7,4,17
8/2/2026 8:30,18.25,78,0,253,13.15,1009.8,5,17
8/2/2026 8:45,18.025,78,0,251.5,13.225,1009.9,6,17
8/2/2026 9:00,17.8,78,0,250,13.3,1010,7,17
8/2/2026 9:15,18.175,75,0,247.75,13.475,1010.075,6.5,14.5
8/2/2026 9:30,18.55,72,0,245.5,13.65,1010.15,6,12
8/2/2026 9:45,18.925,69,0,243.25,13.825,1010.225,5.5,9.5
8/2/2026 10:00,19.3,66,0,241,14,1010.3,5,7
8/2/2026 10:15,19.775,64.25,0,241.25,13.55,1010.35,5.5,6
8/2/2026 10:30,20.25,62.5,0,241.5,13.1,1010.4,6,5
8/2/2026 10:45,20.725,60.75,0,241.75,12.65,1010.45,6.5,4
8/2/2026 11:00,21.2,59,0,242,12.2,1010.5,7,3
8/2/2026 11:15,21.125,59.25,0,241.5,12.2,1010.4,5.75,3
8/2/2026 11:30,21.05,59.5,0,241,12.2,1010.3,4.5,3
8/2/2026 11:45,20.975,59.75,0,240.5,12.2,1010.2,3.25,3
8/2/2026 12:00,20.9,60,0,240,12.2,1010.1,2,3
8/2/2026 12:15,21.075,60.25,0,241,12.025,1010.075,2.75,2.75
8/2/2026 12:30,21.25,60.5,0,242,11.85,1010.05,3.5,2.5
8/2/2026 12:45,21.425,60.75,0,243,11.675,1010.025,4.25,2.25
8/2/2026 13:00,21.6,61,0,244,11.5,1010,5,2
8/2/2026 13:15,21.8,59.5,0,243.25,11.225,1009.95,4.75,2.25
8/2/2026 13:30,22,58,0,242.5,10.95,1009.9,4.5,2.5
8/2/2026 13:45,22.2,56.5,0,241.75,10.675,1009.85,4.25,2.75
8/2/2026 14:00,22.4,55,0,241,10.4,1009.8,4,3
8/2/2026 14:15,22.4,54.75,0,240,10.325,1009.8,4,3
8/2/2026 14:30,22.4,54.5,0,239,10.25,1009.8,4,3
8/2/2026 14:45,22.4,54.25,0,238,10.175,1009.8,4,3
8/2/2026 15:00,22.4,54,0,237,10.1,1009.8,4,3
8/2/2026 15:15,22.375,53.25,0,238.75,10.175,1009.85,4,3
8/2/2026 15:30,22.35,52.5,0,240.5,10.25,1009.9,4,3
8/2/2026 15:45,22.325,51.75,0,242.25,10.325,1009.95,4,3
8/2/2026 16:00,22.3,51,0,244,10.4,1010,4,3
8/2/2026 16:15,22.55,50,0,248,9.6,1010.125,5,3
8/2/2026 16:30,22.8,49,0,252,8.8,1010.25,6,3
8/2/2026 16:45,23.05,48,0,256,8,1010.375,7,3
8/2/2026 17:00,23.3,47,0,260,7.2,1010.5,8,3
8/2/2026 17:15,22.9,49,0,264.5,6.575,1010.65,8,3
8/2/2026 17:30,22.5,51,0,269,5.95,1010.8,8,3
8/2/2026 17:45,22.1,53,0,273.5,5.325,1010.95,8,3
8/2/2026 18:00,21.7,55,0,278,4.7,1011.1,8,3
8/2/2026 18:15,21.275,56.5,0,274.5,4.7,1011.25,8,3
8/2/2026 18:30,20.85,58,0,271,4.7,1011.4,8,3
8/2/2026 18:45,20.425,59.5,0,267.5,4.7,1011.55,8,3
8/2/2026 19:00,20,61,0,264,4.7,1011.7,8,3
8/2/2026 19:15,19.3,65,0,263.5,4.775,1011.75,8,3
8/2/2026 19:30,18.6,69,0,263,4.85,1011.8,8,3
8/2/2026 19:45,17.9,73,0,262.5,4.925,1011.85,8,3
8/2/2026 20:00,17.2,77,0,262,5,1011.9,8,3
8/2/2026 20:15,17,78,0,258.5,4.825,1011.925,8,3
8/2/2026 20:30,16.8,79,0,255,4.65,1011.95,8,3
8/2/2026 20:45,16.6,80,0,251.5,4.475,1011.975,8,3
8/2/2026 21:00,16.4,81,0,248,4.3,1012,8,3
8/2/2026 21:15,16.375,81,0,250.75,4.85,1012.1,8,3
8/2/2026 21:30,16.35,81,0,253.5,5.4,1012.2,8,3
8/2/2026 21:45,16.325,81,0,256.25,5.95,1012.3,8,3
8/2/2026 22:00,16.3,81,0,259,6.5,1012.4,8,3
8/2/2026 22:15,15.925,83,0,260.25,6.575,1012.45,8,3
8/2/2026 22:30,15.55,85,0,261.5,6.65,1012.5,8,3
8/2/2026 22:45,15.175,87,0,262.75,6.725,1012.55,8,3
8/2/2026 23:00,14.8,89,0,264,6.8,1012.6,8,3
8/2/2026 23:15,14.675,90,0,262.75,7.35,1012.675,8,3
8/2/2026 23:30,14.55,91,0,261.5,7.9,1012.75,8,3
8/2/2026 23:45,14.425,92,0,260.25,8.45,1012.825,8,3
8/3/2026 0:00,14.3,93,0,259,9,1012.9,8,3
8/3/2026 0:15,14.525,91.75,0,265.5,10.175,1013.15,8,3
8/3/2026 0:30,14.75,90.5,0,272,11.35,1013.4,8,3
8/3/2026 0:45,14.975,89.25,0,278.5,12.525,1013.65,8,3
8/3/2026 5:00,15.2,88,0,285,13.7,1013.9,8,3
8/3/2026 5:15,15.425,86.5,0,283.75,13.7,1014,8,3
8/3/2026 5:30,15.65,85,0,282.5,13.7,1014.1,8,3
8/3/2026 5:45,15.875,83.5,0,281.25,13.7,1014.2,8,3
8/3/2026 6:00,16.1,82,0,280,13.7,1014.3,8,3
8/3/2026 6:15,16.25,81.75,0,278.75,14.05,1014.375,8,3
8/3/2026 6:30,16.4,81.5,0,277.5,14.4,1014.45,8,3
8/3/2026 6:45,16.55,81.25,0,276.25,14.75,1014.525,8,3
8/3/2026 7:00,16.7,81,0,275,15.1,1014.6,8,3
8/3/2026 7:15,16.8,80.5,0,274.75,15.2,1014.625,8,3
8/3/2026 7:30,16.9,80,0,274.5,15.3,1014.65,8,3
8/3/2026 7:45,17,79.5,0,274.25,15.4,1014.675,8,3
8/3/2026 8:00,17.1,79,0,274,15.5,1014.7,8,3
8/3/2026 8:15,16.925,80,0,272.75,15.5,1014.725,8,3
8/3/2026 8:30,16.75,81,0,271.5,15.5,1014.75,8,3
8/3/2026 8:45,16.575,82,0,270.25,15.5,1014.775,8,3
8/3/2026 9:00,16.4,83,0,269,15.5,1014.8,8,3
8/3/2026 9:15,16.55,82.25,0,268.25,15.575,1014.825,7.5,4
8/3/2026 9:30,16.7,81.5,0,267.5,15.65,1014.85,7,5
8/3/2026 9:45,16.85,80.75,0,266.75,15.725,1014.875,6.5,6
8/3/2026 10:00,17,80,0,266,15.8,1014.9,6,7
8/3/2026 10:15,17.475,77.5,0,264.75,15.725,1014.875,5.75,6
8/3/2026 10:30,17.95,75,0,263.5,15.65,1014.85,5.5,5
8/3/2026 10:45,18.425,72.5,0,262.25,15.575,1014.825,5.25,4
8/3/2026 11:00,18.9,70,0,261,15.5,1014.8,5,3
8/3/2026 11:15,19.15,67.5,0,261,15.95,1014.85,5.25,3
8/3/2026 11:30,19.4,65,0,261,16.4,1014.9,5.5,3
8/3/2026 11:45,19.65,62.5,0,261,16.85,1014.95,5.75,3
8/3/2026 12:00,19.9,60,0,261,17.3,1015,6,3
8/3/2026 12:15,19.725,61.25,0,262.5,17.475,1015,6.5,3
8/3/2026 12:30,19.55,62.5,0,264,17.65,1015,7,3
8/3/2026 12:45,19.375,63.75,0,265.5,17.825,1015,7.5,3
8/3/2026 13:00,19.2,65,0,267,18,1015,8,3
8/3/2026 13:15,19.075,65,0,267.75,17.725,1015.05,8,3
8/3/2026 13:30,18.95,65,0,268.5,17.45,1015.1,8,3
8/3/2026 13:45,18.825,65,0,269.25,17.175,1015.15,8,3
8/3/2026 14:00,18.7,65,0,270,16.9,1015.2,8,3
8/3/2026 14:15,18.1,70.25,0.075,270.25,17.075,1015.15,7.75,3
8/3/2026 14:30,17.5,75.5,0.15,270.5,17.25,1015.1,7.5,3
8/3/2026 14:45,16.9,80.75,0.225,270.75,17.425,1015.05,7.25,3
8/3/2026 15:00,16.3,86,0.3,271,17.6,1015,7,3
8/3/2026 15:15,16.55,83.25,0.225,272,17.525,1015.025,7,3
8/3/2026 15:30,16.8,80.5,0.15,273,17.45,1015.05,7,3
8/3/2026 15:45,17.05,77.75,0.075,274,17.375,1015.075,7,3
8/3/2026 16:00,17.3,75,0,275,17.3,1015.1,7,3
8/3/2026 16:15,17.25,75.5,0,273.5,16.675,1015.25,7.25,3
8/3/2026 16:30,17.2,76,0,272,16.05,1015.4,7.5,3
8/3/2026 16:45,17.15,76.5,0,270.5,15.425,1015.55,7.75,3
8/3/2026 17:00,17.1,77,0,269,14.8,1015.7,8,3
8/3/2026 17:15,17.075,76.75,0,265.5,14.15,1015.825,8,3
8/3/2026 17:30,17.05,76.5,0,262,13.5,1015.95,8,3
8/3/2026 17:45,17.025,76.25,0,258.5,12.85,1016.075,8,3
8/3/2026 18:00,17,76,0,255,12.2,1016.2,8,3
8/3/2026 18:15,16.925,76.5,0,252.5,11.95,1016.35,8,4
8/3/2026 18:30,16.85,77,0,250,11.7,1016.5,8,5
8/3/2026 18:45,16.775,77.5,0,247.5,11.45,1016.65,8,6
8/3/2026 19:00,16.7,78,0,245,11.2,1016.8,8,7
8/3/2026 19:15,16.6,77.75,0,242.75,11.1,1016.825,8,6
8/3/2026 19:30,16.5,77.5,0,240.5,11,1016.85,8,5
8/3/2026 19:45,16.4,77.25,0,238.25,10.9,1016.875,8,4
8/3/2026 20:00,16.3,77,0,236,10.8,1016.9,8,3
8/3/2026 20:15,16.275,77,0,235,10.975,1016.85,8,3
8/3/2026 20:30,16.25,77,0,234,11.15,1016.8,8,3
8/3/2026 20:45,16.225,77,0,233,11.325,1016.75,8,3
8/3/2026 21:00,16.2,77,0,232,11.5,1016.7,8,3
8/3/2026 21:15,16.125,78,0,231.5,11.6,1016.6,8,3
8/3/2026 21:30,16.05,79,0,231,11.7,1016.5,8,3
8/3/2026 21:45,15.975,80,0,230.5,11.8,1016.4,8,3
8/3/2026 22:00,15.9,81,0,230,11.9,1016.3,8,3
8/3/2026 22:15,15.7,83.75,0,226.5,12.075,1016.25,8,4.25
8/3/2026 22:30,15.5,86.5,0,223,12.25,1016.2,8,5.5
8/3/2026 22:45,15.3,89.25,0,219.5,12.425,1016.15,8,6.75
8/3/2026 23:00,15.1,92,0,216,12.6,1016.1,8,8
8/3/2026 23:15,15.1,92,0.025,216.5,12.775,1016.025,8,6.75
8/3/2026 23:30,15.1,92,0.05,217,12.95,1015.95,8,5.5
8/3/2026 23:45,15.1,92,0.075,217.5,13.125,1015.875,8,4.25
8/4/2026 0:00,15.1,92,0.1,218,13.3,1015.8,8,3
8/4/2026 0:15,15.1,91.5,0.075,218.5,13.225,1015.55,8,4
8/4/2026 0:30,15.1,91,0.05,219,13.15,1015.3,8,5
8/4/2026 0:45,15.1,90.5,0.025,219.5,13.075,1015.05,8,6
8/4/2026 5:00,15.1,90,0,220,13,1014.8,8,7
8/4/2026 5:15,15.125,90.5,0.1,218.5,13.45,1014.775,8,7.25
8/4/2026 5:30,15.15,91,0.2,217,13.9,1014.75,8,7.5
8/4/2026 5:45,15.175,91.5,0.3,215.5,14.35,1014.725,8,7.75
8/4/2026 6:00,15.2,92,0.4,214,14.8,1014.7,8,8
8/4/2026 6:15,15.175,93,0.375,215,14.6,1014.725,8,8
8/4/2026 6:30,15.15,94,0.35,216,14.4,1014.75,8,8
8/4/2026 6:45,15.125,95,0.325,217,14.2,1014.775,8,8
8/4/2026 7:00,15.1,96,0.3,218,14,1014.8,8,8
8/4/2026 7:15,15.2,95.75,0.35,221.5,15.45,1014.8,8,7.75
8/4/2026 7:30,15.3,95.5,0.4,225,16.9,1014.8,8,7.5
8/4/2026 7:45,15.4,95.25,0.45,228.5,18.35,1014.8,8,7.25
8/4/2026 8:00,15.5,95,0.5,232,19.8,1014.8,8,7
8/4/2026 8:15,15.9,94.5,0.375,233.5,18.9,1014.925,7.25,6
8/4/2026 8:30,16.3,94,0.25,235,18,1015.05,6.5,5
8/4/2026 8:45,16.7,93.5,0.125,236.5,17.1,1015.175,5.75,4
8/4/2026 9:00,17.1,93,0,238,16.2,1015.3,5,3
8/4/2026 9:15,17.9,87.75,0,240.5,15.75,1015.225,5.75,3
8/4/2026 9:30,18.7,82.5,0,243,15.3,1015.15,6.5,3
8/4/2026 9:45,19.5,77.25,0,245.5,14.85,1015.075,7.25,3
8/4/2026 10:00,20.3,72,0,248,14.4,1015,8,3
8/4/2026 10:15,20.175,72.75,0,248,14.4,1015.05,8,4.25
8/4/2026 10:30,20.05,73.5,0,248,14.4,1015.1,8,5.5
8/4/2026 10:45,19.925,74.25,0,248,14.4,1015.15,8,6.75
8/4/2026 11:00,19.8,75,0,248,14.4,1015.2,8,8
8/4/2026 11:15,19.9,75.25,0,248.25,14.05,1015.225,7.25,6.75
8/4/2026 11:30,20,75.5,0,248.5,13.7,1015.25,6.5,5.5
8/4/2026 11:45,20.1,75.75,0,248.75,13.35,1015.275,5.75,4.25
8/4/2026 12:00,20.2,76,0,249,13,1015.3,5,3
8/4/2026 12:15,20.175,76.75,0,252.25,13.9,1015.25,4.25,3
8/4/2026 12:30,20.15,77.5,0,255.5,14.8,1015.2,3.5,3
8/4/2026 12:45,20.125,78.25,0,258.75,15.7,1015.15,2.75,3
8/4/2026 13:00,20.1,79,0,262,16.6,1015.1,2,3
8/4/2026 13:15,20,78.75,0,261,16.15,1015.05,1.75,2.75
8/4/2026 13:30,19.9,78.5,0,260,15.7,1015,1.5,2.5
8/4/2026 13:45,19.8,78.25,0,259,15.25,1014.95,1.25,2.25
8/4/2026 14:00,19.7,78,0,258,14.8,1014.9,1,2
8/4/2026 14:15,20.15,76.25,0,260,15.05,1014.925,2.75,2
8/4/2026 14:30,20.6,74.5,0,262,15.3,1014.95,4.5,2
8/4/2026 14:45,21.05,72.75,0,264,15.55,1014.975,6.25,2
8/4/2026 15:00,21.5,71,0,266,15.8,1015,8,2
8/4/2026 15:15,21.925,66.75,0,264.75,15.275,1014.975,8,2.25
8/4/2026 15:30,22.35,62.5,0,263.5,14.75,1014.95,8,2.5
8/4/2026 15:45,22.775,58.25,0,262.25,14.225,1014.925,8,2.75
8/4/2026 16:00,23.2,54,0,261,13.7,1014.9,8,3
8/4/2026 16:15,23.2,53,0,257.75,12.8,1014.9,8,3
8/4/2026 16:30,23.2,52,0,254.5,11.9,1014.9,8,3
8/4/2026 16:45,23.2,51,0,251.25,11,1014.9,8,3
8/4/2026 17:00,23.2,50,0,248,10.1,1014.9,8,3
8/4/2026 17:15,22.775,50.5,0,241.5,9.475,1014.875,8,3
8/4/2026 17:30,22.35,51,0,235,8.85,1014.85,8,3
8/4/2026 17:45,21.925,51.5,0,228.5,8.225,1014.825,8,3
8/4/2026 18:00,21.5,52,0,222,7.6,1014.8,8,3
8/4/2026 18:15,20.775,56.5,0,213.25,6.95,1014.975,8,3
8/4/2026 18:30,20.05,61,0,204.5,6.3,1015.15,8,3
8/4/2026 18:45,19.325,65.5,0,195.75,5.65,1015.325,8,3
8/4/2026 19:00,18.6,70,0,187,5,1015.5,8,3
8/4/2026 19:15,18.75,69,0,184,5.65,1015.4,8,3
8/4/2026 19:30,18.9,68,0,181,6.3,1015.3,8,3
8/4/2026 19:45,19.05,67,0,178,6.95,1015.2,8,3
8/4/2026 20:00,19.2,66,0,175,7.6,1015.1,8,3
8/4/2026 20:15,19.275,65.5,0,176.75,7.95,1015.125,8,3
8/4/2026 20:30,19.35,65,0,178.5,8.3,1015.15,8,3
8/4/2026 20:45,19.425,64.5,0,180.25,8.65,1015.175,8,3
8/4/2026 21:00,19.5,64,0,182,9,1015.2,8,3
8/4/2026 21:15,19.325,65.5,0,186.5,9.55,1015.1,8,3
8/4/2026 21:30,19.15,67,0,191,10.1,1015,8,3
8/4/2026 21:45,18.975,68.5,0,195.5,10.65,1014.9,8,3
8/4/2026 22:00,18.8,70,0,200,11.2,1014.8,8,3
8/4/2026 22:15,19,69,0,208,11.45,1014.8,8,3
8/4/2026 22:30,19.2,68,0,216,11.7,1014.8,8,3
8/4/2026 22:45,19.4,67,0,224,11.95,1014.8,8,3
8/4/2026 23:00,19.6,66,0,232,12.2,1014.8,8,3
8/4/2026 23:15,19.475,67,0,223.75,12.475,1014.625,8,3
8/4/2026 23:30,19.35,68,0,215.5,12.75,1014.45,8,3
8/4/2026 23:45,19.225,69,0,207.25,13.025,1014.275,8,3
8/5/2026 0:00,19.1,70,0,199,13.3,1014.1,8,3
8/5/2026 0:15,18.85,75.5,0.05,202.5,13.925,1013.725,8,4
8/5/2026 0:30,18.6,81,0.1,206,14.55,1013.35,8,5
8/5/2026 0:45,18.35,86.5,0.15,209.5,15.175,1012.975,8,6
8/5/2026 5:00,18.1,92,0.2,213,15.8,1012.6,8,7
8/5/2026 5:15,18.1,92.5,0.225,214.5,15.725,1012.65,8,7
8/5/2026 5:30,18.1,93,0.25,216,15.65,1012.7,8,7
8/5/2026 5:45,18.1,93.5,0.275,217.5,15.575,1012.75,8,7
8/5/2026 6:00,18.1,94,0.3,219,15.5,1012.8,8,7
8/5/2026 6:15,18.275,93.5,0.225,222.25,15.325,1012.825,8,7
8/5/2026 6:30,18.45,93,0.15,225.5,15.15,1012.85,8,7
8/5/2026 6:45,18.625,92.5,0.075,228.75,14.975,1012.875,8,7
8/5/2026 7:00,18.8,92,0,232,14.8,1012.9,8,7
8/5/2026 7:15,18.875,92,0.05,237.75,14.8,1012.975,8,7.25
8/5/2026 7:30,18.95,92,0.1,243.5,14.8,1013.05,8,7.5
8/5/2026 7:45,19.025,92,0.15,249.25,14.8,1013.125,8,7.75
8/5/2026 8:00,19.1,92,0.2,255,14.8,1013.2,8,8
8/5/2026 8:15,18.725,90.5,0.15,260.25,14.6,1013.325,8,8
8/5/2026 8:30,18.35,89,0.1,265.5,14.4,1013.45,8,8
8/5/2026 8:45,17.975,87.5,0.05,270.75,14.2,1013.575,8,8
8/5/2026 9:00,17.6,86,0,276,14,1013.7,8,8
8/5/2026 9:15,17.45,87,0.2,273,14.2,1013.8,8,8.25
8/5/2026 9:30,17.3,88,0.4,270,14.4,1013.9,8,8.5
8/5/2026 9:45,17.15,89,0.6,267,14.6,1014,8,8.75
8/5/2026 10:00,17,90,0.8,264,14.8,1014.1,8,9
8/5/2026 10:15,17.05,90,0.625,262.5,14.6,1014.225,8,9
8/5/2026 10:30,17.1,90,0.45,261,14.4,1014.35,8,9
8/5/2026 10:45,17.15,90,0.275,259.5,14.2,1014.475,8,9
8/5/2026 11:00,17.2,90,0.1,258,14,1014.6,8,9
8/5/2026 11:15,16.975,88.75,0.475,256.5,14.2,1014.675,8,9
8/5/2026 11:30,16.75,87.5,0.85,255,14.4,1014.75,8,9
8/5/2026 11:45,16.525,86.25,1.225,253.5,14.6,1014.825,8,9
8/5/2026 12:00,16.3,85,1.6,252,14.8,1014.9,8,9
8/5/2026 12:15,16.45,84.75,1.2,251.25,14.525,1014.95,8,7.5
8/5/2026 12:30,16.6,84.5,0.8,250.5,14.25,1015,8,6
8/5/2026 12:45,16.75,84.25,0.4,249.75,13.975,1015.05,8,4.5
8/5/2026 13:00,16.9,84,0,249,13.7,1015.1,8,3
8/5/2026 13:15,17.025,84,0,250.75,13.525,1015.1,7.75,3
8/5/2026 13:30,17.15,84,0,252.5,13.35,1015.1,7.5,3
8/5/2026 13:45,17.275,84,0,254.25,13.175,1015.1,7.25,3
8/5/2026 14:00,17.4,84,0,256,13,1015.1,7,3
8/5/2026 14:15,18.025,80,0,255.5,13,1015.175,7.25,3
8/5/2026 14:30,18.65,76,0,255,13,1015.25,7.5,3
8/5/2026 14:45,19.275,72,0,254.5,13,1015.325,7.75,3
8/5/2026 15:00,19.9,68,0,254,13,1015.4,8,3
8/5/2026 15:15,19.9,66,0,253.5,12.9,1015.425,6.25,3
8/5/2026 15:30,19.9,64,0,253,12.8,1015.45,4.5,3
8/5/2026 15:45,19.9,62,0,252.5,12.7,1015.475,2.75,3
8/5/2026 16:00,19.9,60,0,252,12.6,1015.5,1,3
8/5/2026 16:15,19.85,60.5,0,251.25,12.425,1015.55,1.25,2.75
8/5/2026 16:30,19.8,61,0,250.5,12.25,1015.6,1.5,2.5
8/5/2026 16:45,19.75,61.5,0,249.75,12.075,1015.65,1.75,2.25
8/5/2026 17:00,19.7,62,0,249,11.9,1015.7,2,2
8/5/2026 17:15,19.525,64,0,249,11.625,1015.875,2,2
8/5/2026 17:30,19.35,66,0,249,11.35,1016.05,2,2
8/5/2026 17:45,19.175,68,0,249,11.075,1016.225,2,2
8/5/2026 18:00,19,70,0,249,10.8,1016.4,2,2
8/5/2026 18:15,18.725,71.5,0,256.75,11.7,1016.6,2,2
8/5/2026 18:30,18.45,73,0,264.5,12.6,1016.8,2,2
8/5/2026 18:45,18.175,74.5,0,272.25,13.5,1017,2,2
8/5/2026 19:00,17.9,76,0,280,14.4,1017.2,2,2
8/5/2026 19:15,17.7,75.25,0,280.25,14.4,1017.425,2,2
8/5/2026 19:30,17.5,74.5,0,280.5,14.4,1017.65,2,2
8/5/2026 19:45,17.3,73.75,0,280.75,14.4,1017.875,2,2
8/5/2026 20:00,17.1,73,0,281,14.4,1018.1,2,2
8/5/2026 20:15,16.675,73,0,282,13.85,1018.2,1.75,2
8/5/2026 20:30,16.25,73,0,283,13.3,1018.3,1.5,2
8/5/2026 20:45,15.825,73,0,284,12.75,1018.4,1.25,2
8/5/2026 21:00,15.4,73,0,285,12.2,1018.5,1,2
8/5/2026 21:15,15.25,73.25,0,281.75,12.475,1018.625,1,2
8/5/2026 21:30,15.1,73.5,0,278.5,12.75,1018.75,1,2
8/5/2026 21:45,14.95,73.75,0,275.25,13.025,1018.875,1,2
8/5/2026 22:00,14.8,74,0,272,13.3,1019,1,2
8/5/2026 22:15,14.65,74.5,0,271.25,13.475,1019.15,0.75,1.75
8/5/2026 22:30,14.5,75,0,270.5,13.65,1019.3,0.5,1.5
8/5/2026 22:45,14.35,75.5,0,269.75,13.825,1019.45,0.25,1.25
8/5/2026 23:00,14.2,76,0,269,14,1019.6,0,1
8/5/2026 23:15,14.225,75.5,0,268.75,14.1,1019.725,0,1
8/5/2026 23:30,14.25,75,0,268.5,14.2,1019.85,0,1
8/5/2026 23:45,14.275,74.5,0,268.25,14.3,1019.975,0,1
8/6/2026 0:00,14.3,74,0,268,14.4,1020.1,0,1
8/6/2026 0:15,14.025,75.5,0,264.5,14.575,1020.5,0.25,1
8/6/2026 0:30,13.75,77,0,261,14.75,1020.9,0.5,1
8/6/2026 0:45,13.475,78.5,0,257.5,14.925,1021.3,0.75,1
8/6/2026 5:00,13.2,80,0,254,15.1,1021.7,1,1
8/6/2026 5:15,13.525,79.25,0,254,15.375,1021.8,0.75,1.25
8/6/2026 5:30,13.85,78.5,0,254,15.65,1021.9,0.5,1.5
8/6/2026 5:45,14.175,77.75,0,254,15.925,1022,0.25,1.75
8/6/2026 6:00,14.5,77,0,254,16.2,1022.1,0,2
8/6/2026 6:15,14.7,75.75,0,258.5,17.375,1022.125,0.25,1.75
8/6/2026 6:30,14.9,74.5,0,263,18.55,1022.15,0.5,1.5
8/6/2026 6:45,15.1,73.25,0,267.5,19.725,1022.175,0.75,1.25
8/6/2026 7:00,15.3,72,0,272,20.9,1022.2,1,1
8/6/2026 7:15,15.75,70.25,0,272.75,20.725,1022.225,1.25,1
8/6/2026 7:30,16.2,68.5,0,273.5,20.55,1022.25,1.5,1
8/6/2026 7:45,16.65,66.75,0,274.25,20.375,1022.275,1.75,1
8/6/2026 8:00,17.1,65,0,275,20.2,1022.3,2,1
8/6/2026 8:15,17.375,64,0,274.75,20.2,1022.325,2,5
8/6/2026 8:30,17.65,63,0,274.5,20.2,1022.35,2,9
8/6/2026 8:45,17.925,62,0,274.25,20.2,1022.375,2,13
8/6/2026 9:00,18.2,61,0,274,20.2,1022.4,2,17
8/6/2026 9:15,18.45,59.75,0,273,20,1022.4,2,17
8/6/2026 9:30,18.7,58.5,0,272,19.8,1022.4,2,17
8/6/2026 9:45,18.95,57.25,0,271,19.6,1022.4,2,17
8/6/2026 10:00,19.2,56,0,270,19.4,1022.4,2,17
8/6/2026 10:15,19.6,54.75,0,271.5,18.775,1022.375,2,17
8/6/2026 10:30,20,53.5,0,273,18.15,1022.35,2,17
8/6/2026 10:45,20.4,52.25,0,274.5,17.525,1022.325,2,17
8/6/2026 11:00,20.8,51,0,276,16.9,1022.3,2,17
8/6/2026 11:15,20.725,50.25,0,275.25,16.725,1022.3,2.25,13.25
8/6/2026 11:30,20.65,49.5,0,274.5,16.55,1022.3,2.5,9.5
8/6/2026 11:45,20.575,48.75,0,273.75,16.375,1022.3,2.75,5.75
8/6/2026 12:00,20.5,48,0,273,16.2,1022.3,3,2
8/6/2026 12:15,20.575,47.75,0,272,16.375,1022.25,3.25,2
8/6/2026 12:30,20.65,47.5,0,271,16.55,1022.2,3.5,2
8/6/2026 12:45,20.725,47.25,0,270,16.725,1022.15,3.75,2
8/6/2026 13:00,20.8,47,0,269,16.9,1022.1,4,2
8/6/2026 13:15,20.8,46.75,0,269.25,17.275,1022.075,4.25,2.25
8/6/2026 13:30,20.8,46.5,0,269.5,17.65,1022.05,4.5,2.5
8/6/2026 13:45,20.8,46.25,0,269.75,18.025,1022.025,4.75,2.75
8/6/2026 14:00,20.8,46,0,270,18.4,1022,5,3
8/6/2026 14:15,20.875,46,0,270.25,18.3,1022,4.75,3
8/6/2026 14:30,20.95,46,0,270.5,18.2,1022,4.5,3
8/6/2026 14:45,21.025,46,0,270.75,18.1,1022,4.25,3
8/6/2026 15:00,21.1,46,0,271,18,1022,4,3
8/6/2026 15:15,21.3,45,0,270.25,17,1021.9,4.25,3
8/6/2026 15:30,21.5,44,0,269.5,16,1021.8,4.5,3
8/6/2026 15:45,21.7,43,0,268.75,15,1021.7,4.75,3
8/6/2026 16:00,21.9,42,0,268,14,1021.6,5,3
8/6/2026 16:15,21.725,42.25,0,267.75,13.025,1021.525,4,3
8/6/2026 16:30,21.55,42.5,0,267.5,12.05,1021.45,3,3
8/6/2026 16:45,21.375,42.75,0,267.25,11.075,1021.375,2,3
8/6/2026 17:00,21.2,43,0,267,10.1,1021.3,1,3
8/6/2026 17:15,20.975,43.5,0,266.25,9.55,1021.275,1,2.5
8/6/2026 17:30,20.75,44,0,265.5,9,1021.25,1,2
8/6/2026 17:45,20.525,44.5,0,264.75,8.45,1021.225,1,1.5
8/6/2026 18:00,20.3,45,0,264,7.9,1021.2,1,1
8/6/2026 18:15,19.625,48.25,0,263.75,8.075,1021.325,0.75,1
8/6/2026 18:30,18.95,51.5,0,263.5,8.25,1021.45,0.5,1
8/6/2026 18:45,18.275,54.75,0,263.25,8.425,1021.575,0.25,1
8/6/2026 19:00,17.6,58,0,263,8.6,1021.7,0,1
8/6/2026 19:15,17.05,60.75,0,262.25,8.425,1021.775,0.25,1
8/6/2026 19:30,16.5,63.5,0,261.5,8.25,1021.85,0.5,1
8/6/2026 19:45,15.95,66.25,0,260.75,8.075,1021.925,0.75,1
8/6/2026 20:00,15.4,69,0,260,7.9,1022,1,1
8/6/2026 20:15,15.15,71,0,262.25,7,1021.975,1,1
8/6/2026 20:30,14.9,73,0,264.5,6.1,1021.95,1,1
8/6/2026 20:45,14.65,75,0,266.75,5.2,1021.925,1,1
8/6/2026 21:00,14.4,77,0,269,4.3,1021.9,1,1
8/6/2026 21:15,14.225,77.5,0,260,4.475,1021.925,0.75,1.25
8/6/2026 21:30,14.05,78,0,251,4.65,1021.95,0.5,1.5
8/6/2026 21:45,13.875,78.5,0,242,4.825,1021.975,0.25,1.75
8/6/2026 22:00,13.7,79,0,233,5,1022,0,2
8/6/2026 22:15,13.925,79.25,0,226.5,5.1,1021.95,0.5,1.75
8/6/2026 22:30,14.15,79.5,0,220,5.2,1021.9,1,1.5
8/6/2026 22:45,14.375,79.75,0,213.5,5.3,1021.85,1.5,1.25
8/6/2026 23:00,14.6,80,0,207,5.4,1021.8,2,1
8/6/2026 23:15,14.325,81.25,0,205.5,5.675,1021.75,2,1.25
8/6/2026 23:30,14.05,82.5,0,204,5.95,1021.7,2,1.5
8/6/2026 23:45,13.775,83.75,0,202.5,6.225,1021.65,2,1.75
8/7/2026 0:00,13.5,85,0,201,6.5,1021.6,2,2
8/7/2026 0:15,13.65,84.5,0,186.25,5.875,1021.375,3.5,2.25
8/7/2026 0:30,13.8,84,0,171.5,5.25,1021.15,5,2.5
8/7/2026 0:45,13.95,83.5,0,156.75,4.625,1020.925,6.5,2.75
8/7/2026 5:00,14.1,83,0,142,4,1020.7,8,3
8/7/2026 5:15,14.425,80.75,0,142.25,4.25,1020.7,8,3
8/7/2026 5:30,14.75,78.5,0,142.5,4.5,1020.7,8,3
8/7/2026 5:45,15.075,76.25,0,142.75,4.75,1020.7,8,3
8/7/2026 6:00,15.4,74,0,143,5,1020.7,8,3
8/7/2026 6:15,15.825,72.75,0,148,5,1020.725,8,3
8/7/2026 6:30,16.25,71.5,0,153,5,1020.75,8,3
8/7/2026 6:45,16.675,70.25,0,158,5,1020.775,8,3
8/7/2026 7:00,17.1,69,0,163,5,1020.8,8,3
8/7/2026 7:15,17.6,66.75,0,167,5.275,1020.75,7,3
8/7/2026 7:30,18.1,64.5,0,171,5.55,1020.7,6,3
8/7/2026 7:45,18.6,62.25,0,175,5.825,1020.65,5,3
8/7/2026 8:00,19.1,60,0,179,6.1,1020.6,4,3
8/7/2026 8:15,19.575,57.5,0,182,6.375,1020.525,5,3
8/7/2026 8:30,20.05,55,0,185,6.65,1020.45,6,3
8/7/2026 8:45,20.525,52.5,0,188,6.925,1020.375,7,3
8/7/2026 9:00,21,50,0,191,7.2,1020.3,8,3
8/7/2026 9:15,21.45,48.75,0,191.75,7.925,1020.15,8,3
8/7/2026 9:30,21.9,47.5,0,192.5,8.65,1020,8,3
8/7/2026 9:45,22.35,46.25,0,193.25,9.375,1019.85,8,3
8/7/2026 10:00,22.8,45,0,194,10.1,1019.7,8,3
8/7/2026 10:15,22.875,44.5,0,194.75,10.375,1019.55,8,3
8/7/2026 10:30,22.95,44,0,195.5,10.65,1019.4,8,3
8/7/2026 10:45,23.025,43.5,0,196.25,10.925,1019.25,8,3
8/7/2026 11:00,23.1,43,0,197,11.2,1019.1,8,3
8/7/2026 11:15,23.275,42.25,0,198.5,10.925,1019.025,8,3
8/7/2026 11:30,23.45,41.5,0,200,10.65,1018.95,8,3
8/7/2026 11:45,23.625,40.75,0,201.5,10.375,1018.875,8,3
8/7/2026 12:00,23.8,40,0,203,10.1,1018.8,8,3
8/7/2026 12:15,23.9,39,0,202.25,10,1018.65,8,3
8/7/2026 12:30,24,38,0,201.5,9.9,1018.5,8,3
8/7/2026 12:45,24.1,37,0,200.75,9.8,1018.35,8,3
8/7/2026 13:00,24.2,36,0,200,9.7,1018.2,8,3
8/7/2026 13:15,24.375,36,0,200.75,9.8,1018.125,8,3
8/7/2026 13:30,24.55,36,0,201.5,9.9,1018.05,8,3
8/7/2026 13:45,24.725,36,0,202.25,10,1017.975,8,3
8/7/2026 14:00,24.9,36,0,203,10.1,1017.9,8,3
8/7/2026 14:15,25.1,35.5,0,202.5,10.1,1017.8,7.75,3
8/7/2026 14:30,25.3,35,0,202,10.1,1017.7,7.5,3
8/7/2026 14:45,25.5,34.5,0,201.5,10.1,1017.6,7.25,3
8/7/2026 15:00,25.7,34,0,201,10.1,1017.5,7,3
8/7/2026 15:15,25.65,34.25,0,201.75,10,1017.4,7.25,3
8/7/2026 15:30,25.6,34.5,0,202.5,9.9,1017.3,7.5,3
8/7/2026 15:45,25.55,34.75,0,203.25,9.8,1017.2,7.75,3
8/7/2026 16:00,25.5,35,0,204,9.7,1017.1,8,3
8/7/2026 16:15,25.425,35.75,0,203.25,8.975,1017,8,3
8/7/2026 16:30,25.35,36.5,0,202.5,8.25,1016.9,8,3
8/7/2026 16:45,25.275,37.25,0,201.75,7.525,1016.8,8,3
8/7/2026 17:00,25.2,38,0,201,6.8,1016.7,8,3
8/7/2026 17:15,24.7,38.75,0,195.5,6.45,1016.725,7.5,3
8/7/2026 17:30,24.2,39.5,0,190,6.1,1016.75,7,3
8/7/2026 17:45,23.7,40.25,0,184.5,5.75,1016.775,6.5,3
8/7/2026 18:00,23.2,41,0,179,5.4,1016.8,6,3
8/7/2026 18:15,22.5,45.5,0,179.5,5.85,1016.85,5.5,3
8/7/2026 18:30,21.8,50,0,180,6.3,1016.9,5,3
8/7/2026 18:45,21.1,54.5,0,180.5,6.75,1016.95,4.5,3
8/7/2026 19:00,20.4,59,0,181,7.2,1017,4,3
8/7/2026 19:15,20.1,60.25,0,182,7.55,1016.975,3.25,3
8/7/2026 19:30,19.8,61.5,0,183,7.9,1016.95,2.5,3
8/7/2026 19:45,19.5,62.75,0,184,8.25,1016.925,1.75,3
8/7/2026 20:00,19.2,64,0,185,8.6,1016.9,1,3
8/7/2026 20:15,19.45,62.75,0,181.5,8.25,1016.875,2.25,2.75
8/7/2026 20:30,19.7,61.5,0,178,7.9,1016.85,3.5,2.5
8/7/2026 20:45,19.95,60.25,0,174.5,7.55,1016.825,4.75,2.25
8/7/2026 21:00,20.2,59,0,171,7.2,1016.8,6,2
8/7/2026 21:15,19.775,61.25,0,170.5,7.3,1016.65,6.5,2.25
8/7/2026 21:30,19.35,63.5,0,170,7.4,1016.5,7,2.5
8/7/2026 21:45,18.925,65.75,0,169.5,7.5,1016.35,7.5,2.75
8/7/2026 22:00,18.5,68,0,169,7.6,1016.2,8,3
8/7/2026 22:15,18.4,68.25,0,169.5,7.675,1016.15,8,3
8/7/2026 22:30,18.3,68.5,0,170,7.75,1016.1,8,3
8/7/2026 22:45,18.2,68.75,0,170.5,7.825,1016.05,8,3
8/7/2026 23:00,18.1,69,0,171,7.9,1016,8,3
8/7/2026 23:15,17.925,70.25,0,173.25,8.075,1016,8,3
8/7/2026 23:30,17.75,71.5,0,175.5,8.25,1016,8,3
8/7/2026 23:45,17.575,72.75,0,177.75,8.425,1016,8,3
8/8/2026 0:00,17.4,74,0,180,8.6,1016,8,3
8/8/2026 0:15,17.55,73.25,0,192,8.7,1016.075,7.75,3
8/8/2026 0:30,17.7,72.5,0,204,8.8,1016.15,7.5,3
8/8/2026 0:45,17.85,71.75,0,216,8.9,1016.225,7.25,3
8/8/2026 5:00,18,71,0,228,9,1016.3,7,3
8/8/2026 5:15,18.55,69,0,227,8.45,1016.425,6.75,3
8/8/2026 5:30,19.1,67,0,226,7.9,1016.55,6.5,3
8/8/2026 5:45,19.65,65,0,225,7.35,1016.675,6.25,3
8/8/2026 6:00,20.2,63,0,224,6.8,1016.8,6,3
8/8/2026 6:15,20.35,63.5,0,223.75,6.55,1016.775,6.25,3
8/8/2026 6:30,20.5,64,0,223.5,6.3,1016.75,6.5,3
8/8/2026 6:45,20.65,64.5,0,223.25,6.05,1016.725,6.75,3
8/8/2026 7:00,20.8,65,0,223,5.8,1016.7,7,3
8/8/2026 7:15,21.075,64,0,217,5.8,1016.7,7,3
8/8/2026 7:30,21.35,63,0,211,5.8,1016.7,7,3
8/8/2026 7:45,21.625,62,0,205,5.8,1016.7,7,3
8/8/2026 8:00,21.9,61,0,199,5.8,1016.7,7,3
8/8/2026 8:15,22.475,58,0,201,6.15,1016.775,7.25,3
8/8/2026 8:30,23.05,55,0,203,6.5,1016.85,7.5,3
8/8/2026 8:45,23.625,52,0,205,6.85,1016.925,7.75,3
8/8/2026 9:00,24.2,49,0,207,7.2,1017,8,3
8/8/2026 9:15,24.45,47.5,0,210.25,7.65,1016.975,8,3
8/8/2026 9:30,24.7,46,0,213.5,8.1,1016.95,8,3
8/8/2026 9:45,24.95,44.5,0,216.75,8.55,1016.925,8,3
8/8/2026 10:00,25.2,43,0,220,9,1016.9,8,3
8/8/2026 10:15,25.325,43.25,0,222.5,9.35,1016.875,8,3
8/8/2026 10:30,25.45,43.5,0,225,9.7,1016.85,8,3
8/8/2026 10:45,25.575,43.75,0,227.5,10.05,1016.825,8,3
8/8/2026 11:00,25.7,44,0,230,10.4,1016.8,8,3
8/8/2026 11:15,25.875,43.25,0,230,10.675,1016.85,8,3
8/8/2026 11:30,26.05,42.5,0,230,10.95,1016.9,8,3
8/8/2026 11:45,26.225,41.75,0,230,11.225,1016.95,8,3
8/8/2026 12:00,26.4,41,0,230,11.5,1017,8,3
8/8/2026 12:15,26.5,40.25,0,235.5,12.95,1016.85,8,3
8/8/2026 12:30,26.6,39.5,0,241,14.4,1016.7,8,3
8/8/2026 12:45,26.7,38.75,0,246.5,15.85,1016.55,8,3
8/8/2026 13:00,26.8,38,0,252,17.3,1016.4,8,3
8/8/2026 13:15,27.025,38,0,258.5,16.85,1016.425,8,3
8/8/2026 13:30,27.25,38,0,265,16.4,1016.45,8,3
8/8/2026 13:45,27.475,38,0,271.5,15.95,1016.475,8,3
8/8/2026 14:00,27.7,38,0,278,15.5,1016.5,8,3
8/8/2026 14:15,27.5,38.5,0,281,15.675,1016.6,8,3
8/8/2026 14:30,27.3,39,0,284,15.85,1016.7,8,3
8/8/2026 14:45,27.1,39.5,0,287,16.025,1016.8,8,3
8/8/2026 15:00,26.9,40,0,290,16.2,1016.9,8,3
8/8/2026 15:15,26.975,40.25,0,290.75,15.65,1016.975,8,3
8/8/2026 15:30,27.05,40.5,0,291.5,15.1,1017.05,8,3
8/8/2026 15:45,27.125,40.75,0,292.25,14.55,1017.125,8,3
8/8/2026 16:00,27.2,41,0,293,14,1017.2,8,3
8/8/2026 16:15,26.825,43,0,286.5,12.85,1017.35,8,3
8/8/2026 16:30,26.45,45,0,280,11.7,1017.5,8,3
8/8/2026 16:45,26.075,47,0,273.5,10.55,1017.65,8,3
8/8/2026 17:00,25.7,49,0,267,9.4,1017.8,8,3
8/8/2026 17:15,25.475,49.5,0,265.75,9.4,1017.925,8,3
8/8/2026 17:30,25.25,50,0,264.5,9.4,1018.05,8,3
8/8/2026 17:45,25.025,50.5,0,263.25,9.4,1018.175,8,3
8/8/2026 18:00,24.8,51,0,262,9.4,1018.3,8,3
8/8/2026 18:15,24.425,52.5,0,264.5,9.025,1018.45,8,3
8/8/2026 18:30,24.05,54,0,267,8.65,1018.6,8,3
8/8/2026 18:45,23.675,55.5,0,269.5,8.275,1018.75,8,3
8/8/2026 19:00,23.3,57,0,272,7.9,1018.9,8,3
8/8/2026 19:15,22.925,58.75,0,275.5,7.825,1019.025,8,3
8/8/2026 19:30,22.55,60.5,0,279,7.75,1019.15,8,3
8/8/2026 19:45,22.175,62.25,0,282.5,7.675,1019.275,8,3
8/8/2026 20:00,21.8,64,0,286,7.6,1019.4,8,3
8/8/2026 20:15,21.25,66.25,0,287.25,7.5,1019.5,8,3
8/8/2026 20:30,20.7,68.5,0,288.5,7.4,1019.6,8,3
8/8/2026 20:45,20.15,70.75,0,289.75,7.3,1019.7,8,3
8/8/2026 21:00,19.6,73,0,291,7.2,1019.8,8,3
8/8/2026 21:15,19.275,74.5,0,296,6.925,1019.9,8,3
8/8/2026 21:30,18.95,76,0,301,6.65,1020,8,3
8/8/2026 21:45,18.625,77.5,0,306,6.375,1020.1,8,3
8/8/2026 22:00,18.3,79,0,311,6.1,1020.2,8,3
8/8/2026 22:15,18.1,79.75,0,316.25,6.025,1020.25,6,3
8/8/2026 22:30,17.9,80.5,0,321.5,5.95,1020.3,4,3
8/8/2026 22:45,17.7,81.25,0,326.75,5.875,1020.35,2,3
8/8/2026 23:00,17.5,82,0,332,5.8,1020.4,0,3
8/8/2026 23:15,17.35,82.75,0,252.75,5.8,1020.425,0,2.5
8/8/2026 23:30,17.2,83.5,0,173.5,5.8,1020.45,0,2
8/8/2026 23:45,17.05,84.25,0,94.25,5.8,1020.475,0,1.5
8/9/2026 0:00,16.9,85,0,15,5.8,1020.5,0,1
8/9/2026 0:15,16.775,86.25,0,37.75,5.975,1020.625,0,1
8/9/2026 0:30,16.65,87.5,0,60.5,6.15,1020.75,0,1
8/9/2026 0:45,16.525,88.75,0,83.25,6.325,1020.875,0,1
8/9/2026 5:00,16.4,90,0,106,6.5,1021,0,1
8/9/2026 5:15,16.95,86.5,0,107.25,5.775,1021.075,0,1
8/9/2026 5:30,17.5,83,0,108.5,5.05,1021.15,0,1
8/9/2026 5:45,18.05,79.5,0,109.75,4.325,1021.225,0,1
8/9/2026 6:00,18.6,76,0,111,3.6,1021.3,0,1
8/9/2026 6:15,19.2,73.25,0,106.75,3.6,1021.325,0,1
8/9/2026 6:30,19.8,70.5,0,102.5,3.6,1021.35,0,1
8/9/2026 6:45,20.4,67.75,0,98.25,3.6,1021.375,0,1
8/9/2026 7:00,21,65,0,94,3.6,1021.4,0,1
8/9/2026 7:15,21.6,63.25,0,95.75,3.775,1021.375,0.75,1
8/9/2026 7:30,22.2,61.5,0,97.5,3.95,1021.35,1.5,1
8/9/2026 7:45,22.8,59.75,0,99.25,4.125,1021.325,2.25,1
8/9/2026 8:00,23.4,58,0,101,4.3,1021.3,3,1
8/9/2026 8:15,23.75,56.25,0,105,5.2,1021.25,4.25,1.5
8/9/2026 8:30,24.1,54.5,0,109,6.1,1021.2,5.5,2
8/9/2026 8:45,24.45,52.75,0,113,7,1021.15,6.75,2.5
8/9/2026 9:00,24.8,51,0,117,7.9,1021.1,8,3
8/9/2026 9:15,25.1,50.5,0,124.75,7.825,1021.025,8,3
8/9/2026 9:30,25.4,50,0,132.5,7.75,1020.95,8,3
8/9/2026 9:45,25.7,49.5,0,140.25,7.675,1020.875,8,3
8/9/2026 10:00,26,49,0,148,7.6,1020.8,8,3
8/9/2026 10:15,26,49,0,151.75,7.325,1020.65,7.75,3
8/9/2026 10:30,26,49,0,155.5,7.05,1020.5,7.5,3
8/9/2026 10:45,26,49,0,159.25,6.775,1020.35,7.25,3
8/9/2026 11:00,26,49,0,163,6.5,1020.2,7,3
8/9/2026 11:15,26.25,49,0,166.25,6.5,1020,5.5,3
8/9/2026 11:30,26.5,49,0,169.5,6.5,1019.8,4,3
8/9/2026 11:45,26.75,49,0,172.75,6.5,1019.6,2.5,3
8/9/2026 12:00,27,49,0,176,6.5,1019.4,1,3
8/9/2026 12:15,27.325,47.75,0,180,7.225,1019.3,1,2.75
8/9/2026 12:30,27.65,46.5,0,184,7.95,1019.2,1,2.5
8/9/2026 12:45,27.975,45.25,0,188,8.675,1019.1,1,2.25
8/9/2026 13:00,28.3,44,0,192,9.4,1019,1,2
8/9/2026 13:15,28.3,43.75,0,187,9.85,1018.85,0.75,1.75
8/9/2026 13:30,28.3,43.5,0,182,10.3,1018.7,0.5,1.5
8/9/2026 13:45,28.3,43.25,0,177,10.75,1018.55,0.25,1.25
8/9/2026 14:00,28.3,43,0,172,11.2,1018.4,0,1
8/9/2026 14:15,28.525,42.5,0,172.75,11.375,1018.175,0.25,1
8/9/2026 14:30,28.75,42,0,173.5,11.55,1017.95,0.5,1
8/9/2026 14:45,28.975,41.5,0,174.25,11.725,1017.725,0.75,1
8/9/2026 15:00,29.2,41,0,175,11.9,1017.5,1,1
8/9/2026 15:15,29.125,41.25,0,177.5,11.075,1017.4,1.75,1
8/9/2026 15:30,29.05,41.5,0,180,10.25,1017.3,2.5,1
8/9/2026 15:45,28.975,41.75,0,182.5,9.425,1017.2,3.25,1
8/9/2026 16:00,28.9,42,0,185,8.6,1017.1,4,1
8/9/2026 16:15,28.875,42,0,191,7.975,1017.075,3.5,1.5
8/9/2026 16:30,28.85,42,0,197,7.35,1017.05,3,2
8/9/2026 16:45,28.825,42,0,203,6.725,1017.025,2.5,2.5
8/9/2026 17:00,28.8,42,0,209,6.1,1017,2,3
8/9/2026 17:15,28.4,44,0,204,6.275,1017.05,2,2.75
8/9/2026 17:30,28,46,0,199,6.45,1017.1,2,2.5
8/9/2026 17:45,27.6,48,0,194,6.625,1017.15,2,2.25
8/9/2026 18:00,27.2,50,0,189,6.8,1017.2,2,2
8/9/2026 18:15,26.35,53.5,0,197,8.15,1017.15,1.75,2
8/9/2026 18:30,25.5,57,0,205,9.5,1017.1,1.5,2
8/9/2026 18:45,24.65,60.5,0,213,10.85,1017.05,1.25,2
8/9/2026 19:00,23.8,64,0,221,12.2,1017,1,2
8/9/2026 19:15,23.45,65.5,0,228.5,11.85,1017.025,1.5,1.75
8/9/2026 19:30,23.1,67,0,236,11.5,1017.05,2,1.5
8/9/2026 19:45,22.75,68.5,0,243.5,11.15,1017.075,2.5,1.25
8/9/2026 20:00,22.4,70,0,251,10.8,1017.1,3,1
8/9/2026 20:15,22.05,71.75,0,252.5,10.625,1017.2,3.75,1.5
8/9/2026 20:30,21.7,73.5,0,254,10.45,1017.3,4.5,2
8/9/2026 20:45,21.35,75.25,0,255.5,10.275,1017.4,5.25,2.5
8/9/2026 21:00,21,77,0,257,10.1,1017.5,6,3
8/9/2026 21:15,21.275,75.25,0,267.75,10.725,1017.625,5.25,3
8/9/2026 21:30,21.55,73.5,0,278.5,11.35,1017.75,4.5,3
8/9/2026 21:45,21.825,71.75,0,289.25,11.975,1017.875,3.75,3
8/9/2026 22:00,22.1,70,0,300,12.6,1018,3,3
8/9/2026 22:15,22.075,68.75,0,301.75,12.325,1018,3,2.75
8/9/2026 22:30,22.05,67.5,0,303.5,12.05,1018,3,2.5
8/9/2026 22:45,22.025,66.25,0,305.25,11.775,1018,3,2.25
8/9/2026 23:00,22,65,0,307,11.5,1018,3,2
8/9/2026 23:15,21.7,66.5,0,308.25,11.675,1018.175,2.75,2
8/9/2026 23:30,21.4,68,0,309.5,11.85,1018.35,2.5,2
8/9/2026 23:45,21.1,69.5,0,310.75,12.025,1018.525,2.25,2
8/10/2026 0:00,20.8,71,0,312,12.2,1018.7,2,2
8/10/2026 0:15,19.875,73.25,0,309.5,13.1,1019.525,2.75,2
8/10/2026 0:30,18.95,75.5,0,307,14,1020.35,3.5,2
8/10/2026 0:45,18.025,77.75,0,304.5,14.9,1021.175,4.25,2
8/10/2026 5:00,17.1,80,0,302,15.8,1022,5,2
8/10/2026 5:15,17.175,78.5,0,301.5,16,1022.225,3.75,2.25
8/10/2026 5:30,17.25,77,0,301,16.2,1022.45,2.5,2.5
8/10/2026 5:45,17.325,75.5,0,300.5,16.4,1022.675,1.25,2.75
8/10/2026 6:00,17.4,74,0,300,16.6,1022.9,0,3
8/10/2026 6:15,17.55,73,0,300,16.6,1023.1,0.25,2.5
8/10/2026 6:30,17.7,72,0,300,16.6,1023.3,0.5,2
8/10/2026 6:45,17.85,71,0,300,16.6,1023.5,0.75,1.5
8/10/2026 7:00,18,70,0,300,16.6,1023.7,1,1
8/10/2026 7:15,18.3,68.75,0,300.75,16.675,1023.825,1,1
8/10/2026 7:30,18.6,67.5,0,301.5,16.75,1023.95,1,1
8/10/2026 7:45,18.9,66.25,0,302.25,16.825,1024.075,1,1
8/10/2026 8:00,19.2,65,0,303,16.9,1024.2,1,1
8/10/2026 8:15,19.35,64.25,0,305.5,17.45,1024.3,1.75,1
8/10/2026 8:30,19.5,63.5,0,308,18,1024.4,2.5,1
8/10/2026 8:45,19.65,62.75,0,310.5,18.55,1024.5,3.25,1
8/10/2026 9:00,19.8,62,0,313,19.1,1024.6,4,1
8/10/2026 9:15,20.125,61,0,311.5,19,1024.7,4,1.5
8/10/2026 9:30,20.45,60,0,310,18.9,1024.8,4,2
8/10/2026 9:45,20.775,59,0,308.5,18.8,1024.9,4,2.5
8/10/2026 10:00,21.1,58,0,307,18.7,1025,4,3
8/10/2026 10:15,21.5,56.25,0,305.75,18.875,1025,4,3
8/10/2026 10:30,21.9,54.5,0,304.5,19.05,1025,4,3
8/10/2026 10:45,22.3,52.75,0,303.25,19.225,1025,4,3
8/10/2026 11:00,22.7,51,0,302,19.4,1025,4,3
8/10/2026 11:15,22.9,49.5,0,300.75,19.4,1025.05,4,3
8/10/2026 11:30,23.1,48,0,299.5,19.4,1025.1,4,3
8/10/2026 11:45,23.3,46.5,0,298.25,19.4,1025.15,4,3
8/10/2026 12:00,23.5,45,0,297,19.4,1025.2,4,3
8/10/2026 12:15,23.375,45.5,0,297,19.325,1025.25,3.5,3
8/10/2026 12:30,23.25,46,0,297,19.25,1025.3,3,3
8/10/2026 12:45,23.125,46.5,0,297,19.175,1025.35,2.5,3
8/10/2026 13:00,23,47,0,297,19.1,1025.4,2,3
8/10/2026 13:15,23.4,45.75,0,297.5,18.825,1025.375,1.75,2.75
8/10/2026 13:30,23.8,44.5,0,298,18.55,1025.35,1.5,2.5
8/10/2026 13:45,24.2,43.25,0,298.5,18.275,1025.325,1.25,2.25
8/10/2026 14:00,24.6,42,0,299,18,1025.3,1,2
8/10/2026 14:15,24.35,42.25,0,299.25,17.9,1025.25,1.25,2
8/10/2026 14:30,24.1,42.5,0,299.5,17.8,1025.2,1.5,2
8/10/2026 14:45,23.85,42.75,0,299.75,17.7,1025.15,1.75,2
8/10/2026 15:00,23.6,43,0,300,17.6,1025.1,2,2
8/10/2026 15:15,23.7,42,0,300,17.25,1025.125,3.5,2
8/10/2026 15:30,23.8,41,0,300,16.9,1025.15,5,2
8/10/2026 15:45,23.9,40,0,300,16.55,1025.175,6.5,2
8/10/2026 16:00,24,39,0,300,16.2,1025.2,8,2
8/10/2026 16:15,23.85,39,0,300,14.95,1025.25,8,2.25
8/10/2026 16:30,23.7,39,0,300,13.7,1025.3,8,2.5
8/10/2026 16:45,23.55,39,0,300,12.45,1025.35,8,2.75
8/10/2026 17:00,23.4,39,0,300,11.2,1025.4,8,3
8/10/2026 17:15,23.075,40.25,0,304,10.475,1025.45,8,3
8/10/2026 17:30,22.75,41.5,0,308,9.75,1025.5,8,3
8/10/2026 17:45,22.425,42.75,0,312,9.025,1025.55,8,3
8/10/2026 18:00,22.1,44,0,316,8.3,1025.6,8,3
8/10/2026 18:15,21.7,45.75,0,322.5,7.925,1025.7,7.75,3
8/10/2026 18:30,21.3,47.5,0,329,7.55,1025.8,7.5,3
8/10/2026 18:45,20.9,49.25,0,335.5,7.175,1025.9,7.25,3
8/10/2026 19:00,20.5,51,0,342,6.8,1026,7,3
8/10/2026 19:15,20,52.5,0,342,7.25,1026.125,7.25,3
8/10/2026 19:30,19.5,54,0,342,7.7,1026.25,7.5,3
8/10/2026 19:45,19,55.5,0,342,8.15,1026.375,7.75,3
8/10/2026 20:00,18.5,57,0,342,8.6,1026.5,8,3
8/10/2026 20:15,18.1,59.25,0,344.25,8.25,1026.625,7.5,3
8/10/2026 20:30,17.7,61.5,0,346.5,7.9,1026.75,7,3
8/10/2026 20:45,17.3,63.75,0,348.75,7.55,1026.875,6.5,3
8/10/2026 21:00,16.9,66,0,351,7.2,1027,6,3
8/10/2026 21:15,16.575,67.75,0,263.75,7.025,1027.025,6.25,3
8/10/2026 21:30,16.25,69.5,0,176.5,6.85,1027.05,6.5,3
8/10/2026 21:45,15.925,71.25,0,89.25,6.675,1027.075,6.75,3
8/10/2026 22:00,15.6,73,0,2,6.5,1027.1,7,3
8/10/2026 22:15,15.325,74.5,0,4.75,6.225,1027.175,6.75,3
8/10/2026 22:30,15.05,76,0,7.5,5.95,1027.25,6.5,3
8/10/2026 22:45,14.775,77.5,0,10.25,5.675,1027.325,6.25,3
8/10/2026 23:00,14.5,79,0,13,5.4,1027.4,6,3
8/10/2026 23:15,14.175,80.5,0,16.75,5.125,1027.45,5,3
8/10/2026 23:30,13.85,82,0,20.5,4.85,1027.5,4,3
8/10/2026 23:45,13.525,83.5,0,24.25,4.575,1027.55,3,3
8/11/2026 0:00,13.2,85,0,28,4.3,1027.6,2,3
8/11/2026 0:15,13.525,84.25,0,57.5,4.75,1027.425,1.5,2.5
8/11/2026 0:30,13.85,83.5,0,87,5.2,1027.25,1,2
8/11/2026 0:45,14.175,82.75,0,116.5,5.65,1027.075,0.5,1.5
8/11/2026 5:00,14.5,82,0,146,6.1,1026.9,0,1
8/11/2026 5:15,15.075,79,0,153.5,5.65,1026.9,0.25,1
8/11/2026 5:30,15.65,76,0,161,5.2,1026.9,0.5,1
8/11/2026 5:45,16.225,73,0,168.5,4.75,1026.9,0.75,1
8/11/2026 6:00,16.8,70,0,176,4.3,1026.9,1,1
8/11/2026 6:15,17.475,67,0,184.5,4.4,1026.9,1.25,1
8/11/2026 6:30,18.15,64,0,193,4.5,1026.9,1.5,1
8/11/2026 6:45,18.825,61,0,201.5,4.6,1026.9,1.75,1
8/11/2026 7:00,19.5,58,0,210,4.7,1026.9,2,1
8/11/2026 7:15,20.025,56.5,0,219,4.875,1026.9,2,1.25
8/11/2026 7:30,20.55,55,0,228,5.05,1026.9,2,1.5
8/11/2026 7:45,21.075,53.5,0,237,5.225,1026.9,2,1.75
8/11/2026 8:00,21.6,52,0,246,5.4,1026.9,2,2
8/11/2026 8:15,21.675,51,0,249.5,5.575,1026.85,1.5,2
8/11/2026 8:30,21.75,50,0,253,5.75,1026.8,1,2
8/11/2026 8:45,21.825,49,0,256.5,5.925,1026.75,0.5,2
8/11/2026 9:00,21.9,48,0,260,6.1,1026.7,0,2
8/11/2026 9:15,22.125,48,0,260.5,6.475,1026.575,0,1.75
8/11/2026 9:30,22.35,48,0,261,6.85,1026.45,0,1.5
8/11/2026 9:45,22.575,48,0,261.5,7.225,1026.325,0,1.25
8/11/2026 10:00,22.8,48,0,262,7.6,1026.2,0,1
8/11/2026 10:15,22.925,46.75,0,261.25,7.6,1026.05,0.5,1
8/11/2026 10:30,23.05,45.5,0,260.5,7.6,1025.9,1,1
8/11/2026 10:45,23.175,44.25,0,259.75,7.6,1025.75,1.5,1
8/11/2026 11:00,23.3,43,0,259,7.6,1025.6,2,1
8/11/2026 11:15,23.75,42.25,0,262.25,7.675,1025.5,3,1.25
8/11/2026 11:30,24.2,41.5,0,265.5,7.75,1025.4,4,1.5
8/11/2026 11:45,24.65,40.75,0,268.75,7.825,1025.3,5,1.75
8/11/2026 12:00,25.1,40,0,272,7.9,1025.2,6,2
8/11/2026 12:15,25.15,39.5,0,272.75,7.625,1025.075,5.5,2.25
8/11/2026 12:30,25.2,39,0,273.5,7.35,1024.95,5,2.5
8/11/2026 12:45,25.25,38.5,0,274.25,7.075,1024.825,4.5,2.75
8/11/2026 13:00,25.3,38,0,275,6.8,1024.7,4,3
8/11/2026 13:15,25.425,37.5,0,279,6.625,1024.55,3.5,3
8/11/2026 13:30,25.55,37,0,283,6.45,1024.4,3,3
8/11/2026 13:45,25.675,36.5,0,287,6.275,1024.25,2.5,3
8/11/2026 14:00,25.8,36,0,291,6.1,1024.1,2,3
8/11/2026 14:15,25.975,35.25,0,294,6.1,1023.95,2.75,2.75
8/11/2026 14:30,26.15,34.5,0,297,6.1,1023.8,3.5,2.5
8/11/2026 14:45,26.325,33.75,0,300,6.1,1023.65,4.25,2.25
8/11/2026 15:00,26.5,33,0,303,6.1,1023.5,5,2
8/11/2026 15:15,26.275,33.5,0,308.75,5.825,1023.35,4,2.25
8/11/2026 15:30,26.05,34,0,314.5,5.55,1023.2,3,2.5
8/11/2026 15:45,25.825,34.5,0,320.25,5.275,1023.05,2,2.75
8/11/2026 16:00,25.6,35,0,326,5,1022.9,1,3
8/11/2026 16:15,25.5,35.25,0,331.25,4.75,1022.8,2.75,2.75
8/11/2026 16:30,25.4,35.5,0,336.5,4.5,1022.7,4.5,2.5
8/11/2026 16:45,25.3,35.75,0,341.75,4.25,1022.6,6.25,2.25
8/11/2026 17:00,25.2,36,0,347,4,1022.5,8,2
8/11/2026 17:15,24.725,38,0,268,4,1022.5,8,2.25
8/11/2026 17:30,24.25,40,0,189,4,1022.5,8,2.5
8/11/2026 17:45,23.775,42,0,110,4,1022.5,8,2.75
8/11/2026 18:00,23.3,44,0,31,4,1022.5,8,3
8/11/2026 18:15,22.825,47,0,35.25,4.35,1022.6,7.75,3
8/11/2026 18:30,22.35,50,0,39.5,4.7,1022.7,7.5,3
8/11/2026 18:45,21.875,53,0,43.75,5.05,1022.8,7.25,3
8/11/2026 19:00,21.4,56,0,48,5.4,1022.9,7,3
8/11/2026 19:15,21.2,56.25,0,48.25,5.5,1022.85,5.5,3
8/11/2026 19:30,21,56.5,0,48.5,5.6,1022.8,4,3
8/11/2026 19:45,20.8,56.75,0,48.75,5.7,1022.75,2.5,3
8/11/2026 20:00,20.6,57,0,49,5.8,1022.7,1,3
8/11/2026 20:15,20.15,59.25,0,48.75,5.6,1022.65,0.75,2.75
8/11/2026 20:30,19.7,61.5,0,48.5,5.4,1022.6,0.5,2.5
8/11/2026 20:45,19.25,63.75,0,48.25,5.2,1022.55,0.25,2.25
8/11/2026 21:00,18.8,66,0,48,5,1022.5,0,2
8/11/2026 21:15,18.475,67.75,0,55.25,4.825,1022.5,0,1.75
8/11/2026 21:30,18.15,69.5,0,62.5,4.65,1022.5,0,1.5
8/11/2026 21:45,17.825,71.25,0,69.75,4.475,1022.5,0,1.25
8/11/2026 22:00,17.5,73,0,77,4.3,1022.5,0,1
8/11/2026 22:15,17.275,74.25,0,88,4.575,1022.475,0,1
8/11/2026 22:30,17.05,75.5,0,99,4.85,1022.45,0,1
8/11/2026 22:45,16.825,76.75,0,110,5.125,1022.425,0,1
8/11/2026 23:00,16.6,78,0,121,5.4,1022.4,0,1
8/11/2026 23:15,16.5,78.5,0,111.25,5.125,1022.425,0,1
8/11/2026 23:30,16.4,79,0,101.5,4.85,1022.45,0,1
8/11/2026 23:45,16.3,79.5,0,91.75,4.575,1022.475,0,1
8/12/2026 0:00,16.2,80,0,82,4.3,1022.5,0,1
8/12/2026 0:15,16.15,80,0,93.75,4.675,1022.325,0,1
8/12/2026 0:30,16.1,80,0,105.5,5.05,1022.15,0,1
8/12/2026 0:45,16.05,80,0,117.25,5.425,1021.975,0,1
8/12/2026 5:00,16,80,0,129,5.8,1021.8,0,1
8/12/2026 5:15,16.6,77.25,0,124.75,5.6,1021.775,0,1
8/12/2026 5:30,17.2,74.5,0,120.5,5.4,1021.75,0,1
8/12/2026 5:45,17.8,71.75,0,116.25,5.2,1021.725,0,1
8/12/2026 6:00,18.4,69,0,112,5,1021.7,0,1
8/12/2026 6:15,18.975,66.75,0,113.25,4.65,1021.75,0,1
8/12/2026 6:30,19.55,64.5,0,114.5,4.3,1021.8,0,1
8/12/2026 6:45,20.125,62.25,0,115.75,3.95,1021.85,0,1
8/12/2026 7:00,20.7,60,0,117,3.6,1021.9,0,1
8/12/2026 7:15,21.45,57,0,122,3.775,1021.925,0.25,1
8/12/2026 7:30,22.2,54,0,127,3.95,1021.95,0.5,1
8/12/2026 7:45,22.95,51,0,132,4.125,1021.975,0.75,1
8/12/2026 8:00,23.7,48,0,137,4.3,1022,1,1
8/12/2026 8:15,24.05,47.5,0,137.25,4.4,1021.975,0.75,1
8/12/2026 8:30,24.4,47,0,137.5,4.5,1021.95,0.5,1
8/12/2026 8:45,24.75,46.5,0,137.75,4.6,1021.925,0.25,1
8/12/2026 9:00,25.1,46,0,138,4.7,1021.9,0,1
8/12/2026 9:15,25.475,44.25,0,138.25,5.05,1021.825,0,1
8/12/2026 9:30,25.85,42.5,0,138.5,5.4,1021.75,0,1
8/12/2026 9:45,26.225,40.75,0,138.75,5.75,1021.675,0,1
8/12/2026 10:00,26.6,39,0,139,6.1,1021.6,0,1
8/12/2026 10:15,26.7,38.5,0,136.75,6.275,1021.475,1,1
8/12/2026 10:30,26.8,38,0,134.5,6.45,1021.35,2,1
8/12/2026 10:45,26.9,37.5,0,132.25,6.625,1021.225,3,1
8/12/2026 11:00,27,37,0,130,6.8,1021.1,4,1
8/12/2026 11:15,27.275,36.75,0,127.5,6.725,1020.975,3.75,1.5
8/12/2026 11:30,27.55,36.5,0,125,6.65,1020.85,3.5,2
8/12/2026 11:45,27.825,36.25,0,122.5,6.575,1020.725,3.25,2.5
8/12/2026 12:00,28.1,36,0,120,6.5,1020.6,3,3
8/12/2026 12:15,28.05,34.75,0,118.25,6.675,1020.45,2.25,3
8/12/2026 12:30,28,33.5,0,116.5,6.85,1020.3,1.5,3
8/12/2026 12:45,27.95,32.25,0,114.75,7.025,1020.15,0.75,3
8/12/2026 13:00,27.9,31,0,113,7.2,1020,0,3
8/12/2026 13:15,28.15,30.75,0,112.25,7.375,1019.825,0,2.5
8/12/2026 13:30,28.4,30.5,0,111.5,7.55,1019.65,0,2
8/12/2026 13:45,28.65,30.25,0,110.75,7.725,1019.475,0,1.5
8/12/2026 14:00,28.9,30,0,110,7.9,1019.3,0,1
8/12/2026 14:15,28.725,30.75,0,107.75,8,1019.175,0,1
8/12/2026 14:30,28.55,31.5,0,105.5,8.1,1019.05,0,1
8/12/2026 14:45,28.375,32.25,0,103.25,8.2,1018.925,0,1
8/12/2026 15:00,28.2,33,0,101,8.3,1018.8,0,1
8/12/2026 15:15,28.25,32.5,0,100.75,8.75,1018.725,0,1
8/12/2026 15:30,28.3,32,0,100.5,9.2,1018.65,0,1
8/12/2026 15:45,28.35,31.5,0,100.25,9.65,1018.575,0,1
8/12/2026 16:00,28.4,31,0,100,10.1,1018.5,0,1
8/12/2026 16:15,28.325,32.25,0,95,10,1018.45,0,1
8/12/2026 16:30,28.25,33.5,0,90,9.9,1018.4,0,1
8/12/2026 16:45,28.175,34.75,0,85,9.8,1018.35,0,1
8/12/2026 17:00,28.1,36,0,80,9.7,1018.3,0,1
8/12/2026 17:15,27.6,37.5,0,78.75,9.975,1018.25,0.5,1
8/12/2026 17:30,27.1,39,0,77.5,10.25,1018.2,1,1
8/12/2026 17:45,26.6,40.5,0,76.25,10.525,1018.15,1.5,1
8/12/2026 18:00,26.1,42,0,75,10.8,1018.1,2,1
8/12/2026 18:15,25.575,43,0,76.25,10.9,1018.225,1.5,1.25
8/12/2026 18:30,25.05,44,0,77.5,11,1018.35,1,1.5
8/12/2026 18:45,24.525,45,0,78.75,11.1,1018.475,0.5,1.75
8/12/2026 19:00,24,46,0,80,11.2,1018.6,0,2
8/12/2026 19:15,23.85,46.75,0,81.25,11.275,1018.625,0,1.75
8/12/2026 19:30,23.7,47.5,0,82.5,11.35,1018.65,0,1.5
8/12/2026 19:45,23.55,48.25,0,83.75,11.425,1018.675,0,1.25
8/12/2026 20:00,23.4,49,0,85,11.5,1018.7,0,1
8/12/2026 20:15,23.05,50.75,0,88.5,11.425,1018.7,0.25,1
8/12/2026 20:30,22.7,52.5,0,92,11.35,1018.7,0.5,1
8/12/2026 20:45,22.35,54.25,0,95.5,11.275,1018.7,0.75,1
8/12/2026 21:00,22,56,0,99,11.2,1018.7,1,1
8/12/2026 21:15,21.725,56.75,0,102.25,11.275,1018.6,1,1.25
8/12/2026 21:30,21.45,57.5,0,105.5,11.35,1018.5,1,1.5
8/12/2026 21:45,21.175,58.25,0,108.75,11.425,1018.4,1,1.75
8/12/2026 22:00,20.9,59,0,112,11.5,1018.3,1,2
8/12/2026 22:15,20.7,59.25,0,109.5,11.225,1018.275,0.75,2
8/12/2026 22:30,20.5,59.5,0,107,10.95,1018.25,0.5,2
8/12/2026 22:45,20.3,59.75,0,104.5,10.675,1018.225,0.25,2
8/12/2026 23:00,20.1,60,0,102,10.4,1018.2,0,2
8/12/2026 23:15,19.925,60.5,0,101,10.4,1018.175,0,1.75
8/12/2026 23:30,19.75,61,0,100,10.4,1018.15,0,1.5
8/12/2026 23:45,19.575,61.5,0,99,10.4,1018.125,0,1.25
8/13/2026 0:00,19.4,62,0,98,10.4,1018.1,0,1
8/13/2026 0:15,19.05,63.25,0,98.5,10.6,1017.85,0.5,1.5
8/13/2026 0:30,18.7,64.5,0,99,10.8,1017.6,1,2
8/13/2026 0:45,18.35,65.75,0,99.5,11,1017.35,1.5,2.5
8/13/2026 5:00,18,67,0,100,11.2,1017.1,2,3
8/13/2026 5:15,18.275,66.25,0,98.5,11,1017.1,2.5,2.75
8/13/2026 5:30,18.55,65.5,0,97,10.8,1017.1,3,2.5
8/13/2026 5:45,18.825,64.75,0,95.5,10.6,1017.1,3.5,2.25
8/13/2026 6:00,19.1,64,0,94,10.4,1017.1,4,2
8/13/2026 6:15,19.4,63.25,0,93.75,9.95,1017.175,3.5,2.25
8/13/2026 6:30,19.7,62.5,0,93.5,9.5,1017.25,3,2.5
8/13/2026 6:45,20,61.75,0,93.25,9.05,1017.325,2.5,2.75
8/13/2026 7:00,20.3,61,0,93,8.6,1017.4,2,3
8/13/2026 7:15,20.75,60.25,0,95,8.8,1017.375,3,2.75
8/13/2026 7:30,21.2,59.5,0,97,9,1017.35,4,2.5
8/13/2026 7:45,21.65,58.75,0,99,9.2,1017.325,5,2.25
8/13/2026 8:00,22.1,58,0,101,9.4,1017.3,6,2
8/13/2026 8:15,22.675,57,0,100.75,9.2,1017.325,4.75,2.25
8/13/2026 8:30,23.25,56,0,100.5,9,1017.35,3.5,2.5
8/13/2026 8:45,23.825,55,0,100.25,8.8,1017.375,2.25,2.75
8/13/2026 9:00,24.4,54,0,100,8.6,1017.4,1,3
8/13/2026 9:15,24.8,53,0,99.25,8.7,1017.375,1,2.5
8/13/2026 9:30,25.2,52,0,98.5,8.8,1017.35,1,2
8/13/2026 9:45,25.6,51,0,97.75,8.9,1017.325,1,1.5
8/13/2026 10:00,26,50,0,97,9,1017.3,1,1
8/13/2026 10:15,26.575,48.75,0,96.25,9.1,1017.25,1.25,1
8/13/2026 10:30,27.15,47.5,0,95.5,9.2,1017.2,1.5,1
8/13/2026 10:45,27.725,46.25,0,94.75,9.3,1017.15,1.75,1
8/13/2026 11:00,28.3,45,0,94,9.4,1017.1,2,1
8/13/2026 11:15,29,42.25,0,94.25,9.85,1017.025,1.5,1.25
8/13/2026 11:30,29.7,39.5,0,94.5,10.3,1016.95,1,1.5
8/13/2026 11:45,30.4,36.75,0,94.75,10.75,1016.875,0.5,1.75
8/13/2026 12:00,31.1,34,0,95,11.2,1016.8,0,2
8/13/2026 12:15,31.15,33.5,0,94.25,11.45,1016.725,0,1.75
8/13/2026 12:30,31.2,33,0,93.5,11.7,1016.65,0,1.5
8/13/2026 12:45,31.25,32.5,0,92.75,11.95,1016.575,0,1.25
8/13/2026 13:00,31.3,32,0,92,12.2,1016.5,0,1
8/13/2026 13:15,31.375,31.5,0,90.5,12.125,1016.425,0,1
8/13/2026 13:30,31.45,31,0,89,12.05,1016.35,0,1
8/13/2026 13:45,31.525,30.5,0,87.5,11.975,1016.275,0,1
8/13/2026 14:00,31.6,30,0,86,11.9,1016.2,0,1
8/13/2026 14:15,31.575,30.75,0,83.5,12.075,1016.175,0,1
8/13/2026 14:30,31.55,31.5,0,81,12.25,1016.15,0,1
8/13/2026 14:45,31.525,32.25,0,78.5,12.425,1016.125,0,1
8/13/2026 15:00,31.5,33,0,76,12.6,1016.1,0,1
8/13/2026 15:15,31.35,33,0,74.25,12.7,1016.15,0,1
8/13/2026 15:30,31.2,33,0,72.5,12.8,1016.2,0,1
8/13/2026 15:45,31.05,33,0,70.75,12.9,1016.25,0,1
8/13/2026 16:00,30.9,33,0,69,13,1016.3,0,1
8/13/2026 16:15,30.775,32.5,0,67.75,13,1016.35,0,1
8/13/2026 16:30,30.65,32,0,66.5,13,1016.4,0,1
8/13/2026 16:45,30.525,31.5,0,65.25,13,1016.45,0,1
8/13/2026 17:00,30.4,31,0,64,13,1016.5,0,1
8/13/2026 17:15,29.875,34.25,0,64.25,12.55,1016.525,0,1
8/13/2026 17:30,29.35,37.5,0,64.5,12.1,1016.55,0,1
8/13/2026 17:45,28.825,40.75,0,64.75,11.65,1016.575,0,1
8/13/2026 18:00,28.3,44,0,65,11.2,1016.6,0,1
8/13/2026 18:15,27.75,45.75,0,67.25,11.375,1016.775,0,1
8/13/2026 18:30,27.2,47.5,0,69.5,11.55,1016.95,0,1
8/13/2026 18:45,26.65,49.25,0,71.75,11.725,1017.125,0,1
8/13/2026 19:00,26.1,51,0,74,11.9,1017.3,0,1
8/13/2026 19:15,25.675,52,0,74.75,11.725,1017.4,0,1
8/13/2026 19:30,25.25,53,0,75.5,11.55,1017.5,0,1
8/13/2026 19:45,24.825,54,0,76.25,11.375,1017.6,0,1
8/13/2026 20:00,24.4,55,0,77,11.2,1017.7,0,1
8/13/2026 20:15,24.175,55.25,0,77.5,11.275,1017.775,0,1
8/13/2026 20:30,23.95,55.5,0,78,11.35,1017.85,0,1
8/13/2026 20:45,23.725,55.75,0,78.5,11.425,1017.925,0,1
8/13/2026 21:00,23.5,56,0,79,11.5,1018,0,1
8/13/2026 21:15,23.375,55.75,0,81.25,11.6,1018.025,0,1
8/13/2026 21:30,23.25,55.5,0,83.5,11.7,1018.05,0,1
8/13/2026 21:45,23.125,55.25,0,85.75,11.8,1018.075,0,1
8/13/2026 22:00,23,55,0,88,11.9,1018.1,0,1
8/13/2026 22:15,22.85,55,0,88,11.625,1018.15,0,1
8/13/2026 22:30,22.7,55,0,88,11.35,1018.2,0,1
8/13/2026 22:45,22.55,55,0,88,11.075,1018.25,0,1
8/13/2026 23:00,22.4,55,0,88,10.8,1018.3,0,1
8/13/2026 23:15,22.225,55.75,0,86.25,10.625,1018.25,0,1
8/13/2026 23:30,22.05,56.5,0,84.5,10.45,1018.2,0,1
8/13/2026 23:45,21.875,57.25,0,82.75,10.275,1018.15,0,1
8/14/2026 0:00,21.7,58,0,81,10.1,1018.1,0,1
8/14/2026 0:15,21.075,61,0,85.25,10.1,1018.275,0,1
8/14/2026 0:30,20.45,64,0,89.5,10.1,1018.45,0,1
8/14/2026 0:45,19.825,67,0,93.75,10.1,1018.625,0,1
8/14/2026 5:00,19.2,70,0,98,10.1,1018.8,0,1
8/14/2026 5:15,19.7,68.75,0,96.25,10,1018.825,0.25,1
8/14/2026 5:30,20.2,67.5,0,94.5,9.9,1018.85,0.5,1
8/14/2026 5:45,20.7,66.25,0,92.75,9.8,1018.875,0.75,1
8/14/2026 6:00,21.2,65,0,91,9.7,1018.9,1,1
8/14/2026 6:15,21.775,63.75,0,93.5,9.425,1018.975,1.75,1
8/14/2026 6:30,22.35,62.5,0,96,9.15,1019.05,2.5,1
8/14/2026 6:45,22.925,61.25,0,98.5,8.875,1019.125,3.25,1
8/14/2026 7:00,23.5,60,0,101,8.6,1019.2,4,1
8/14/2026 7:15,24.175,58.5,0,101.25,8.7,1019.225,4.75,1.5
8/14/2026 7:30,24.85,57,0,101.5,8.8,1019.25,5.5,2
8/14/2026 7:45,25.525,55.5,0,101.75,8.9,1019.275,6.25,2.5
8/14/2026 8:00,26.2,54,0,102,9,1019.3,7,3
8/14/2026 8:15,26.5,52.75,0,101.5,8.9,1019.3,6,3
8/14/2026 8:30,26.8,51.5,0,101,8.8,1019.3,5,3
8/14/2026 8:45,27.1,50.25,0,100.5,8.7,1019.3,4,3
8/14/2026 9:00,27.4,49,0,100,8.6,1019.3,3,3
8/14/2026 9:15,27.875,47.75,0,97.5,8.6,1019.3,2.25,2.75
8/14/2026 9:30,28.35,46.5,0,95,8.6,1019.3,1.5,2.5
8/14/2026 9:45,28.825,45.25,0,92.5,8.6,1019.3,0.75,2.25
8/14/2026 10:00,29.3,44,0,90,8.6,1019.3,0,2
8/14/2026 10:15,29.775,43.25,0,91.25,8.7,1019.25,0,1.75
8/14/2026 10:30,30.25,42.5,0,92.5,8.8,1019.2,0,1.5
8/14/2026 10:45,30.725,41.75,0,93.75,8.9,1019.15,0,1.25
8/14/2026 11:00,31.2,41,0,95,9,1019.1,0,1
8/14/2026 11:15,31.275,40.5,0,98.25,9,1019.025,0,1
8/14/2026 11:30,31.35,40,0,101.5,9,1018.95,0,1
8/14/2026 11:45,31.425,39.5,0,104.75,9,1018.875,0,1
8/14/2026 12:00,31.5,39,0,108,9,1018.8,0,1
8/14/2026 12:15,31.675,38.5,0,107.75,8.65,1018.725,0,1
8/14/2026 12:30,31.85,38,0,107.5,8.3,1018.65,0,1
8/14/2026 12:45,32.025,37.5,0,107.25,7.95,1018.575,0,1
8/14/2026 13:00,32.2,37,0,107,7.6,1018.5,0,1
8/14/2026 13:15,32.35,36.5,0,103.75,7.675,1018.425,0,1
8/14/2026 13:30,32.5,36,0,100.5,7.75,1018.35,0,1
8/14/2026 13:45,32.65,35.5,0,97.25,7.825,1018.275,0,1
8/14/2026 14:00,32.8,35,0,94,7.9,1018.2,0,1
8/14/2026 14:15,32.825,35,0,90.75,7.625,1018.175,0,1
8/14/2026 14:30,32.85,35,0,87.5,7.35,1018.15,0,1
8/14/2026 14:45,32.875,35,0,84.25,7.075,1018.125,0,1
8/14/2026 15:00,32.9,35,0,81,6.8,1018.1,0,1
8/14/2026 15:15,32.875,35,0,76.75,7,1018.05,0,1
8/14/2026 15:30,32.85,35,0,72.5,7.2,1018,0,1
8/14/2026 15:45,32.825,35,0,68.25,7.4,1017.95,0,1
8/14/2026 16:00,32.8,35,0,64,7.6,1017.9,0,1
8/14/2026 16:15,32.6,35.75,0,62.5,8.225,1017.925,0.75,1
8/14/2026 16:30,32.4,36.5,0,61,8.85,1017.95,1.5,1
8/14/2026 16:45,32.2,37.25,0,59.5,9.475,1017.975,2.25,1
8/14/2026 17:00,32,38,0,58,10.1,1018,3,1
8/14/2026 17:15,31.55,39.5,0,61,10.175,1018.1,4,1.25
8/14/2026 17:30,31.1,41,0,64,10.25,1018.2,5,1.5
8/14/2026 17:45,30.65,42.5,0,67,10.325,1018.3,6,1.75
8/14/2026 18:00,30.2,44,0,70,10.4,1018.4,7,2
8/14/2026 18:15,29.675,45.75,0,71.5,10.325,1018.5,6.5,2.25
8/14/2026 18:30,29.15,47.5,0,73,10.25,1018.6,6,2.5
8/14/2026 18:45,28.625,49.25,0,74.5,10.175,1018.7,5.5,2.75
8/14/2026 19:00,28.1,51,0,76,10.1,1018.8,5,3
8/14/2026 19:15,27.4,54,0,72.75,9.825,1018.9,5.25,3
8/14/2026 19:30,26.7,57,0,69.5,9.55,1019,5.5,3
8/14/2026 19:45,26,60,0,66.25,9.275,1019.1,5.75,3
8/14/2026 20:00,25.3,63,0,63,9,1019.2,6,3
8/14/2026 20:15,25.15,63.75,0,69.25,9,1019.3,6.25,3
8/14/2026 20:30,25,64.5,0,75.5,9,1019.4,6.5,3
8/14/2026 20:45,24.85,65.25,0,81.75,9,1019.5,6.75,3
8/14/2026 21:00,24.7,66,0,88,9,1019.6,7,3
8/14/2026 21:15,24.825,65,0,94,9.175,1019.65,6,3
8/14/2026 21:30,24.95,64,0,100,9.35,1019.7,5,3
8/14/2026 21:45,25.075,63,0,106,9.525,1019.75,4,3
8/14/2026 22:00,25.2,62,0,112,9.7,1019.8,3,3
8/14/2026 22:15,24.875,62.75,0,114.5,9.7,1019.8,2.75,2.75
8/14/2026 22:30,24.55,63.5,0,117,9.7,1019.8,2.5,2.5
8/14/2026 22:45,24.225,64.25,0,119.5,9.7,1019.8,2.25,2.25
8/14/2026 23:00,23.9,65,0,122,9.7,1019.8,2,2
8/14/2026 23:15,23.75,65.5,0,123.25,9.525,1019.75,2.75,2
8/14/2026 23:30,23.6,66,0,124.5,9.35,1019.7,3.5,2
8/14/2026 23:45,23.45,66.5,0,125.75,9.175,1019.65,4.25,2
8/15/2026 0:00,23.3,67,0,127,9,1019.6,5,2
8/15/2026 0:15,22.7,68.5,0,126.25,8.65,1019.525,5.25,2
8/15/2026 0:30,22.1,70,0,125.5,8.3,1019.45,5.5,2
8/15/2026 0:45,21.5,71.5,0,124.75,7.95,1019.375,5.75,2
8/15/2026 5:00,20.9,73,0,124,7.6,1019.3,6,2
8/15/2026 5:15,21.65,70.5,0,120.5,7.4,1019.375,6.25,2.25
8/15/2026 5:30,22.4,68,0,117,7.2,1019.45,6.5,2.5
8/15/2026 5:45,23.15,65.5,0,113.5,7,1019.525,6.75,2.75
8/15/2026 6:00,23.9,63,0,110,6.8,1019.6,7,3
8/15/2026 6:15,24.1,62,0,111.5,6.175,1019.575,7,3
8/15/2026 6:30,24.3,61,0,113,5.55,1019.55,7,3
8/15/2026 6:45,24.5,60,0,114.5,4.925,1019.525,7,3
8/15/2026 7:00,24.7,59,0,116,4.3,1019.5,7,3
8/15/2026 7:15,25.3,57.5,0,170.25,4.3,1019.55,5.5,3
8/15/2026 7:30,25.9,56,0,224.5,4.3,1019.6,4,3
8/15/2026 7:45,26.5,54.5,0,278.75,4.3,1019.65,2.5,3
8/15/2026 8:00,27.1,53,0,333,4.3,1019.7,1,3
8/15/2026 8:15,27.55,52.5,0,331.5,4.025,1019.625,1.25,2.75
8/15/2026 8:30,28,52,0,330,3.75,1019.55,1.5,2.5
8/15/2026 8:45,28.45,51.5,0,328.5,3.475,1019.475,1.75,2.25
8/15/2026 9:00,28.9,51,0,327,3.2,1019.4,2,2
8/15/2026 9:15,29.525,49.5,0,332.75,3.2,1019.325,1.5,2
8/15/2026 9:30,30.15,48,0,338.5,3.2,1019.25,1,2
8/15/2026 9:45,30.775,46.5,0,344.25,3.2,1019.175,0.5,2
8/15/2026 10:00,31.4,45,0,350,3.2,1019.1,0,2
8/15/2026 10:15,31.825,43.25,0,300.75,3.025,1019.025,0.25,1.75
8/15/2026 10:30,32.25,41.5,0,251.5,2.85,1018.95,0.5,1.5
8/15/2026 10:45,32.675,39.75,0,202.25,2.675,1018.875,0.75,1.25
8/15/2026 11:00,33.1,38,0,153,2.5,1018.8,1,1
8/15/2026 11:15,33.15,37.5,0,179,2.675,1018.7,1.25,1.25
8/15/2026 11:30,33.2,37,0,205,2.85,1018.6,1.5,1.5
8/15/2026 11:45,33.25,36.5,0,231,3.025,1018.5,1.75,1.75
8/15/2026 12:00,33.3,36,0,257,3.2,1018.4,2,2
8/15/2026 12:15,33.55,36,0,266.25,3.75,1018.275,1.75,2
8/15/2026 12:30,33.8,36,0,275.5,4.3,1018.15,1.5,2
8/15/2026 12:45,34.05,36,0,284.75,4.85,1018.025,1.25,2
8/15/2026 13:00,34.3,36,0,294,5.4,1017.9,1,2
8/15/2026 13:15,34.425,35.75,0,295.5,6.85,1017.85,2,2
8/15/2026 13:30,34.55,35.5,0,297,8.3,1017.8,3,2
8/15/2026 13:45,34.675,35.25,0,298.5,9.75,1017.75,4,2
8/15/2026 14:00,34.8,35,0,300,11.2,1017.7,5,2
8/15/2026 14:15,34.425,36.25,0,298.5,11.55,1017.7,5.75,2.25
8/15/2026 14:30,34.05,37.5,0,297,11.9,1017.7,6.5,2.5
8/15/2026 14:45,33.675,38.75,0,295.5,12.25,1017.7,7.25,2.75
8/15/2026 15:00,33.3,40,0,294,12.6,1017.7,8,3
8/15/2026 15:15,33.125,40.25,0,293,12.775,1017.675,8,3
8/15/2026 15:30,32.95,40.5,0,292,12.95,1017.65,8,3
8/15/2026 15:45,32.775,40.75,0,291,13.125,1017.625,8,3
8/15/2026 16:00,32.6,41,0,290,13.3,1017.6,8,3
8/15/2026 16:15,32.225,42.75,0,293.5,13.125,1017.7,7.75,3
8/15/2026 16:30,31.85,44.5,0,297,12.95,1017.8,7.5,3
8/15/2026 16:45,31.475,46.25,0,300.5,12.775,1017.9,7.25,3
8/15/2026 17:00,31.1,48,0,304,12.6,1018,7,3
8/15/2026 17:15,30.65,50,0,305.25,12.25,1018.075,7.25,3
8/15/2026 17:30,30.2,52,0,306.5,11.9,1018.15,7.5,3
8/15/2026 17:45,29.75,54,0,307.75,11.55,1018.225,7.75,3
8/15/2026 18:00,29.3,56,0,309,11.2,1018.3,8,3
8/15/2026 18:15,28.8,56.75,0,310,12.275,1018.35,6.75,3
8/15/2026 18:30,28.3,57.5,0,311,13.35,1018.4,5.5,3
8/15/2026 18:45,27.8,58.25,0,312,14.425,1018.45,4.25,3
8/15/2026 19:00,27.3,59,0,313,15.5,1018.5,3,3
8/15/2026 19:15,26.9,58.75,0,315.75,15.325,1018.7,2.25,2.75
8/15/2026 19:30,26.5,58.5,0,318.5,15.15,1018.9,1.5,2.5
8/15/2026 19:45,26.1,58.25,0,321.25,14.975,1019.1,0.75,2.25
8/15/2026 20:00,25.7,58,0,324,14.8,1019.3,0,2
8/15/2026 20:15,25.3,59.25,0,326.25,13.975,1019.325,0,1.75
8/15/2026 20:30,24.9,60.5,0,328.5,13.15,1019.35,0,1.5
8/15/2026 20:45,24.5,61.75,0,330.75,12.325,1019.375,0,1.25
8/15/2026 21:00,24.1,63,0,333,11.5,1019.4,0,1
8/15/2026 21:15,23.725,64.25,0,330.25,11.05,1019.475,0,1
8/15/2026 21:30,23.35,65.5,0,327.5,10.6,1019.55,0,1
8/15/2026 21:45,22.975,66.75,0,324.75,10.15,1019.625,0,1
8/15/2026 22:00,22.6,68,0,322,9.7,1019.7,0,1
8/15/2026 22:15,22.275,69.25,0,319.25,9.625,1019.725,0,1
8/15/2026 22:30,21.95,70.5,0,316.5,9.55,1019.75,0,1
8/15/2026 22:45,21.625,71.75,0,313.75,9.475,1019.775,0,1
8/15/2026 23:00,21.3,73,0,311,9.4,1019.8,0,1
8/15/2026 23:15,21.15,73.25,0,310.75,9.4,1019.8,0,1
8/15/2026 23:30,21,73.5,0,310.5,9.4,1019.8,0,1
8/15/2026 23:45,20.85,73.75,0,310.25,9.4,1019.8,0,1
8/16/2026 0:00,20.7,74,0,310,9.4,1019.8,0,1
8/16/2026 0:15,20.2,77,0,311.75,10.1,1019.85,1.75,1.5
8/16/2026 0:30,19.7,80,0,313.5,10.8,1019.9,3.5,2
8/16/2026 0:45,19.2,83,0,315.25,11.5,1019.95,5.25,2.5
8/16/2026 5:00,18.7,86,0,317,12.2,1020,7,3
8/16/2026 5:15,18.85,85.25,0,317.25,12.3,1020.05,7.25,3
8/16/2026 5:30,19,84.5,0,317.5,12.4,1020.1,7.5,3
8/16/2026 5:45,19.15,83.75,0,317.75,12.5,1020.15,7.75,3
8/16/2026 6:00,19.3,83,0,318,12.6,1020.2,8,3
8/16/2026 6:15,19.35,82.25,0,315.5,12.325,1020.3,8,3
8/16/2026 6:30,19.4,81.5,0,313,12.05,1020.4,8,3
8/16/2026 6:45,19.45,80.75,0,310.5,11.775,1020.5,8,3
8/16/2026 7:00,19.5,80,0,308,11.5,1020.6,8,3
8/16/2026 7:15,19.625,78.75,0,308,11.6,1020.6,8,3
8/16/2026 7:30,19.75,77.5,0,308,11.7,1020.6,8,3
8/16/2026 7:45,19.875,76.25,0,308,11.8,1020.6,8,3
8/16/2026 8:00,20,75,0,308,11.9,1020.6,8,3
8/16/2026 8:15,20.075,74.25,0,307.75,12.35,1020.6,8,3
8/16/2026 8:30,20.15,73.5,0,307.5,12.8,1020.6,8,3
8/16/2026 8:45,20.225,72.75,0,307.25,13.25,1020.6,8,3
8/16/2026 9:00,20.3,72,0,307,13.7,1020.6,8,3
8/16/2026 9:15,20.425,71.5,0,305.25,13.775,1020.55,6.5,3
8/16/2026 9:30,20.55,71,0,303.5,13.85,1020.5,5,3
8/16/2026 9:45,20.675,70.5,0,301.75,13.925,1020.45,3.5,3
8/16/2026 10:00,20.8,70,0,300,14,1020.4,2,3
8/16/2026 10:15,21.225,68,0,299,14.1,1020.325,2.25,2.75
8/16/2026 10:30,21.65,66,0,298,14.2,1020.25,2.5,2.5
8/16/2026 10:45,22.075,64,0,297,14.3,1020.175,2.75,2.25
8/16/2026 11:00,22.5,62,0,296,14.4,1020.1,3,2
8/16/2026 11:15,22.65,61.5,0,295.5,14.85,1019.975,2.75,2
8/16/2026 11:30,22.8,61,0,295,15.3,1019.85,2.5,2
8/16/2026 11:45,22.95,60.5,0,294.5,15.75,1019.725,2.25,2
8/16/2026 12:00,23.1,60,0,294,16.2,1019.6,2,2
8/16/2026 12:15,23.275,58.75,0,294,16.55,1019.425,2.25,2
8/16/2026 12:30,23.45,57.5,0,294,16.9,1019.25,2.5,2
8/16/2026 12:45,23.625,56.25,0,294,17.25,1019.075,2.75,2
8/16/2026 13:00,23.8,55,0,294,17.6,1018.9,3,2
8/16/2026 13:15,23.9,53.25,0,296.75,17.875,1018.8,2.75,2
8/16/2026 13:30,24,51.5,0,299.5,18.15,1018.7,2.5,2
8/16/2026 13:45,24.1,49.75,0,302.25,18.425,1018.6,2.25,2
8/16/2026 14:00,24.2,48,0,305,18.7,1018.5,2,2
8/16/2026 14:15,24.2,47.75,0,304.5,18.625,1018.475,1.5,2
8/16/2026 14:30,24.2,47.5,0,304,18.55,1018.45,1,2
8/16/2026 14:45,24.2,47.25,0,303.5,18.475,1018.425,0.5,2
8/16/2026 15:00,24.2,47,0,303,18.4,1018.4,0,2
8/16/2026 15:15,24.125,46.5,0,303,18.025,1018.35,0.25,1.75
8/16/2026 15:30,24.05,46,0,303,17.65,1018.3,0.5,1.5
8/16/2026 15:45,23.975,45.5,0,303,17.275,1018.25,0.75,1.25
8/16/2026 16:00,23.9,45,0,303,16.9,1018.2,1,1
8/16/2026 16:15,23.8,44.25,0,304.5,16.45,1018.25,1,1
8/16/2026 16:30,23.7,43.5,0,306,16,1018.3,1,1
8/16/2026 16:45,23.6,42.75,0,307.5,15.55,1018.35,1,1
8/16/2026 17:00,23.5,42,0,309,15.1,1018.4,1,1
8/16/2026 17:15,23.05,42.25,0,313.25,14.575,1018.35,0.75,1
8/16/2026 17:30,22.6,42.5,0,317.5,14.05,1018.3,0.5,1
8/16/2026 17:45,22.15,42.75,0,321.75,13.525,1018.25,0.25,1
8/16/2026 18:00,21.7,43,0,326,13,1018.2,0,1
8/16/2026 18:15,21.325,44.25,0,330.25,12.55,1018.4,0,1
8/16/2026 18:30,20.95,45.5,0,334.5,12.1,1018.6,0,1
8/16/2026 18:45,20.575,46.75,0,338.75,11.65,1018.8,0,1
8/16/2026 19:00,20.2,48,0,343,11.2,1019,0,1
8/16/2026 19:15,19.85,49.75,0,343.5,10.825,1019.05,0,1
8/16/2026 19:30,19.5,51.5,0,344,10.45,1019.1,0,1
8/16/2026 19:45,19.15,53.25,0,344.5,10.075,1019.15,0,1
8/16/2026 20:00,18.8,55,0,345,9.7,1019.2,0,1
8/16/2026 20:15,18.45,56.75,0,345,9.35,1019.225,0,1
8/16/2026 20:30,18.1,58.5,0,345,9,1019.25,0,1
8/16/2026 20:45,17.75,60.25,0,345,8.65,1019.275,0,1
8/16/2026 21:00,17.4,62,0,345,8.3,1019.3,0,1
8/16/2026 21:15,17.175,63,0,339.5,8.125,1019.3,0.75,1
8/16/2026 21:30,16.95,64,0,334,7.95,1019.3,1.5,1
8/16/2026 21:45,16.725,65,0,328.5,7.775,1019.3,2.25,1
8/16/2026 22:00,16.5,66,0,323,7.6,1019.3,3,1
8/16/2026 22:15,16.225,67.5,0,318.75,7.675,1019.325,3,1.5
8/16/2026 22:30,15.95,69,0,314.5,7.75,1019.35,3,2
8/16/2026 22:45,15.675,70.5,0,310.25,7.825,1019.375,3,2.5
8/16/2026 23:00,15.4,72,0,306,7.9,1019.4,3,3
8/16/2026 23:15,15.625,71.25,0,302.25,8.175,1019.375,2.75,2.75
8/16/2026 23:30,15.85,70.5,0,298.5,8.45,1019.35,2.5,2.5
8/16/2026 23:45,16.075,69.75,0,294.75,8.725,1019.325,2.25,2.25
8/17/2026 0:00,16.3,69,0,291,9,1019.3,2,2
8/17/2026 0:15,15.35,73.25,0,289.75,9.35,1019.2,2.75,2.25
8/17/2026 0:30,14.4,77.5,0,288.5,9.7,1019.1,3.5,2.5
8/17/2026 0:45,13.45,81.75,0,287.25,10.05,1019,4.25,2.75
8/17/2026 5:00,12.5,86,0,286,10.4,1018.9,5,3
8/17/2026 5:15,12.875,84.75,0,287,10.4,1018.9,4.5,3
8/17/2026 5:30,13.25,83.5,0,288,10.4,1018.9,4,3
8/17/2026 5:45,13.625,82.25,0,289,10.4,1018.9,3.5,3
8/17/2026 6:00,14,81,0,290,10.4,1018.9,3,3
8/17/2026 6:15,14.325,79.75,0,292.25,10.225,1018.975,3,2.75
8/17/2026 6:30,14.65,78.5,0,294.5,10.05,1019.05,3,2.5
8/17/2026 6:45,14.975,77.25,0,296.75,9.875,1019.125,3,2.25
8/17/2026 7:00,15.3,76,0,299,9.7,1019.2,3,2
8/17/2026 7:15,15.85,75.25,0,298,9.8,1019.125,3.25,2.25
8/17/2026 7:30,16.4,74.5,0,297,9.9,1019.05,3.5,2.5
8/17/2026 7:45,16.95,73.75,0,296,10,1018.975,3.75,2.75
8/17/2026 8:00,17.5,73,0,295,10.1,1018.9,4,3
8/17/2026 8:15,17.7,72,0,295.75,10,1018.925,4.75,3
8/17/2026 8:30,17.9,71,0,296.5,9.9,1018.95,5.5,3
8/17/2026 8:45,18.1,70,0,297.25,9.8,1018.975,6.25,3
8/17/2026 9:00,18.3,69,0,298,9.7,1019,7,3
8/17/2026 9:15,18.375,67.75,0,302.5,9.625,1019.025,6.75,3
8/17/2026 9:30,18.45,66.5,0,307,9.55,1019.05,6.5,3
8/17/2026 9:45,18.525,65.25,0,311.5,9.475,1019.075,6.25,3
8/17/2026 10:00,18.6,64,0,316,9.4,1019.1,6,3
8/17/2026 10:15,19.125,63,0,317.75,9.4,1019.075,6.5,3
8/17/2026 10:30,19.65,62,0,319.5,9.4,1019.05,7,3
8/17/2026 10:45,20.175,61,0,321.25,9.4,1019.025,7.5,3
8/17/2026 11:00,20.7,60,0,323,9.4,1019,8,3
8/17/2026 11:15,20.725,59,0,323,9.475,1018.925,7.75,3
8/17/2026 11:30,20.75,58,0,323,9.55,1018.85,7.5,3
8/17/2026 11:45,20.775,57,0,323,9.625,1018.775,7.25,3
8/17/2026 12:00,20.8,56,0,323,9.7,1018.7,7,3
8/17/2026 12:15,21.175,54.5,0,323.5,9.425,1018.675,7.25,3
8/17/2026 12:30,21.55,53,0,324,9.15,1018.65,7.5,3
8/17/2026 12:45,21.925,51.5,0,324.5,8.875,1018.625,7.75,3
8/17/2026 13:00,22.3,50,0,325,8.6,1018.6,8,3
8/17/2026 13:15,22.425,49,0,324.75,8.525,1018.525,7.5,3
8/17/2026 13:30,22.55,48,0,324.5,8.45,1018.45,7,3
8/17/2026 13:45,22.675,47,0,324.25,8.375,1018.375,6.5,3
8/17/2026 14:00,22.8,46,0,324,8.3,1018.3,6,3
8/17/2026 14:15,22.8,45.25,0,325.25,8.65,1018.175,6,3
8/17/2026 14:30,22.8,44.5,0,326.5,9,1018.05,6,3
8/17/2026 14:45,22.8,43.75,0,327.75,9.35,1017.925,6,3
8/17/2026 15:00,22.8,43,0,329,9.7,1017.8,6,3
8/17/2026 15:15,22.775,43.75,0,332.25,9.975,1017.8,6.25,3
8/17/2026 15:30,22.75,44.5,0,335.5,10.25,1017.8,6.5,3
8/17/2026 15:45,22.725,45.25,0,338.75,10.525,1017.8,6.75,3
8/17/2026 16:00,22.7,46,0,342,10.8,1017.8,7,3
8/17/2026 16:15,22.725,45.75,0,341.5,10.175,1017.825,6.5,3
8/17/2026 16:30,22.75,45.5,0,341,9.55,1017.85,6,3
8/17/2026 16:45,22.775,45.25,0,340.5,8.925,1017.875,5.5,3
8/17/2026 17:00,22.8,45,0,340,8.3,1017.9,5,3
8/17/2026 17:15,22.375,46.5,0,341.25,8.125,1017.975,4.25,3
8/17/2026 17:30,21.95,48,0,342.5,7.95,1018.05,3.5,3
8/17/2026 17:45,21.525,49.5,0,343.75,7.775,1018.125,2.75,3
8/17/2026 18:00,21.1,51,0,345,7.6,1018.2,2,3
8/17/2026 18:15,20.425,53.5,0,267.25,7.95,1018.35,2,2.75
8/17/2026 18:30,19.75,56,0,189.5,8.3,1018.5,2,2.5
8/17/2026 18:45,19.075,58.5,0,111.75,8.65,1018.65,2,2.25
8/17/2026 19:00,18.4,61,0,34,9,1018.8,2,2
8/17/2026 19:15,18.525,60.25,0,36,9.1,1018.975,1.5,2
8/17/2026 19:30,18.65,59.5,0,38,9.2,1019.15,1,2
8/17/2026 19:45,18.775,58.75,0,40,9.3,1019.325,0.5,2
8/17/2026 20:00,18.9,58,0,42,9.4,1019.5,0,2
8/17/2026 20:15,18.65,57.75,0,43,9.125,1019.65,0.75,1.75
8/17/2026 20:30,18.4,57.5,0,44,8.85,1019.8,1.5,1.5
8/17/2026 20:45,18.15,57.25,0,45,8.575,1019.95,2.25,1.25
8/17/2026 21:00,17.9,57,0,46,8.3,1020.1,3,1
8/17/2026 21:15,17.55,58.5,0,49.75,7.575,1020.2,3.75,1.25
8/17/2026 21:30,17.2,60,0,53.5,6.85,1020.3,4.5,1.5
8/17/2026 21:45,16.85,61.5,0,57.25,6.125,1020.4,5.25,1.75
8/17/2026 22:00,16.5,63,0,61,5.4,1020.5,6,2
8/17/2026 22:15,16.15,64.5,0,61,5.3,1020.45,4.5,2.25
8/17/2026 22:30,15.8,66,0,61,5.2,1020.4,3,2.5
8/17/2026 22:45,15.45,67.5,0,61,5.1,1020.35,1.5,2.75
8/17/2026 23:00,15.1,69,0,61,5,1020.3,0,3
8/17/2026 23:15,14.55,72.25,0,55.5,4.825,1020.325,0,2.5
8/17/2026 23:30,14,75.5,0,50,4.65,1020.35,0,2
8/17/2026 23:45,13.45,78.75,0,44.5,4.475,1020.375,0,1.5
8/18/2026 0:00,12.9,82,0,39,4.3,1020.4,0,1
8/18/2026 0:15,12.575,83.75,0,39.75,4.475,1020.525,0,1
8/18/2026 0:30,12.25,85.5,0,40.5,4.65,1020.65,0,1
8/18/2026 0:45,11.925,87.25,0,41.25,4.825,1020.775,0,1
8/18/2026 5:00,11.6,89,0,42,5,1020.9,0,1
8/18/2026 5:15,12.925,84.25,0,38,4.65,1020.95,0,1
8/18/2026 5:30,14.25,79.5,0,34,4.3,1021,0,1
8/18/2026 5:45,15.575,74.75,0,30,3.95,1021.05,0,1
8/18/2026 6:00,16.9,70,0,26,3.6,1021.1,0,1
8/18/2026 6:15,17.2,68.5,0,31,3.775,1021.175,0,1
8/18/2026 6:30,17.5,67,0,36,3.95,1021.25,0,1
8/18/2026 6:45,17.8,65.5,0,41,4.125,1021.325,0,1
8/18/2026 7:00,18.1,64,0,46,4.3,1021.4,0,1
8/18/2026 7:15,18.375,63.25,0,48,4.475,1021.475,0,1
8/18/2026 7:30,18.65,62.5,0,50,4.65,1021.55,0,1
8/18/2026 7:45,18.925,61.75,0,52,4.825,1021.625,0,1
8/18/2026 8:00,19.2,61,0,54,5,1021.7,0,1
8/18/2026 8:15,19.475,59.25,0,63.25,4.925,1021.7,0,1
8/18/2026 8:30,19.75,57.5,0,72.5,4.85,1021.7,0,1
8/18/2026 8:45,20.025,55.75,0,81.75,4.775,1021.7,0,1
8/18/2026 9:00,20.3,54,0,91,4.7,1021.7,0,1
8/18/2026 9:15,20.5,53.25,0,89.75,4.6,1021.725,0,1
8/18/2026 9:30,20.7,52.5,0,88.5,4.5,1021.75,0,1
8/18/2026 9:45,20.9,51.75,0,87.25,4.4,1021.775,0,1
8/18/2026 10:00,21.1,51,0,86,4.3,1021.8,0,1
8/18/2026 10:15,21.45,50.5,0,83,4.475,1021.725,0,1
8/18/2026 10:30,21.8,50,0,80,4.65,1021.65,0,1
8/18/2026 10:45,22.15,49.5,0,77,4.825,1021.575,0,1
8/18/2026 11:00,22.5,49,0,74,5,1021.5,0,1
8/18/2026 11:15,22.65,48.5,0,72.75,5.825,1021.425,1.75,1
8/18/2026 11:30,22.8,48,0,71.5,6.65,1021.35,3.5,1
8/18/2026 11:45,22.95,47.5,0,70.25,7.475,1021.275,5.25,1
8/18/2026 12:00,23.1,47,0,69,8.3,1021.2,7,1
8/18/2026 12:15,23.125,47,0,68.75,8.3,1021.1,6.75,1.5
8/18/2026 12:30,23.15,47,0,68.5,8.3,1021,6.5,2
8/18/2026 12:45,23.175,47,0,68.25,8.3,1020.9,6.25,2.5
8/18/2026 13:00,23.2,47,0,68,8.3,1020.8,6,3
8/18/2026 13:15,23.275,47,0,69.5,8.3,1020.75,5.5,3
8/18/2026 13:30,23.35,47,0,71,8.3,1020.7,5,3
8/18/2026 13:45,23.425,47,0,72.5,8.3,1020.65,4.5,3
8/18/2026 14:00,23.5,47,0,74,8.3,1020.6,4,3
8/18/2026 14:15,23.4,47,0,75,8.375,1020.45,3.5,3
8/18/2026 14:30,23.3,47,0,76,8.45,1020.3,3,3
8/18/2026 14:45,23.2,47,0,77,8.525,1020.15,2.5,3
8/18/2026 15:00,23.1,47,0,78,8.6,1020,2,3
8/18/2026 15:15,23.2,46.5,0,80.75,8.6,1019.9,2.5,2.75
8/18/2026 15:30,23.3,46,0,83.5,8.6,1019.8,3,2.5
8/18/2026 15:45,23.4,45.5,0,86.25,8.6,1019.7,3.5,2.25
8/18/2026 16:00,23.5,45,0,89,8.6,1019.6,4,2
8/18/2026 16:15,23.45,45.5,0,95,8.7,1019.55,3.25,2.25
8/18/2026 16:30,23.4,46,0,101,8.8,1019.5,2.5,2.5
8/18/2026 16:45,23.35,46.5,0,107,8.9,1019.45,1.75,2.75
8/18/2026 17:00,23.3,47,0,113,9,1019.4,1,3
8/18/2026 17:15,23.05,48,0,116.25,8.725,1019.4,0.75,2.5
8/18/2026 17:30,22.8,49,0,119.5,8.45,1019.4,0.5,2
8/18/2026 17:45,22.55,50,0,122.75,8.175,1019.4,0.25,1.5
8/18/2026 18:00,22.3,51,0,126,7.9,1019.4,0,1
8/18/2026 18:15,21.55,54,0,122,8.075,1019.5,0,1
8/18/2026 18:30,20.8,57,0,118,8.25,1019.6,0,1
8/18/2026 18:45,20.05,60,0,114,8.425,1019.7,0,1
8/18/2026 19:00,19.3,63,0,110,8.6,1019.8,0,1
8/18/2026 19:15,18.875,65,0,112.25,8.425,1019.825,0,1
8/18/2026 19:30,18.45,67,0,114.5,8.25,1019.85,0,1
8/18/2026 19:45,18.025,69,0,116.75,8.075,1019.875,0,1
8/18/2026 20:00,17.6,71,0,119,7.9,1019.9,0,1
8/18/2026 20:15,17.45,72.25,0,122.5,7.55,1019.85,0,1
8/18/2026 20:30,17.3,73.5,0,126,7.2,1019.8,0,1
8/18/2026 20:45,17.15,74.75,0,129.5,6.85,1019.75,0,1
8/18/2026 21:00,17,76,0,133,6.5,1019.7,0,1
8/18/2026 21:15,16.85,76.75,0,138,6.225,1019.625,0,1
8/18/2026 21:30,16.7,77.5,0,143,5.95,1019.55,0,1
8/18/2026 21:45,16.55,78.25,0,148,5.675,1019.475,0,1
8/18/2026 22:00,16.4,79,0,153,5.4,1019.4,0,1
8/18/2026 22:15,16.15,80.25,0,158.5,5.4,1019.3,0,1
8/18/2026 22:30,15.9,81.5,0,164,5.4,1019.2,0,1
8/18/2026 22:45,15.65,82.75,0,169.5,5.4,1019.1,0,1
8/18/2026 23:00,15.4,84,0,175,5.4,1019,0,1
8/18/2026 23:15,15.225,84.5,0,176.25,5.4,1019,0,1
8/18/2026 23:30,15.05,85,0,177.5,5.4,1019,0,1
8/18/2026 23:45,14.875,85.5,0,178.75,5.4,1019,0,1
8/19/2026 0:00,14.7,86,0,180,5.4,1019,0,1
8/19/2026 0:15,14.45,87.5,0,178.25,5.225,1018.6,0,1
8/19/2026 0:30,14.2,89,0,176.5,5.05,1018.2,0,1
8/19/2026 0:45,13.95,90.5,0,174.75,4.875,1017.8,0,1
8/19/2026 5:00,13.7,92,0,173,4.7,1017.4,0,1
8/19/2026 5:15,14.775,87.5,0,164.25,4.525,1017.425,0,1
8/19/2026 5:30,15.85,83,0,155.5,4.35,1017.45,0,1
8/19/2026 5:45,16.925,78.5,0,146.75,4.175,1017.475,0,1
8/19/2026 6:00,18,74,0,138,4,1017.5,0,1
8/19/2026 6:15,18.65,70.25,0,144.75,3.9,1017.425,0,1
8/19/2026 6:30,19.3,66.5,0,151.5,3.8,1017.35,0,1
8/19/2026 6:45,19.95,62.75,0,158.25,3.7,1017.275,0,1
8/19/2026 7:00,20.6,59,0,165,3.6,1017.2,0,1
8/19/2026 7:15,20.95,57.25,0,166.25,4.15,1017.1,0,1
8/19/2026 7:30,21.3,55.5,0,167.5,4.7,1017,0,1
8/19/2026 7:45,21.65,53.75,0,168.75,5.25,1016.9,0,1
8/19/2026 8:00,22,52,0,170,5.8,1016.8,0,1
8/19/2026 8:15,22.2,51.25,0,169,5.975,1016.75,0,1
8/19/2026 8:30,22.4,50.5,0,168,6.15,1016.7,0,1
8/19/2026 8:45,22.6,49.75,0,167,6.325,1016.65,0,1
8/19/2026 9:00,22.8,49,0,166,6.5,1016.6,0,1
8/19/2026 9:15,23.025,48.25,0,168,6.5,1016.425,0,1
8/19/2026 9:30,23.25,47.5,0,170,6.5,1016.25,0,1
8/19/2026 9:45,23.475,46.75,0,172,6.5,1016.075,0,1
8/19/2026 10:00,23.7,46,0,174,6.5,1015.9,0,1
8/19/2026 10:15,23.85,45.75,0,176,6.4,1015.7,0,1
8/19/2026 10:30,24,45.5,0,178,6.3,1015.5,0,1
8/19/2026 10:45,24.15,45.25,0,180,6.2,1015.3,0,1
8/19/2026 11:00,24.3,45,0,182,6.1,1015.1,0,1
8/19/2026 11:15,24.575,44,0,183.25,6.1,1014.95,0,1
8/19/2026 11:30,24.85,43,0,184.5,6.1,1014.8,0,1
8/19/2026 11:45,25.125,42,0,185.75,6.1,1014.65,0,1
8/19/2026 12:00,25.4,41,0,187,6.1,1014.5,0,1
8/19/2026 12:15,25.625,40.5,0,187,6.025,1014.325,0,1
8/19/2026 12:30,25.85,40,0,187,5.95,1014.15,0,1
8/19/2026 12:45,26.075,39.5,0,187,5.875,1013.975,0,1
8/19/2026 13:00,26.3,39,0,187,5.8,1013.8,0,1
8/19/2026 13:15,26.45,39.25,0,185.75,5.7,1013.6,0,1
8/19/2026 13:30,26.6,39.5,0,184.5,5.6,1013.4,0,1
8/19/2026 13:45,26.75,39.75,0,183.25,5.5,1013.2,0,1
8/19/2026 14:00,26.9,40,0,182,5.4,1013,0,1
8/19/2026 14:15,26.95,39.25,0,188.25,5.4,1012.85,0,1
8/19/2026 14:30,27,38.5,0,194.5,5.4,1012.7,0,1
8/19/2026 14:45,27.05,37.75,0,200.75,5.4,1012.55,0,1
8/19/2026 15:00,27.1,37,0,207,5.4,1012.4,0,1
8/19/2026 15:15,26.975,37,0,212.75,5.575,1012.3,0,1
8/19/2026 15:30,26.85,37,0,218.5,5.75,1012.2,0,1
8/19/2026 15:45,26.725,37,0,224.25,5.925,1012.1,0,1
8/19/2026 16:00,26.6,37,0,230,6.1,1012,0,1
8/19/2026 16:15,26.675,36.5,0,238,6.275,1011.85,0,1
8/19/2026 16:30,26.75,36,0,246,6.45,1011.7,0,1
8/19/2026 16:45,26.825,35.5,0,254,6.625,1011.55,0,1
8/19/2026 17:00,26.9,35,0,262,6.8,1011.4,0,1
8/19/2026 17:15,26.225,37.75,0,267.75,6.625,1011.45,0,1
8/19/2026 17:30,25.55,40.5,0,273.5,6.45,1011.5,0,1
8/19/2026 17:45,24.875,43.25,0,279.25,6.275,1011.55,0,1
8/19/2026 18:00,24.2,46,0,285,6.1,1011.6,0,1
8/19/2026 18:15,23.4,48.5,0,290.25,5.825,1011.55,0,1
8/19/2026 18:30,22.6,51,0,295.5,5.55,1011.5,0,1
8/19/2026 18:45,21.8,53.5,0,300.75,5.275,1011.45,0,1
8/19/2026 19:00,21,56,0,306,5,1011.4,0,1
8/19/2026 19:15,20.5,59,0,317,5,1011.325,0,1
8/19/2026 19:30,20,62,0,328,5,1011.25,0,1
8/19/2026 19:45,19.5,65,0,339,5,1011.175,0,1
8/19/2026 20:00,19,68,0,350,5,1011.1,0,1
8/19/2026 20:15,18.75,69.5,0,271.75,4.375,1010.975,0,1
8/19/2026 20:30,18.5,71,0,193.5,3.75,1010.85,0,1
8/19/2026 20:45,18.25,72.5,0,115.25,3.125,1010.725,0,1
8/19/2026 21:00,18,74,0,37,2.5,1010.6,0,1
8/19/2026 21:15,17.725,75.25,0,70.25,2.875,1010.525,0,1
8/19/2026 21:30,17.45,76.5,0,103.5,3.25,1010.45,0,1
8/19/2026 21:45,17.175,77.75,0,136.75,3.625,1010.375,0,1
8/19/2026 22:00,16.9,79,0,170,4,1010.3,0,1
8/19/2026 22:15,17.225,76.75,0,181.5,4.625,1010.225,0,1
8/19/2026 22:30,17.55,74.5,0,193,5.25,1010.15,0,1
8/19/2026 22:45,17.875,72.25,0,204.5,5.875,1010.075,0,1
8/19/2026 23:00,18.2,70,0,216,6.5,1010,0,1
8/19/2026 23:15,18.1,71.25,0,240.5,7.3,1010.075,0,1
8/19/2026 23:30,18,72.5,0,265,8.1,1010.15,0,1
8/19/2026 23:45,17.9,73.75,0,289.5,8.9,1010.225,0,1
8/20/2026 0:00,17.8,75,0,314,9.7,1010.3,0,1
8/20/2026 0:15,17.175,79.25,0,315,9.425,1010.15,0,1.5
8/20/2026 0:30,16.55,83.5,0,316,9.15,1010,0,2
8/20/2026 0:45,15.925,87.75,0,317,8.875,1009.85,0,2.5
8/20/2026 5:00,15.3,92,0,318,8.6,1009.7,0,3
8/20/2026 5:15,15.55,91.25,0,319.25,8.6,1009.85,0,2.5
8/20/2026 5:30,15.8,90.5,0,320.5,8.6,1010,0,2
8/20/2026 5:45,16.05,89.75,0,321.75,8.6,1010.15,0,1.5
8/20/2026 6:00,16.3,89,0,323,8.6,1010.3,0,1
8/20/2026 6:15,16.575,87.5,0,325.75,8.975,1010.225,0.5,1
8/20/2026 6:30,16.85,86,0,328.5,9.35,1010.15,1,1
8/20/2026 6:45,17.125,84.5,0,331.25,9.725,1010.075,1.5,1
8/20/2026 7:00,17.4,83,0,334,10.1,1010,2,1
8/20/2026 7:15,17.4,82.5,0,333,10,1010.05,2.25,1.25
8/20/2026 7:30,17.4,82,0,332,9.9,1010.1,2.5,1.5
8/20/2026 7:45,17.4,81.5,0,331,9.8,1010.15,2.75,1.75
8/20/2026 8:00,17.4,81,0,330,9.7,1010.2,3,2
8/20/2026 8:15,17.65,80.5,0,329.75,9.7,1010.225,3.5,2.25
8/20/2026 8:30,17.9,80,0,329.5,9.7,1010.25,4,2.5
8/20/2026 8:45,18.15,79.5,0,329.25,9.7,1010.275,4.5,2.75
8/20/2026 9:00,18.4,79,0,329,9.7,1010.3,5,3
8/20/2026 9:15,18.8,76,0,330,9.625,1010.175,5.25,3
8/20/2026 9:30,19.2,73,0,331,9.55,1010.05,5.5,3
8/20/2026 9:45,19.6,70,0,332,9.475,1009.925,5.75,3
8/20/2026 10:00,20,67,0,333,9.4,1009.8,6,3
8/20/2026 10:15,20.6,65.25,0,334.75,8.95,1009.775,5.25,3
8/20/2026 10:30,21.2,63.5,0,336.5,8.5,1009.75,4.5,3
8/20/2026 10:45,21.8,61.75,0,338.25,8.05,1009.725,3.75,3
8/20/2026 11:00,22.4,60,0,340,7.6,1009.7,3,3
8/20/2026 11:15,22.825,57,0,343.25,7.6,1009.675,3.5,2.75
8/20/2026 11:30,23.25,54,0,346.5,7.6,1009.65,4,2.5
8/20/2026 11:45,23.675,51,0,349.75,7.6,1009.625,4.5,2.25
8/20/2026 12:00,24.1,48,0,353,7.6,1009.6,5,2
8/20/2026 12:15,24.075,49,0,354.5,7.85,1009.525,5,2.25
8/20/2026 12:30,24.05,50,0,356,8.1,1009.45,5,2.5
8/20/2026 12:45,24.025,51,0,357.5,8.35,1009.375,5,2.75
8/20/2026 13:00,24,52,0,359,8.6,1009.3,5,3
8/20/2026 13:15,24,52.25,0,271.75,9.6,1009.275,5.25,3
8/20/2026 13:30,24,52.5,0,184.5,10.6,1009.25,5.5,3
8/20/2026 13:45,24,52.75,0,97.25,11.6,1009.225,5.75,3
8/20/2026 14:00,24,53,0,10,12.6,1009.2,6,3
8/20/2026 14:15,23.675,53,0,11.5,13.225,1009.175,5.75,3
8/20/2026 14:30,23.35,53,0,13,13.85,1009.15,5.5,3
8/20/2026 14:45,23.025,53,0,14.5,14.475,1009.125,5.25,3
8/20/2026 15:00,22.7,53,0,16,15.1,1009.1,5,3
8/20/2026 15:15,22.725,52.25,0,19.5,15.375,1009.25,4.5,3
8/20/2026 15:30,22.75,51.5,0,23,15.65,1009.4,4,3
8/20/2026 15:45,22.775,50.75,0,26.5,15.925,1009.55,3.5,3
8/20/2026 16:00,22.8,50,0,30,16.2,1009.7,3,3
8/20/2026 16:15,22.55,51,0,31.75,16.025,1009.75,2.75,3
8/20/2026 16:30,22.3,52,0,33.5,15.85,1009.8,2.5,3
8/20/2026 16:45,22.05,53,0,35.25,15.675,1009.85,2.25,3
8/20/2026 17:00,21.8,54,0,37,15.5,1009.9,2,3
8/20/2026 17:15,21.475,54.25,0,35.25,15.225,1010,2,2.75
8/20/2026 17:30,21.15,54.5,0,33.5,14.95,1010.1,2,2.5
8/20/2026 17:45,20.825,54.75,0,31.75,14.675,1010.2,2,2.25
8/20/2026 18:00,20.5,55,0,30,14.4,1010.3,2,2
8/20/2026 18:15,20.075,54.5,0,27.75,14.75,1010.45,1.5,2
8/20/2026 18:30,19.65,54,0,25.5,15.1,1010.6,1,2
8/20/2026 18:45,19.225,53.5,0,23.25,15.45,1010.75,0.5,2
8/20/2026 19:00,18.8,53,0,21,15.8,1010.9,0,2
8/20/2026 19:15,18.4,54,0,23.25,15.45,1010.925,0,1.75
8/20/2026 19:30,18,55,0,25.5,15.1,1010.95,0,1.5
8/20/2026 19:45,17.6,56,0,27.75,14.75,1010.975,0,1.25
8/20/2026 20:00,17.2,57,0,30,14.4,1011,0,1
8/20/2026 20:15,17,57.5,0,30.75,13.85,1011.125,0,1
8/20/2026 20:30,16.8,58,0,31.5,13.3,1011.25,0,1
8/20/2026 20:45,16.6,58.5,0,32.25,12.75,1011.375,0,1
8/20/2026 21:00,16.4,59,0,33,12.2,1011.5,0,1
8/20/2026 21:15,16.175,60,0,32.75,11.95,1011.575,0.25,1
8/20/2026 21:30,15.95,61,0,32.5,11.7,1011.65,0.5,1
8/20/2026 21:45,15.725,62,0,32.25,11.45,1011.725,0.75,1
8/20/2026 22:00,15.5,63,0,32,11.2,1011.8,1,1
8/20/2026 22:15,15.35,64,0,32.75,11.1,1011.75,1,1
8/20/2026 22:30,15.2,65,0,33.5,11,1011.7,1,1
8/20/2026 22:45,15.05,66,0,34.25,10.9,1011.65,1,1
8/20/2026 23:00,14.9,67,0,35,10.8,1011.6,1,1
8/20/2026 23:15,14.675,68,0,35.5,10.625,1011.525,1,1.25
8/20/2026 23:30,14.45,69,0,36,10.45,1011.45,1,1.5
8/20/2026 23:45,14.225,70,0,36.5,10.275,1011.375,1,1.75
8/21/2026 0:00,14,71,0,37,10.1,1011.3,1,2
8/21/2026 0:15,13.4,74,0,35.5,9.475,1011.05,1,1.75
8/21/2026 0:30,12.8,77,0,34,8.85,1010.8,1,1.5
8/21/2026 0:45,12.2,80,0,32.5,8.225,1010.55,1,1.25
8/21/2026 5:00,11.6,83,0,31,7.6,1010.3,1,1
8/21/2026 5:15,12.175,81,0,33,7.15,1010.325,0.75,1
8/21/2026 5:30,12.75,79,0,35,6.7,1010.35,0.5,1
8/21/2026 5:45,13.325,77,0,37,6.25,1010.375,0.25,1
8/21/2026 6:00,13.9,75,0,39,5.8,1010.4,0,1
8/21/2026 6:15,14.625,73,0,47.5,5.7,1010.325,0,1
8/21/2026 6:30,15.35,71,0,56,5.6,1010.25,0,1
8/21/2026 6:45,16.075,69,0,64.5,5.5,1010.175,0,1
8/21/2026 7:00,16.8,67,0,73,5.4,1010.1,0,1
8/21/2026 7:15,16.95,67,0,77.5,5.05,1010.05,0,1
8/21/2026 7:30,17.1,67,0,82,4.7,1010,0,1
8/21/2026 7:45,17.25,67,0,86.5,4.35,1009.95,0,1
8/21/2026 8:00,17.4,67,0,91,4,1009.9,0,1
8/21/2026 8:15,17.95,65.5,0,78,3.35,1009.9,0,1
8/21/2026 8:30,18.5,64,0,65,2.7,1009.9,0,1
8/21/2026 8:45,19.05,62.5,0,52,2.05,1009.9,0,1
8/21/2026 9:00,19.6,61,0,39,1.4,1009.9,0,1
8/21/2026 9:15,20.025,60,0,113.25,1.85,1009.825,0,1
8/21/2026 9:30,20.45,59,0,187.5,2.3,1009.75,0,1
8/21/2026 9:45,20.875,58,0,261.75,2.75,1009.675,0,1
8/21/2026 10:00,21.3,57,0,336,3.2,1009.6,0,1
8/21/2026 10:15,21.65,54,0,328.75,3.65,1009.5,0.25,1
8/21/2026 10:30,22,51,0,321.5,4.1,1009.4,0.5,1
8/21/2026 10:45,22.35,48,0,314.25,4.55,1009.3,0.75,1
8/21/2026 11:00,22.7,45,0,307,5,1009.2,1,1
8/21/2026 11:15,22.65,45,0,309,5.45,1009.125,0.75,1
8/21/2026 11:30,22.6,45,0,311,5.9,1009.05,0.5,1
8/21/2026 11:45,22.55,45,0,313,6.35,1008.975,0.25,1
8/21/2026 12:00,22.5,45,0,315,6.8,1008.9,0,1
8/21/2026 12:15,22.65,42.75,0,315.25,7.075,1008.875,0,1
8/21/2026 12:30,22.8,40.5,0,315.5,7.35,1008.85,0,1
8/21/2026 12:45,22.95,38.25,0,315.75,7.625,1008.825,0,1
8/21/2026 13:00,23.1,36,0,316,7.9,1008.8,0,1
8/21/2026 13:15,23.25,35,0,317.5,8.35,1008.75,0,1
8/21/2026 13:30,23.4,34,0,319,8.8,1008.7,0,1
8/21/2026 13:45,23.55,33,0,320.5,9.25,1008.65,0,1
8/21/2026 14:00,23.7,32,0,322,9.7,1008.6,0,1
8/21/2026 14:15,23.7,31.25,0,321.75,9.975,1008.55,0,1
8/21/2026 14:30,23.7,30.5,0,321.5,10.25,1008.5,0,1
8/21/2026 14:45,23.7,29.75,0,321.25,10.525,1008.45,0,1
8/21/2026 15:00,23.7,29,0,321,10.8,1008.4,0,1
8/21/2026 15:15,23.5,30,0,322.25,11.425,1008.375,0,1
8/21/2026 15:30,23.3,31,0,323.5,12.05,1008.35,0,1
8/21/2026 15:45,23.1,32,0,324.75,12.675,1008.325,0,1
8/21/2026 16:00,22.9,33,0,326,13.3,1008.3,0,1
8/21/2026 16:15,22.675,34,0,326,13.4,1008.35,0,1
8/21/2026 16:30,22.45,35,0,326,13.5,1008.4,0,1
8/21/2026 16:45,22.225,36,0,326,13.6,1008.45,0,1
8/21/2026 17:00,22,37,0,326,13.7,1008.5,0,1
8/21/2026 17:15,21.575,37.5,0,327,13.075,1008.625,0,1
8/21/2026 17:30,21.15,38,0,328,12.45,1008.75,0,1
8/21/2026 17:45,20.725,38.5,0,329,11.825,1008.875,0,1
8/21/2026 18:00,20.3,39,0,330,11.2,1009,0,1
8/21/2026 18:15,19.975,40.5,0,332.5,12.55,1009.225,0,1
8/21/2026 18:30,19.65,42,0,335,13.9,1009.45,0,1
8/21/2026 18:45,19.325,43.5,0,337.5,15.25,1009.675,0,1
8/21/2026 19:00,19,45,0,340,16.6,1009.9,0,1
8/21/2026 19:15,18.6,48.25,0,344.5,16.95,1010.1,0,1
8/21/2026 19:30,18.2,51.5,0,349,17.3,1010.3,0,1
8/21/2026 19:45,17.8,54.75,0,353.5,17.65,1010.5,0,1
8/21/2026 20:00,17.4,58,0,358,18,1010.7,0,1
8/21/2026 20:15,17.125,59,0,358,16.75,1010.825,0,1
8/21/2026 20:30,16.85,60,0,358,15.5,1010.95,0,1
8/21/2026 20:45,16.575,61,0,358,14.25,1011.075,0,1
8/21/2026 21:00,16.3,62,0,358,13,1011.2,0,1
8/21/2026 21:15,15.975,63,0,354,12.35,1011.275,0,1
8/21/2026 21:30,15.65,64,0,350,11.7,1011.35,0,1
8/21/2026 21:45,15.325,65,0,346,11.05,1011.425,0,1
8/21/2026 22:00,15,66,0,342,10.4,1011.5,0,1
8/21/2026 22:15,14.7,67.5,0,337.5,10.05,1011.6,0,1
8/21/2026 22:30,14.4,69,0,333,9.7,1011.7,0,1
8/21/2026 22:45,14.1,70.5,0,328.5,9.35,1011.8,0,1
8/21/2026 23:00,13.8,72,0,324,9,1011.9,0,1
8/21/2026 23:15,13.425,73.5,0,320,8.825,1011.925,0,1
8/21/2026 23:30,13.05,75,0,316,8.65,1011.95,0,1
8/21/2026 23:45,12.675,76.5,0,312,8.475,1011.975,0,1
8/22/2026 0:00,12.3,78,0,308,8.3,1012,0,1
8/22/2026 0:15,12.125,79,0,301.5,9.025,1012.175,0,1
8/22/2026 0:30,11.95,80,0,295,9.75,1012.35,0,1
8/22/2026 0:45,11.775,81,0,288.5,10.475,1012.525,0,1
8/22/2026 5:00,11.6,82,0,282,11.2,1012.7,0,1
8/22/2026 5:15,11.7,82,0,282,11.275,1012.75,0.25,1
8/22/2026 5:30,11.8,82,0,282,11.35,1012.8,0.5,1
8/22/2026 5:45,11.9,82,0,282,11.425,1012.85,0.75,1
8/22/2026 6:00,12,82,0,282,11.5,1012.9,1,1
8/22/2026 6:15,12.175,81.5,0,282,11.6,1012.95,1.25,1
8/22/2026 6:30,12.35,81,0,282,11.7,1013,1.5,1
8/22/2026 6:45,12.525,80.5,0,282,11.8,1013.05,1.75,1
8/22/2026 7:00,12.7,80,0,282,11.9,1013.1,2,1
8/22/2026 7:15,13.175,78.25,0,282,12.075,1013.175,1.75,1.25
8/22/2026 7:30,13.65,76.5,0,282,12.25,1013.25,1.5,1.5
8/22/2026 7:45,14.125,74.75,0,282,12.425,1013.325,1.25,1.75
8/22/2026 8:00,14.6,73,0,282,12.6,1013.4,1,2
8/22/2026 8:15,15.175,71.5,0,285,13.6,1013.45,2.25,5.75
8/22/2026 8:30,15.75,70,0,288,14.6,1013.5,3.5,9.5
8/22/2026 8:45,16.325,68.5,0,291,15.6,1013.55,4.75,13.25
8/22/2026 9:00,16.9,67,0,294,16.6,1013.6,6,17
8/22/2026 9:15,17.175,63.25,0,292.75,16.95,1013.625,5,13.5
8/22/2026 9:30,17.45,59.5,0,291.5,17.3,1013.65,4,10
8/22/2026 9:45,17.725,55.75,0,290.25,17.65,1013.675,3,6.5
8/22/2026 10:00,18,52,0,289,18,1013.7,2,3
8/22/2026 10:15,18.15,50.5,0,288.5,18.35,1013.675,2.25,2.75
8/22/2026 10:30,18.3,49,0,288,18.7,1013.65,2.5,2.5
8/22/2026 10:45,18.45,47.5,0,287.5,19.05,1013.625,2.75,2.25
8/22/2026 11:00,18.6,46,0,287,19.4,1013.6,3,2
8/22/2026 11:15,18.45,46,0,288.25,20.125,1013.575,3.75,2.25
8/22/2026 11:30,18.3,46,0,289.5,20.85,1013.55,4.5,2.5
8/22/2026 11:45,18.15,46,0,290.75,21.575,1013.525,5.25,2.75
8/22/2026 12:00,18,46,0,292,22.3,1013.5,6,3
8/22/2026 12:15,17.975,46.25,0,292.75,22.85,1013.525,6,3
8/22/2026 12:30,17.95,46.5,0,293.5,23.4,1013.55,6,3
8/22/2026 12:45,17.925,46.75,0,294.25,23.95,1013.575,6,3
8/22/2026 13:00,17.9,47,0,295,24.5,1013.6,6,3
8/22/2026 13:15,18.025,47.25,0,294.5,23.5,1013.55,6.5,3
8/22/2026 13:30,18.15,47.5,0,294,22.5,1013.5,7,3
8/22/2026 13:45,18.275,47.75,0,293.5,21.5,1013.45,7.5,3
8/22/2026 14:00,18.4,48,0,293,20.5,1013.4,8,3
8/22/2026 14:15,18.325,48,0,292.75,20.5,1013.375,7.75,3
8/22/2026 14:30,18.25,48,0,292.5,20.5,1013.35,7.5,3
8/22/2026 14:45,18.175,48,0,292.25,20.5,1013.325,7.25,3
8/22/2026 15:00,18.1,48,0,292,20.5,1013.3,7,3
8/22/2026 15:15,18.1,49,0,292,20.675,1013.275,6.75,3
8/22/2026 15:30,18.1,50,0,292,20.85,1013.25,6.5,3
8/22/2026 15:45,18.1,51,0,292,21.025,1013.225,6.25,3
8/22/2026 16:00,18.1,52,0,292,21.2,1013.2,6,3
8/22/2026 16:15,17.9,52.75,0,292.5,20.75,1013.2,5.75,3
8/22/2026 16:30,17.7,53.5,0,293,20.3,1013.2,5.5,3
8/22/2026 16:45,17.5,54.25,0,293.5,19.85,1013.2,5.25,3
8/22/2026 17:00,17.3,55,0,294,19.4,1013.2,5,3
8/22/2026 17:15,17.15,55.75,0,292,18.25,1013.25,5.5,3
8/22/2026 17:30,17,56.5,0,290,17.1,1013.3,6,3
8/22/2026 17:45,16.85,57.25,0,288,15.95,1013.35,6.5,3
8/22/2026 18:00,16.7,58,0,286,14.8,1013.4,7,3
8/22/2026 18:15,16.6,58.5,0,285,14.35,1013.5,6.75,3
8/22/2026 18:30,16.5,59,0,284,13.9,1013.6,6.5,3
8/22/2026 18:45,16.4,59.5,0,283,13.45,1013.7,6.25,3
8/22/2026 19:00,16.3,60,0,282,13,1013.8,6,3
8/22/2026 19:15,16.15,60,0,282.5,13.075,1013.85,5,3
8/22/2026 19:30,16,60,0,283,13.15,1013.9,4,3
8/22/2026 19:45,15.85,60,0,283.5,13.225,1013.95,3,3
8/22/2026 20:00,15.7,60,0,284,13.3,1014,2,3
8/22/2026 20:15,15.625,60.5,0,283.75,13.575,1013.95,2.25,2.75
8/22/2026 20:30,15.55,61,0,283.5,13.85,1013.9,2.5,2.5
8/22/2026 20:45,15.475,61.5,0,283.25,14.125,1013.85,2.75,2.25
8/22/2026 21:00,15.4,62,0,283,14.4,1013.8,3,2
8/22/2026 21:15,15.275,62.75,0,283.25,14.675,1013.8,2.5,2
8/22/2026 21:30,15.15,63.5,0,283.5,14.95,1013.8,2,2
8/22/2026 21:45,15.025,64.25,0,283.75,15.225,1013.8,1.5,2
8/22/2026 22:00,14.9,65,0,284,15.5,1013.8,1,2
8/22/2026 22:15,14.775,65.75,0,283,15.325,1013.85,1,1.75
8/22/2026 22:30,14.65,66.5,0,282,15.15,1013.9,1,1.5
8/22/2026 22:45,14.525,67.25,0,281,14.975,1013.95,1,1.25
8/22/2026 23:00,14.4,68,0,280,14.8,1014,1,1
8/22/2026 23:15,14.4,68,0,280.25,14.875,1013.975,1.25,1.25
8/22/2026 23:30,14.4,68,0,280.5,14.95,1013.95,1.5,1.5
8/22/2026 23:45,14.4,68,0,280.75,15.025,1013.925,1.75,1.75
8/23/2026 0:00,14.4,68,0,281,15.1,1013.9,2,2
8/23/2026 0:15,14.05,69,0,278.75,15.1,1013.725,3.25,2.25
8/23/2026 0:30,13.7,70,0,276.5,15.1,1013.55,4.5,2.5
8/23/2026 0:45,13.35,71,0,274.25,15.1,1013.375,5.75,2.75
8/23/2026 5:00,13,72,0,272,15.1,1013.2,7,3
8/23/2026 5:15,13.025,72.75,0,272.75,16.175,1013.225,6.25,3
8/23/2026 5:30,13.05,73.5,0,273.5,17.25,1013.25,5.5,3
8/23/2026 5:45,13.075,74.25,0,274.25,18.325,1013.275,4.75,3
8/23/2026 6:00,13.1,75,0,275,19.4,1013.3,4,3
8/23/2026 6:15,13.25,74,0,275,19.325,1013.275,4.75,3
8/23/2026 6:30,13.4,73,0,275,19.25,1013.25,5.5,3
8/23/2026 6:45,13.55,72,0,275,19.175,1013.225,6.25,3
8/23/2026 7:00,13.7,71,0,275,19.1,1013.2,7,3
8/23/2026 7:15,13.8,69.5,0,274.5,19.375,1013.225,7,3
8/23/2026 7:30,13.9,68,0,274,19.65,1013.25,7,3
8/23/2026 7:45,14,66.5,0,273.5,19.925,1013.275,7,3
8/23/2026 8:00,14.1,65,0,273,20.2,1013.3,7,3
8/23/2026 8:15,14.3,65,0,275.25,20.55,1013.275,5.75,3
8/23/2026 8:30,14.5,65,0,277.5,20.9,1013.25,4.5,3
8/23/2026 8:45,14.7,65,0,279.75,21.25,1013.225,3.25,3
8/23/2026 9:00,14.9,65,0,282,21.6,1013.2,2,3
8/23/2026 9:15,15.15,62.5,0,279.75,21.5,1013.075,2,2.75
8/23/2026 9:30,15.4,60,0,277.5,21.4,1012.95,2,2.5
8/23/2026 9:45,15.65,57.5,0,275.25,21.3,1012.825,2,2.25
8/23/2026 10:00,15.9,55,0,273,21.2,1012.7,2,2
8/23/2026 10:15,15.825,56.25,0,276.75,22.1,1012.6,3.5,5.75
8/23/2026 10:30,15.75,57.5,0,280.5,23,1012.5,5,9.5
8/23/2026 10:45,15.675,58.75,0,284.25,23.9,1012.4,6.5,13.25
8/23/2026 11:00,15.6,60,0,288,24.8,1012.3,8,17
8/23/2026 11:15,15.175,59.5,0,291.25,25.075,1012.425,6.75,13.5
8/23/2026 11:30,14.75,59,0,294.5,25.35,1012.55,5.5,10
8/23/2026 11:45,14.325,58.5,0,297.75,25.625,1012.675,4.25,6.5
8/23/2026 12:00,13.9,58,0,301,25.9,1012.8,3,3
8/23/2026 12:15,14.25,57.5,0,299.75,25.55,1012.7,3.75,2.75
8/23/2026 12:30,14.6,57,0,298.5,25.2,1012.6,4.5,2.5
8/23/2026 12:45,14.95,56.5,0,297.25,24.85,1012.5,5.25,2.25
8/23/2026 13:00,15.3,56,0,296,24.5,1012.4,6,2
8/23/2026 13:15,14.95,56.25,0,303.25,25.925,1012.6,6.25,6
8/23/2026 13:30,14.6,56.5,0,310.5,27.35,1012.8,6.5,10
8/23/2026 13:45,14.25,56.75,0,317.75,28.775,1013,6.75,14
8/23/2026 14:00,13.9,57,0,325,30.2,1013.2,7,18
8/23/2026 14:15,14.25,56.5,0.05,325.25,27.05,1013.5,7.25,14.25
8/23/2026 14:30,14.6,56,0.1,325.5,23.9,1013.8,7.5,10.5
8/23/2026 14:45,14.95,55.5,0.15,325.75,20.75,1014.1,7.75,6.75
8/23/2026 15:00,15.3,55,0.2,326,17.6,1014.4,8,3
8/23/2026 15:15,15.45,55,0.15,327,17.6,1014.4,7,3
8/23/2026 15:30,15.6,55,0.1,328,17.6,1014.4,6,3
8/23/2026 15:45,15.75,55,0.05,329,17.6,1014.4,5,3
8/23/2026 16:00,15.9,55,0,330,17.6,1014.4,4,3
8/23/2026 16:15,15.975,54.75,0,330.5,17.525,1014.525,3,3
8/23/2026 16:30,16.05,54.5,0,331,17.45,1014.65,2,3
8/23/2026 16:45,16.125,54.25,0,331.5,17.375,1014.775,1,3
8/23/2026 17:00,16.2,54,0,332,17.3,1014.9,0,3
8/23/2026 17:15,15.775,56,0,329.75,16.025,1015.1,0,2.5
8/23/2026 17:30,15.35,58,0,327.5,14.75,1015.3,0,2
8/23/2026 17:45,14.925,60,0,325.25,13.475,1015.5,0,1.5
8/23/2026 18:00,14.5,62,0,323,12.2,1015.7,0,1
8/23/2026 18:15,14.175,62.25,0,319.25,11.75,1015.85,0,1
8/23/2026 18:30,13.85,62.5,0,315.5,11.3,1016,0,1
8/23/2026 18:45,13.525,62.75,0,311.75,10.85,1016.15,0,1
8/23/2026 19:00,13.2,63,0,308,10.4,1016.3,0,1
8/23/2026 19:15,13.025,63.5,0,306.25,10.225,1016.45,0,1
8/23/2026 19:30,12.85,64,0,304.5,10.05,1016.6,0,1
8/23/2026 19:45,12.675,64.5,0,302.75,9.875,1016.75,0,1
8/23/2026 20:00,12.5,65,0,301,9.7,1016.9,0,1
8/23/2026 20:15,12.475,65.25,0,299.75,9.7,1016.975,0,1
8/23/2026 20:30,12.45,65.5,0,298.5,9.7,1017.05,0,1
8/23/2026 20:45,12.425,65.75,0,297.25,9.7,1017.125,0,1
8/23/2026 21:00,12.4,66,0,296,9.7,1017.2,0,1
8/23/2026 21:15,12.1,67.75,0,294.25,9.625,1017.275,0,1
8/23/2026 21:30,11.8,69.5,0,292.5,9.55,1017.35,0,1
8/23/2026 21:45,11.5,71.25,0,290.75,9.475,1017.425,0,1
8/23/2026 22:00,11.2,73,0,289,9.4,1017.5,0,1
8/23/2026 22:15,11.15,73.25,0,286.25,9.4,1017.5,0,1
8/23/2026 22:30,11.1,73.5,0,283.5,9.4,1017.5,0,1
8/23/2026 22:45,11.05,73.75,0,280.75,9.4,1017.5,0,1
8/23/2026 23:00,11,74,0,278,9.4,1017.5,0,1
8/23/2026 23:15,11.025,73.75,0,276.25,9.475,1017.575,0,1
8/23/2026 23:30,11.05,73.5,0,274.5,9.55,1017.65,0,1
8/23/2026 23:45,11.075,73.25,0,272.75,9.625,1017.725,0,1
8/24/2026 0:00,11.1,73,0,271,9.7,1017.8,0,1
8/24/2026 0:15,10.825,76.5,0,272,10.075,1017.9,0,1
8/24/2026 0:30,10.55,80,0,273,10.45,1018,0,1
8/24/2026 0:45,10.275,83.5,0,274,10.825,1018.1,0,1
8/24/2026 5:00,10,87,0,275,11.2,1018.2,0,1
8/24/2026 5:15,10.425,85.25,0,274,11.1,1018.3,0,1
8/24/2026 5:30,10.85,83.5,0,273,11,1018.4,0,1
8/24/2026 5:45,11.275,81.75,0,272,10.9,1018.5,0,1
8/24/2026 6:00,11.7,80,0,271,10.8,1018.6,0,1
8/24/2026 6:15,12.025,78.75,0,271.75,11.075,1018.625,0,1
8/24/2026 6:30,12.35,77.5,0,272.5,11.35,1018.65,0,1
8/24/2026 6:45,12.675,76.25,0,273.25,11.625,1018.675,0,1
8/24/2026 7:00,13,75,0,274,11.9,1018.7,0,1
8/24/2026 7:15,13.475,73,0,274.25,12.075,1018.7,0,1
8/24/2026 7:30,13.95,71,0,274.5,12.25,1018.7,0,1
8/24/2026 7:45,14.425,69,0,274.75,12.425,1018.7,0,1
8/24/2026 8:00,14.9,67,0,275,12.6,1018.7,0,1
8/24/2026 8:15,15.225,65.25,0,276,12.95,1018.7,0,1
8/24/2026 8:30,15.55,63.5,0,277,13.3,1018.7,0,1
8/24/2026 8:45,15.875,61.75,0,278,13.65,1018.7,0,1
8/24/2026 9:00,16.2,60,0,279,14,1018.7,0,1
8/24/2026 9:15,16.525,57.5,0,281.25,15,1018.725,0.75,1
8/24/2026 9:30,16.85,55,0,283.5,16,1018.75,1.5,1
8/24/2026 9:45,17.175,52.5,0,285.75,17,1018.775,2.25,1
8/24/2026 10:00,17.5,50,0,288,18,1018.8,3,1
8/24/2026 10:15,17.9,49.75,0,288.75,18.35,1018.7,4.25,1.25
8/24/2026 10:30,18.3,49.5,0,289.5,18.7,1018.6,5.5,1.5
8/24/2026 10:45,18.7,49.25,0,290.25,19.05,1018.5,6.75,1.75
8/24/2026 11:00,19.1,49,0,291,19.4,1018.4,8,2
8/24/2026 11:15,19.025,48.5,0,288.75,18.775,1018.375,7.25,2.25
8/24/2026 11:30,18.95,48,0,286.5,18.15,1018.35,6.5,2.5
8/24/2026 11:45,18.875,47.5,0,284.25,17.525,1018.325,5.75,2.75
8/24/2026 12:00,18.8,47,0,282,16.9,1018.3,5,3
8/24/2026 12:15,18.875,46,0,282.5,17.45,1018.25,5.25,3
8/24/2026 12:30,18.95,45,0,283,18,1018.2,5.5,3
8/24/2026 12:45,19.025,44,0,283.5,18.55,1018.15,5.75,3
8/24/2026 13:00,19.1,43,0,284,19.1,1018.1,6,3
8/24/2026 13:15,18.875,44.5,0,282.75,19,1018.05,6,3
8/24/2026 13:30,18.65,46,0,281.5,18.9,1018,6,3
8/24/2026 13:45,18.425,47.5,0,280.25,18.8,1017.95,6,3
8/24/2026 14:00,18.2,49,0,279,18.7,1017.9,6,3
8/24/2026 14:15,18.15,49.25,0,279,18.8,1017.875,6,3
8/24/2026 14:30,18.1,49.5,0,279,18.9,1017.85,6,3
8/24/2026 14:45,18.05,49.75,0,279,19,1017.825,6,3
8/24/2026 15:00,18,50,0,279,19.1,1017.8,6,3
8/24/2026 15:15,17.875,51.25,0,278.25,18.275,1017.75,5.5,3
8/24/2026 15:30,17.75,52.5,0,277.5,17.45,1017.7,5,3
8/24/2026 15:45,17.625,53.75,0,276.75,16.625,1017.65,4.5,3
8/24/2026 16:00,17.5,55,0,276,15.8,1017.6,4,3
8/24/2026 16:15,17.525,54.75,0,275.25,15.35,1017.575,4,3
8/24/2026 16:30,17.55,54.5,0,274.5,14.9,1017.55,4,3
8/24/2026 16:45,17.575,54.25,0,273.75,14.45,1017.525,4,3
8/24/2026 17:00,17.6,54,0,273,14,1017.5,4,3
8/24/2026 17:15,17.5,54.5,0,271,13.475,1017.5,4.5,3
8/24/2026 17:30,17.4,55,0,269,12.95,1017.5,5,3
8/24/2026 17:45,17.3,55.5,0,267,12.425,1017.5,5.5,3
8/24/2026 18:00,17.2,56,0,265,11.9,1017.5,6,3
8/24/2026 18:15,17.075,57,0,261.25,11.625,1017.65,6,3
8/24/2026 18:30,16.95,58,0,257.5,11.35,1017.8,6,3
8/24/2026 18:45,16.825,59,0,253.75,11.075,1017.95,6,3
8/24/2026 19:00,16.7,60,0,250,10.8,1018.1,6,3
8/24/2026 19:15,16.55,60.25,0,251,10.9,1018.125,4.75,3
8/24/2026 19:30,16.4,60.5,0,252,11,1018.15,3.5,3
8/24/2026 19:45,16.25,60.75,0,253,11.1,1018.175,2.25,3
8/24/2026 20:00,16.1,61,0,254,11.2,1018.2,1,3
8/24/2026 20:15,15.85,62,0,258.5,11.55,1018.175,1.25,2.5
8/24/2026 20:30,15.6,63,0,263,11.9,1018.15,1.5,2
8/24/2026 20:45,15.35,64,0,267.5,12.25,1018.125,1.75,1.5
8/24/2026 21:00,15.1,65,0,272,12.6,1018.1,2,1
8/24/2026 21:15,14.95,65.25,0,273.5,12.325,1018.175,1.5,1.25
8/24/2026 21:30,14.8,65.5,0,275,12.05,1018.25,1,1.5
8/24/2026 21:45,14.65,65.75,0,276.5,11.775,1018.325,0.5,1.75
8/24/2026 22:00,14.5,66,0,278,11.5,1018.4,0,2
8/24/2026 22:15,14.25,67.5,0,277.25,11.425,1018.375,0,1.75
8/24/2026 22:30,14,69,0,276.5,11.35,1018.35,0,1.5
8/24/2026 22:45,13.75,70.5,0,275.75,11.275,1018.325,0,1.25
8/24/2026 23:00,13.5,72,0,275,11.2,1018.3,0,1
8/24/2026 23:15,13.35,72.75,0,275.25,11.275,1018.325,0,1
8/24/2026 23:30,13.2,73.5,0,275.5,11.35,1018.35,0,1
8/24/2026 23:45,13.05,74.25,0,275.75,11.425,1018.375,0,1
8/25/2026 0:00,12.9,75,0,276,11.5,1018.4,0,1
8/25/2026 0:15,12.775,75.5,0,274.5,11.775,1018.375,0.25,1
8/25/2026 0:30,12.65,76,0,273,12.05,1018.35,0.5,1
8/25/2026 0:45,12.525,76.5,0,271.5,12.325,1018.325,0.75,1
8/25/2026 5:00,12.4,77,0,270,12.6,1018.3,1,1
8/25/2026 5:15,12.675,75.75,0,267.75,12.25,1018.3,1.5,1.25
8/25/2026 5:30,12.95,74.5,0,265.5,11.9,1018.3,2,1.5
8/25/2026 5:45,13.225,73.25,0,263.25,11.55,1018.3,2.5,1.75
8/25/2026 6:00,13.5,72,0,261,11.2,1018.3,3,2
8/25/2026 6:15,13.45,72.75,0,260.25,11.45,1018.35,2.75,2
8/25/2026 6:30,13.4,73.5,0,259.5,11.7,1018.4,2.5,2
8/25/2026 6:45,13.35,74.25,0,258.75,11.95,1018.45,2.25,2
8/25/2026 7:00,13.3,75,0,258,12.2,1018.5,2,2
8/25/2026 7:15,13.475,74.75,0,262.5,14,1018.475,2.25,2
8/25/2026 7:30,13.65,74.5,0,267,15.8,1018.45,2.5,2
8/25/2026 7:45,13.825,74.25,0,271.5,17.6,1018.425,2.75,2
8/25/2026 8:00,14,74,0,276,19.4,1018.4,3,2
8/25/2026 8:15,14.2,74,0,278,19.225,1018.35,4.25,5.75
8/25/2026 8:30,14.4,74,0,280,19.05,1018.3,5.5,9.5
8/25/2026 8:45,14.6,74,0,282,18.875,1018.25,6.75,13.25
8/25/2026 9:00,14.8,74,0,284,18.7,1018.2,8,17
8/25/2026 9:15,15.025,72.5,0,283.5,18.425,1018.2,8,13.5
8/25/2026 9:30,15.25,71,0,283,18.15,1018.2,8,10
8/25/2026 9:45,15.475,69.5,0,282.5,17.875,1018.2,8,6.5
8/25/2026 10:00,15.7,68,0,282,17.6,1018.2,8,3
8/25/2026 10:15,16.05,66.25,0,282,17.425,1018.1,8,3
8/25/2026 10:30,16.4,64.5,0,282,17.25,1018,8,3
8/25/2026 10:45,16.75,62.75,0,282,17.075,1017.9,8,3
8/25/2026 11:00,17.1,61,0,282,16.9,1017.8,8,3
8/25/2026 11:15,17.075,59.5,0,281.25,17.35,1017.7,7.5,3
8/25/2026 11:30,17.05,58,0,280.5,17.8,1017.6,7,3
8/25/2026 11:45,17.025,56.5,0,279.75,18.25,1017.5,6.5,3
8/25/2026 12:00,17,55,0,279,18.7,1017.4,6,3
8/25/2026 12:15,17.325,54.25,0,279.75,18.7,1017.325,6,3
8/25/2026 12:30,17.65,53.5,0,280.5,18.7,1017.25,6,3
8/25/2026 12:45,17.975,52.75,0,281.25,18.7,1017.175,6,3
8/25/2026 13:00,18.3,52,0,282,18.7,1017.1,6,3
8/25/2026 13:15,18.475,51,0,282.75,18.625,1017,5.75,3
8/25/2026 13:30,18.65,50,0,283.5,18.55,1016.9,5.5,3
8/25/2026 13:45,18.825,49,0,284.25,18.475,1016.8,5.25,3
8/25/2026 14:00,19,48,0,285,18.4,1016.7,5,3
8/25/2026 14:15,19.175,47.5,0,285.25,18.2,1016.55,4.5,3
8/25/2026 14:30,19.35,47,0,285.5,18,1016.4,4,3
8/25/2026 14:45,19.525,46.5,0,285.75,17.8,1016.25,3.5,3
8/25/2026 15:00,19.7,46,0,286,17.6,1016.1,3,3
8/25/2026 15:15,19.6,46.25,0,287.25,17.075,1016.025,3.5,3
8/25/2026 15:30,19.5,46.5,0,288.5,16.55,1015.95,4,3
8/25/2026 15:45,19.4,46.75,0,289.75,16.025,1015.875,4.5,3
8/25/2026 16:00,19.3,47,0,291,15.5,1015.8,5,3
8/25/2026 16:15,19.25,47.25,0,292,14.225,1015.75,5.75,3
8/25/2026 16:30,19.2,47.5,0,293,12.95,1015.7,6.5,3
8/25/2026 16:45,19.15,47.75,0,294,11.675,1015.65,7.25,3
8/25/2026 17:00,19.1,48,0,295,10.4,1015.6,8,3
8/25/2026 17:15,18.6,50,0,293.5,9.05,1015.525,7,3
8/25/2026 17:30,18.1,52,0,292,7.7,1015.45,6,3
8/25/2026 17:45,17.6,54,0,290.5,6.35,1015.375,5,3
8/25/2026 18:00,17.1,56,0,289,5,1015.3,4,3
8/25/2026 18:15,16.275,59.75,0,275.25,4.925,1015.325,4.5,3
8/25/2026 18:30,15.45,63.5,0,261.5,4.85,1015.35,5,3
8/25/2026 18:45,14.625,67.25,0,247.75,4.775,1015.375,5.5,3
8/25/2026 19:00,13.8,71,0,234,4.7,1015.4,6,3
8/25/2026 19:15,13.475,72.75,0,233.5,5.05,1015.45,6.5,3
8/25/2026 19:30,13.15,74.5,0,233,5.4,1015.5,7,3
8/25/2026 19:45,12.825,76.25,0,232.5,5.75,1015.55,7.5,3
8/25/2026 20:00,12.5,78,0,232,6.1,1015.6,8,3
8/25/2026 20:15,12.175,79.25,0,237.25,6.475,1015.55,8,3
8/25/2026 20:30,11.85,80.5,0,242.5,6.85,1015.5,8,3
8/25/2026 20:45,11.525,81.75,0,247.75,7.225,1015.45,8,3
8/25/2026 21:00,11.2,83,0,253,7.6,1015.4,8,3
8/25/2026 21:15,11.025,84,0,263.75,7.6,1015.375,7.5,3
8/25/2026 21:30,10.85,85,0,274.5,7.6,1015.35,7,3
8/25/2026 21:45,10.675,86,0,285.25,7.6,1015.325,6.5,3
8/25/2026 22:00,10.5,87,0,296,7.6,1015.3,6,3
8/25/2026 22:15,10.425,87.25,0,306.25,7.4,1015.275,5.5,3
8/25/2026 22:30,10.35,87.5,0,316.5,7.2,1015.25,5,3
8/25/2026 22:45,10.275,87.75,0,326.75,7,1015.225,4.5,3
8/25/2026 23:00,10.2,88,0,337,6.8,1015.2,4,3
8/25/2026 23:15,10.325,88,0,334.25,6.35,1015.15,3.5,3
8/25/2026 23:30,10.45,88,0,331.5,5.9,1015.1,3,3
8/25/2026 23:45,10.575,88,0,328.75,5.45,1015.05,2.5,3
8/26/2026 0:00,10.7,88,0,326,5,1015,2,3
8/26/2026 0:15,10.825,87.75,0,317.75,5.65,1014.875,1.5,2.5
8/26/2026 0:30,10.95,87.5,0,309.5,6.3,1014.75,1,2
8/26/2026 0:45,11.075,87.25,0,301.25,6.95,1014.625,0.5,1.5
8/26/2026 5:00,11.2,87,0,293,7.6,1014.5,0,1
8/26/2026 5:15,11.525,86,0,289.5,7.4,1014.55,0,1
8/26/2026 5:30,11.85,85,0,286,7.2,1014.6,0,1
8/26/2026 5:45,12.175,84,0,282.5,7,1014.65,0,1
8/26/2026 6:00,12.5,83,0,279,6.8,1014.7,0,1
8/26/2026 6:15,13.2,81,0,277.5,6.625,1014.75,0.25,1
8/26/2026 6:30,13.9,79,0,276,6.45,1014.8,0.5,1
8/26/2026 6:45,14.6,77,0,274.5,6.275,1014.85,0.75,1
8/26/2026 7:00,15.3,75,0,273,6.1,1014.9,1,1
8/26/2026 7:15,15.675,74,0,272.5,6.275,1014.825,0.75,1
8/26/2026 7:30,16.05,73,0,272,6.45,1014.75,0.5,1
8/26/2026 7:45,16.425,72,0,271.5,6.625,1014.675,0.25,1
8/26/2026 8:00,16.8,71,0,271,6.8,1014.6,0,1
8/26/2026 8:15,17.1,69.25,0,270.25,7.075,1014.6,0,1
8/26/2026 8:30,17.4,67.5,0,269.5,7.35,1014.6,0,1
8/26/2026 8:45,17.7,65.75,0,268.75,7.625,1014.6,0,1
8/26/2026 9:00,18,64,0,268,7.9,1014.6,0,1
8/26/2026 9:15,18.475,61.25,0,270.5,8.275,1014.525,0.5,1
8/26/2026 9:30,18.95,58.5,0,273,8.65,1014.45,1,1
8/26/2026 9:45,19.425,55.75,0,275.5,9.025,1014.375,1.5,1
8/26/2026 10:00,19.9,53,0,278,9.4,1014.3,2,1
8/26/2026 10:15,20.125,52.5,0,278.25,9.3,1014.225,2,1.25
8/26/2026 10:30,20.35,52,0,278.5,9.2,1014.15,2,1.5
8/26/2026 10:45,20.575,51.5,0,278.75,9.1,1014.075,2,1.75
8/26/2026 11:00,20.8,51,0,279,9,1014,2,2
8/26/2026 11:15,20.95,49.5,0,278,8.825,1013.9,2.5,2
8/26/2026 11:30,21.1,48,0,277,8.65,1013.8,3,2
8/26/2026 11:45,21.25,46.5,0,276,8.475,1013.7,3.5,2
8/26/2026 12:00,21.4,45,0,275,8.3,1013.6,4,2
8/26/2026 12:15,21.55,44.5,0,269.75,8.2,1013.6,3.25,2.25
8/26/2026 12:30,21.7,44,0,264.5,8.1,1013.6,2.5,2.5
8/26/2026 12:45,21.85,43.5,0,259.25,8,1013.6,1.75,2.75
8/26/2026 13:00,22,43,0,254,7.9,1013.6,1,3
8/26/2026 13:15,21.925,42.25,0,255,8.075,1013.525,1,2.75
8/26/2026 13:30,21.85,41.5,0,256,8.25,1013.45,1,2.5
8/26/2026 13:45,21.775,40.75,0,257,8.425,1013.375,1,2.25
8/26/2026 14:00,21.7,40,0,258,8.6,1013.3,1,2
8/26/2026 14:15,21.975,39,0,259.5,7.975,1013.175,1,2
8/26/2026 14:30,22.25,38,0,261,7.35,1013.05,1,2
8/26/2026 14:45,22.525,37,0,262.5,6.725,1012.925,1,2
8/26/2026 15:00,22.8,36,0,264,6.1,1012.8,1,2
8/26/2026 15:15,22.75,36.5,0,263.75,5.575,1012.75,1.5,1.75
8/26/2026 15:30,22.7,37,0,263.5,5.05,1012.7,2,1.5
8/26/2026 15:45,22.65,37.5,0,263.25,4.525,1012.65,2.5,1.25
8/26/2026 16:00,22.6,38,0,263,4,1012.6,3,1
8/26/2026 16:15,22.35,38.5,0,225.25,4,1012.525,4.25,1.25
8/26/2026 16:30,22.1,39,0,187.5,4,1012.45,5.5,1.5
8/26/2026 16:45,21.85,39.5,0,149.75,4,1012.375,6.75,1.75
8/26/2026 17:00,21.6,40,0,112,4,1012.3,8,2
8/26/2026 17:15,21.025,42.5,0,113.75,4.9,1012.325,7.75,2.25
8/26/2026 17:30,20.45,45,0,115.5,5.8,1012.35,7.5,2.5
8/26/2026 17:45,19.875,47.5,0,117.25,6.7,1012.375,7.25,2.75
8/26/2026 18:00,19.3,50,0,119,7.6,1012.4,7,3
8/26/2026 18:15,18.875,51.75,0,118.75,8.05,1012.475,7.25,3
8/26/2026 18:30,18.45,53.5,0,118.5,8.5,1012.55,7.5,3
8/26/2026 18:45,18.025,55.25,0,118.25,8.95,1012.625,7.75,3
8/26/2026 19:00,17.6,57,0,118,9.4,1012.7,8,3
8/26/2026 19:15,17.475,57.75,0,117,9.475,1012.6,8,3
8/26/2026 19:30,17.35,58.5,0,116,9.55,1012.5,8,3
8/26/2026 19:45,17.225,59.25,0,115,9.625,1012.4,8,3
8/26/2026 20:00,17.1,60,0,114,9.7,1012.3,8,3
8/26/2026 20:15,16.975,60.5,0,115,9.425,1012.325,8,3
8/26/2026 20:30,16.85,61,0,116,9.15,1012.35,8,3
8/26/2026 20:45,16.725,61.5,0,117,8.875,1012.375,8,3
8/26/2026 21:00,16.6,62,0,118,8.6,1012.4,8,3
8/26/2026 21:15,16.45,62.5,0,118.5,8.975,1012.35,8,3
8/26/2026 21:30,16.3,63,0,119,9.35,1012.3,8,3
8/26/2026 21:45,16.15,63.5,0,119.5,9.725,1012.25,8,3
8/26/2026 22:00,16,64,0,120,10.1,1012.2,8,3
8/26/2026 22:15,15.675,65.5,0,118.5,10,1012.125,8,3
8/26/2026 22:30,15.35,67,0,117,9.9,1012.05,8,3
8/26/2026 22:45,15.025,68.5,0,115.5,9.8,1011.975,8,3
8/26/2026 23:00,14.7,70,0,114,9.7,1011.9,8,3
8/26/2026 23:15,14.95,68.5,0,114.75,9.7,1011.9,8,3
8/26/2026 23:30,15.2,67,0,115.5,9.7,1011.9,8,3
8/26/2026 23:45,15.45,65.5,0,116.25,9.7,1011.9,8,3
8/27/2026 0:00,15.7,64,0,117,9.7,1011.9,8,3
8/27/2026 0:15,15.35,65.75,0,117.5,9.875,1011.7,6,2.5
8/27/2026 0:30,15,67.5,0,118,10.05,1011.5,4,2
8/27/2026 0:45,14.65,69.25,0,118.5,10.225,1011.3,2,1.5
8/27/2026 5:00,14.3,71,0,119,10.4,1011.1,0,1
8/27/2026 5:15,14.55,70,0,120,10.95,1011.1,0.75,1
8/27/2026 5:30,14.8,69,0,121,11.5,1011.1,1.5,1
8/27/2026 5:45,15.05,68,0,122,12.05,1011.1,2.25,1
8/27/2026 6:00,15.3,67,0,123,12.6,1011.1,3,1
8/27/2026 6:15,15.825,65.5,0,123.25,12.15,1011.1,4.25,1.5
8/27/2026 6:30,16.35,64,0,123.5,11.7,1011.1,5.5,2
8/27/2026 6:45,16.875,62.5,0,123.75,11.25,1011.1,6.75,2.5
8/27/2026 7:00,17.4,61,0,124,10.8,1011.1,8,3
8/27/2026 7:15,17.925,60,0,125,10.9,1011.075,8,3
8/27/2026 7:30,18.45,59,0,126,11,1011.05,8,3
8/27/2026 7:45,18.975,58,0,127,11.1,1011.025,8,3
8/27/2026 8:00,19.5,57,0,128,11.2,1011,8,3
8/27/2026 8:15,19.925,55.75,0,132,10.825,1011,7.25,3
8/27/2026 8:30,20.35,54.5,0,136,10.45,1011,6.5,3
8/27/2026 8:45,20.775,53.25,0,140,10.075,1011,5.75,3
8/27/2026 9:00,21.2,52,0,144,9.7,1011,5,3
8/27/2026 9:15,21.125,52.5,0,145,10.15,1010.9,5.75,3
8/27/2026 9:30,21.05,53,0,146,10.6,1010.8,6.5,3
8/27/2026 9:45,20.975,53.5,0,147,11.05,1010.7,7.25,3
8/27/2026 10:00,20.9,54,0,148,11.5,1010.6,8,3
8/27/2026 10:15,21.575,52,0,150,11.6,1010.475,7.75,3
8/27/2026 10:30,22.25,50,0,152,11.7,1010.35,7.5,3
8/27/2026 10:45,22.925,48,0,154,11.8,1010.225,7.25,3
8/27/2026 11:00,23.6,46,0,156,11.9,1010.1,7,3
8/27/2026 11:15,24.175,46,0,157.5,12.075,1009.95,5.5,3
8/27/2026 11:30,24.75,46,0,159,12.25,1009.8,4,3
8/27/2026 11:45,25.325,46,0,160.5,12.425,1009.65,2.5,3
8/27/2026 12:00,25.9,46,0,162,12.6,1009.5,1,3
8/27/2026 12:15,26.25,45.75,0,167.75,12.875,1009.375,2.25,2.5
8/27/2026 12:30,26.6,45.5,0,173.5,13.15,1009.25,3.5,2
8/27/2026 12:45,26.95,45.25,0,179.25,13.425,1009.125,4.75,1.5
8/27/2026 13:00,27.3,45,0,185,13.7,1009,6,1
8/27/2026 13:15,27.325,45.25,0,188.25,13.975,1008.925,5.25,1.5
8/27/2026 13:30,27.35,45.5,0,191.5,14.25,1008.85,4.5,2
8/27/2026 13:45,27.375,45.75,0,194.75,14.525,1008.775,3.75,2.5
8/27/2026 14:00,27.4,46,0,198,14.8,1008.7,3,3
8/27/2026 14:15,27.45,46.5,0,200.5,14.25,1008.6,4,2.75
8/27/2026 14:30,27.5,47,0,203,13.7,1008.5,5,2.5
8/27/2026 14:45,27.55,47.5,0,205.5,13.15,1008.4,6,2.25
8/27/2026 15:00,27.6,48,0,208,12.6,1008.3,7,2
8/27/2026 15:15,27.9,46.75,0,214,11.8,1008.25,6.25,2.25
8/27/2026 15:30,28.2,45.5,0,220,11,1008.2,5.5,2.5
8/27/2026 15:45,28.5,44.25,0,226,10.2,1008.15,4.75,2.75
8/27/2026 16:00,28.8,43,0,232,9.4,1008.1,4,3
8/27/2026 16:15,28.675,42.75,0,261.25,7.85,1008.075,4.75,3
8/27/2026 16:30,28.55,42.5,0,290.5,6.3,1008.05,5.5,3
8/27/2026 16:45,28.425,42.25,0,319.75,4.75,1008.025,6.25,3
8/27/2026 17:00,28.3,42,0,349,3.2,1008,7,3
8/27/2026 17:15,27.275,45.25,0,287,4.1,1008.125,7.25,3
8/27/2026 17:30,26.25,48.5,0,225,5,1008.25,7.5,3
8/27/2026 17:45,25.225,51.75,0,163,5.9,1008.375,7.75,3
8/27/2026 18:00,24.2,55,0,101,6.8,1008.5,8,3
8/27/2026 18:15,23.6,59,0,113.5,7.25,1008.6,7,3
8/27/2026 18:30,23,63,0,126,7.7,1008.7,6,3
8/27/2026 18:45,22.4,67,0,138.5,8.15,1008.8,5,3
8/27/2026 19:00,21.8,71,0,151,8.6,1008.9,4,3
8/27/2026 19:15,22.1,69.25,0,147.75,8.425,1008.825,5,3
8/27/2026 19:30,22.4,67.5,0,144.5,8.25,1008.75,6,3
8/27/2026 19:45,22.7,65.75,0,141.25,8.075,1008.675,7,3
8/27/2026 20:00,23,64,0,138,7.9,1008.6,8,3
8/27/2026 20:15,22.625,65.75,0,140,8.275,1008.525,8,3
8/27/2026 20:30,22.25,67.5,0,142,8.65,1008.45,8,3
8/27/2026 20:45,21.875,69.25,0,144,9.025,1008.375,8,3
8/27/2026 21:00,21.5,71,0,146,9.4,1008.3,8,3
8/27/2026 21:15,21.425,71.25,0,149.25,9.3,1008.325,8,3
8/27/2026 21:30,21.35,71.5,0,152.5,9.2,1008.35,8,3
8/27/2026 21:45,21.275,71.75,0,155.75,9.1,1008.375,8,3
8/27/2026 22:00,21.2,72,0,159,9,1008.4,8,3
8/27/2026 22:15,21.275,71.5,0,162.25,9.175,1008.35,8,3
8/27/2026 22:30,21.35,71,0,165.5,9.35,1008.3,8,3
8/27/2026 22:45,21.425,70.5,0,168.75,9.525,1008.25,8,3
8/27/2026 23:00,21.5,70,0,172,9.7,1008.2,8,3
8/27/2026 23:15,20.85,75.25,0.45,169.25,9.425,1008.075,8,3
8/27/2026 23:30,20.2,80.5,0.9,166.5,9.15,1007.95,8,3
8/27/2026 23:45,19.55,85.75,1.35,163.75,8.875,1007.825,8,3
8/28/2026 0:00,18.9,91,1.8,161,8.6,1007.7,8,3
8/28/2026 0:15,18.55,92.75,1.35,165.25,8.875,1007.45,8,3
8/28/2026 0:30,18.2,94.5,0.9,169.5,9.15,1007.2,8,3
8/28/2026 0:45,17.85,96.25,0.45,173.75,9.425,1006.95,8,3
8/28/2026 5:00,17.5,98,0,178,9.7,1006.7,8,3
8/28/2026 5:15,17.525,97.75,0.025,177,9.35,1006.725,8,3
8/28/2026 5:30,17.55,97.5,0.05,176,9,1006.75,8,3
8/28/2026 5:45,17.575,97.25,0.075,175,8.65,1006.775,8,3
8/28/2026 6:00,17.6,97,0.1,174,8.3,1006.8,8,3
8/28/2026 6:15,17.8,96.25,0.075,177.5,7.575,1006.8,7.5,3
8/28/2026 6:30,18,95.5,0.05,181,6.85,1006.8,7,3
8/28/2026 6:45,18.2,94.75,0.025,184.5,6.125,1006.8,6.5,3
8/28/2026 7:00,18.4,94,0,188,5.4,1006.8,6,3
8/28/2026 7:15,18.525,93.5,0.025,189,5.3,1006.675,6.5,3
8/28/2026 7:30,18.65,93,0.05,190,5.2,1006.55,7,3
8/28/2026 7:45,18.775,92.5,0.075,191,5.1,1006.425,7.5,3
8/28/2026 8:00,18.9,92,0.1,192,5,1006.3,8,3
8/28/2026 8:15,19.1,91.25,0.075,191,5.275,1006.225,8,3
8/28/2026 8:30,19.3,90.5,0.05,190,5.55,1006.15,8,3
8/28/2026 8:45,19.5,89.75,0.025,189,5.825,1006.075,8,3
8/28/2026 9:00,19.7,89,0,188,6.1,1006,8,3
8/28/2026 9:15,19.85,89.25,0,195,5.75,1006,8,3
8/28/2026 9:30,20,89.5,0,202,5.4,1006,8,3
8/28/2026 9:45,20.15,89.75,0,209,5.05,1006,8,3
8/28/2026 10:00,20.3,90,0,216,4.7,1006,8,3
8/28/2026 10:15,20.05,92,1.875,228.25,5.05,1005.85,8,3
8/28/2026 10:30,19.8,94,3.75,240.5,5.4,1005.7,8,3
8/28/2026 10:45,19.55,96,5.625,252.75,5.75,1005.55,8,3
8/28/2026 11:00,19.3,98,7.5,265,6.1,1005.4,8,3
8/28/2026 11:15,19.4,97.5,5.85,269.25,6.2,1005.325,8,3
8/28/2026 11:30,19.5,97,4.2,273.5,6.3,1005.25,8,3
8/28/2026 11:45,19.6,96.5,2.55,277.75,6.4,1005.175,8,3
8/28/2026 12:00,19.7,96,0.9,282,6.5,1005.1,8,3
8/28/2026 12:15,19.75,95.25,0.675,284,7.025,1005.1,8,3
8/28/2026 12:30,19.8,94.5,0.45,286,7.55,1005.1,8,3
8/28/2026 12:45,19.85,93.75,0.225,288,8.075,1005.1,8,3
8/28/2026 13:00,19.9,93,0,290,8.6,1005.1,8,3
8/28/2026 13:15,20,92.75,0,292.75,9.15,1005,8,3
8/28/2026 13:30,20.1,92.5,0,295.5,9.7,1004.9,8,3
8/28/2026 13:45,20.2,92.25,0,298.25,10.25,1004.8,8,3
8/28/2026 14:00,20.3,92,0,301,10.8,1004.7,8,3
8/28/2026 14:15,20.275,92.25,0.05,295.75,10.175,1004.475,8,4
8/28/2026 14:30,20.25,92.5,0.1,290.5,9.55,1004.25,8,5
8/28/2026 14:45,20.225,92.75,0.15,285.25,8.925,1004.025,8,6
8/28/2026 15:00,20.2,93,0.2,280,8.3,1003.8,8,7
8/28/2026 15:15,20.1,94,0.325,279.75,8.475,1003.775,8,7
8/28/2026 15:30,20,95,0.45,279.5,8.65,1003.75,8,7
8/28/2026 15:45,19.9,96,0.575,279.25,8.825,1003.725,8,7
8/28/2026 16:00,19.8,97,0.7,279,9,1003.7,8,7
8/28/2026 16:15,19.725,96.75,0.7,278.25,8.825,1003.625,8,7.25
8/28/2026 16:30,19.65,96.5,0.7,277.5,8.65,1003.55,8,7.5
8/28/2026 16:45,19.575,96.25,0.7,276.75,8.475,1003.475,8,7.75
8/28/2026 17:00,19.5,96,0.7,276,8.3,1003.4,8,8
8/28/2026 17:15,19.45,96.25,0.525,279.75,7.85,1003.4,8,8
8/28/2026 17:30,19.4,96.5,0.35,283.5,7.4,1003.4,8,8
8/28/2026 17:45,19.35,96.75,0.175,287.25,6.95,1003.4,8,8
8/28/2026 18:00,19.3,97,0,291,6.5,1003.4,8,8
8/28/2026 18:15,19.25,97.25,0,284.75,6.675,1003.475,8,6.75
8/28/2026 18:30,19.2,97.5,0,278.5,6.85,1003.55,8,5.5
8/28/2026 18:45,19.15,97.75,0,272.25,7.025,1003.625,8,4.25
8/28/2026 19:00,19.1,98,0,266,7.2,1003.7,8,3
8/28/2026 19:15,19,98.25,0,247.25,7.3,1003.75,8,3
8/28/2026 19:30,18.9,98.5,0,228.5,7.4,1003.8,8,3
8/28/2026 19:45,18.8,98.75,0,209.75,7.5,1003.85,8,3
8/28/2026 20:00,18.7,99,0,191,7.6,1003.9,8,3
8/28/2026 20:15,18.725,99.25,0,194.25,7.85,1003.9,8,3
8/28/2026 20:30,18.75,99.5,0,197.5,8.1,1003.9,8,3
8/28/2026 20:45,18.775,99.75,0,200.75,8.35,1003.9,8,3
8/28/2026 21:00,18.8,100,0,204,8.6,1003.9,8,3
8/28/2026 21:15,18.725,99.75,0,203.25,8.6,1003.85,8,3
8/28/2026 21:30,18.65,99.5,0,202.5,8.6,1003.8,8,3
8/28/2026 21:45,18.575,99.25,0,201.75,8.6,1003.75,8,3
8/28/2026 22:00,18.5,99,0,201,8.6,1003.7,8,3
8/28/2026 22:15,18.5,99,0,203.25,8.6,1003.6,8,3
8/28/2026 22:30,18.5,99,0,205.5,8.6,1003.5,8,3
8/28/2026 22:45,18.5,99,0,207.75,8.6,1003.4,8,3
8/28/2026 23:00,18.5,99,0,210,8.6,1003.3,8,3
8/28/2026 23:15,18.5,99,0,214.25,8.6,1003.375,8,3
8/28/2026 23:30,18.5,99,0,218.5,8.6,1003.45,8,3
8/28/2026 23:45,18.5,99,0,222.75,8.6,1003.525,8,3
8/29/2026 0:00,18.5,99,0,227,8.6,1003.6,8,3
8/29/2026 0:15,18.375,98.75,0,226.25,7.8,1003.625,8,3
8/29/2026 0:30,18.25,98.5,0,225.5,7,1003.65,8,3
8/29/2026 0:45,18.125,98.25,0,224.75,6.2,1003.675,8,3
8/29/2026 5:00,18,98,0,224,5.4,1003.7,8,3
8/29/2026 5:15,18.05,97.5,0,233,5.5,1003.6,8,3
8/29/2026 5:30,18.1,97,0,242,5.6,1003.5,8,3
8/29/2026 5:45,18.15,96.5,0,251,5.7,1003.4,8,3
8/29/2026 6:00,18.2,96,0,260,5.8,1003.3,8,3
8/29/2026 6:15,18.325,95.25,0,265.25,5.7,1003.325,8,3
8/29/2026 6:30,18.45,94.5,0,270.5,5.6,1003.35,8,3
8/29/2026 6:45,18.575,93.75,0,275.75,5.5,1003.375,8,3
8/29/2026 7:00,18.7,93,0,281,5.4,1003.4,8,3
8/29/2026 7:15,18.775,93.25,0,286.25,5.4,1003.4,8,4.25
8/29/2026 7:30,18.85,93.5,0,291.5,5.4,1003.4,8,5.5
8/29/2026 7:45,18.925,93.75,0,296.75,5.4,1003.4,8,6.75
8/29/2026 8:00,19,94,0,302,5.4,1003.4,8,8
8/29/2026 8:15,18.95,94.5,0.3,300.75,5.675,1003.425,8,8
8/29/2026 8:30,18.9,95,0.6,299.5,5.95,1003.45,8,8
8/29/2026 8:45,18.85,95.5,0.9,298.25,6.225,1003.475,8,8
8/29/2026 9:00,18.8,96,1.2,297,6.5,1003.5,8,8
8/29/2026 9:15,18.8,96,1.15,298.75,6.325,1003.475,8,8.25
8/29/2026 9:30,18.8,96,1.1,300.5,6.15,1003.45,8,8.5
8/29/2026 9:45,18.8,96,1.05,302.25,5.975,1003.425,8,8.75
8/29/2026 10:00,18.8,96,1,304,5.8,1003.4,8,9
8/29/2026 10:15,18.875,95.75,0.875,294.5,6.15,1003.3,8,9
8/29/2026 10:30,18.95,95.5,0.75,285,6.5,1003.2,8,9
8/29/2026 10:45,19.025,95.25,0.625,275.5,6.85,1003.1,8,9
8/29/2026 11:00,19.1,95,0.5,266,7.2,1003,8,9
8/29/2026 11:15,19.025,94.25,0.725,263,7.1,1003.05,8,8.5
8/29/2026 11:30,18.95,93.5,0.95,260,7,1003.1,8,8
8/29/2026 11:45,18.875,92.75,1.175,257,6.9,1003.15,8,7.5
8/29/2026 12:00,18.8,92,1.4,254,6.8,1003.2,8,7
8/29/2026 12:15,19.075,91,1.05,255.5,7.075,1003.225,8,7
8/29/2026 12:30,19.35,90,0.7,257,7.35,1003.25,8,7
8/29/2026 12:45,19.625,89,0.35,258.5,7.625,1003.275,8,7
8/29/2026 13:00,19.9,88,0,260,7.9,1003.3,8,7
8/29/2026 13:15,20.075,86.75,0,259.5,8.175,1003.35,7.75,7.25
8/29/2026 13:30,20.25,85.5,0,259,8.45,1003.4,7.5,7.5
8/29/2026 13:45,20.425,84.25,0,258.5,8.725,1003.45,7.25,7.75
8/29/2026 14:00,20.6,83,0,258,9,1003.5,7,8
8/29/2026 14:15,20.75,81.5,0,256.25,8.1,1003.5,5.5,6.75
8/29/2026 14:30,20.9,80,0,254.5,7.2,1003.5,4,5.5
8/29/2026 14:45,21.05,78.5,0,252.75,6.3,1003.5,2.5,4.25
8/29/2026 15:00,21.2,77,0,251,5.4,1003.5,1,3
8/29/2026 15:15,21.025,78.25,0,239.5,5.125,1003.525,1.5,2.5
8/29/2026 15:30,20.85,79.5,0,228,4.85,1003.55,2,2
8/29/2026 15:45,20.675,80.75,0,216.5,4.575,1003.575,2.5,1.5
8/29/2026 16:00,20.5,82,0,205,4.3,1003.6,3,1
8/29/2026 16:15,20.4,82.5,0,203.5,4.025,1003.525,2.5,1.25
8/29/2026 16:30,20.3,83,0,202,3.75,1003.45,2,1.5
8/29/2026 16:45,20.2,83.5,0,200.5,3.475,1003.375,1.5,1.75
8/29/2026 17:00,20.1,84,0,199,3.2,1003.3,1,2
8/29/2026 17:15,19.75,86,0,197.5,3.2,1003.375,1.25,2
8/29/2026 17:30,19.4,88,0,196,3.2,1003.45,1.5,2
8/29/2026 17:45,19.05,90,0,194.5,3.2,1003.525,1.75,2
8/29/2026 18:00,18.7,92,0,193,3.2,1003.6,2,2
8/29/2026 18:15,18.325,93.5,0,190.75,3.75,1003.825,3.5,2
8/29/2026 18:30,17.95,95,0,188.5,4.3,1004.05,5,2
8/29/2026 18:45,17.575,96.5,0,186.25,4.85,1004.275,6.5,2
8/29/2026 19:00,17.2,98,0,184,5.4,1004.5,8,2
8/29/2026 19:15,17.15,98.25,0,177,5.5,1004.5,8,2.25
8/29/2026 19:30,17.1,98.5,0,170,5.6,1004.5,8,2.5
8/29/2026 19:45,17.05,98.75,0,163,5.7,1004.5,8,2.75
8/29/2026 20:00,17,99,0,156,5.8,1004.5,8,3
8/29/2026 20:15,17,98.75,0,143,5.975,1004.525,6.5,3
8/29/2026 20:30,17,98.5,0,130,6.15,1004.55,5,3
8/29/2026 20:45,17,98.25,0,117,6.325,1004.575,3.5,3
8/29/2026 21:00,17,98,0,104,6.5,1004.6,2,3
8/29/2026 21:15,16.9,98.25,0,107,6.325,1004.6,3,2.75
8/29/2026 21:30,16.8,98.5,0,110,6.15,1004.6,4,2.5
8/29/2026 21:45,16.7,98.75,0,113,5.975,1004.6,5,2.25
8/29/2026 22:00,16.6,99,0,116,5.8,1004.6,6,2
8/29/2026 22:15,16.425,99.25,0,117,5.975,1004.55,6.5,2.25
8/29/2026 22:30,16.25,99.5,0,118,6.15,1004.5,7,2.5
8/29/2026 22:45,16.075,99.75,0,119,6.325,1004.45,7.5,2.75
8/29/2026 23:00,15.9,100,0,120,6.5,1004.4,8,3
8/29/2026 23:15,15.825,100,0,120.75,6.575,1004.5,8,3
8/29/2026 23:30,15.75,100,0,121.5,6.65,1004.6,8,3
8/29/2026 23:45,15.675,100,0,122.25,6.725,1004.7,8,3
8/30/2026 0:00,15.6,100,0,123,6.8,1004.8,8,3
8/30/2026 0:15,15.65,99.75,0,130.5,6.625,1004.925,8,3
8/30/2026 0:30,15.7,99.5,0,138,6.45,1005.05,8,3
8/30/2026 0:45,15.75,99.25,0,145.5,6.275,1005.175,8,3
8/30/2026 5:00,15.8,99,0,153,6.1,1005.3,8,3
8/30/2026 5:15,15.9,99,0,159.25,6.275,1005.4,7.75,3
8/30/2026 5:30,16,99,0,165.5,6.45,1005.5,7.5,3
8/30/2026 5:45,16.1,99,0,171.75,6.625,1005.6,7.25,3
8/30/2026 6:00,16.2,99,0,178,6.8,1005.7,7,3
8/30/2026 6:15,16.425,98.25,0,185.5,7.45,1005.75,7.25,3
8/30/2026 6:30,16.65,97.5,0,193,8.1,1005.8,7.5,3
8/30/2026 6:45,16.875,96.75,0,200.5,8.75,1005.85,7.75,3
8/30/2026 7:00,17.1,96,0,208,9.4,1005.9,8,3
8/30/2026 7:15,17.6,93.5,0,213.75,9.2,1006.05,7,3
8/30/2026 7:30,18.1,91,0,219.5,9,1006.2,6,3
8/30/2026 7:45,18.6,88.5,0,225.25,8.8,1006.35,5,3
8/30/2026 8:00,19.1,86,0,231,8.6,1006.5,4,3
8/30/2026 8:15,19.65,81.5,0,238,8.8,1006.6,3.75,3
8/30/2026 8:30,20.2,77,0,245,9,1006.7,3.5,3
8/30/2026 8:45,20.75,72.5,0,252,9.2,1006.8,3.25,3
8/30/2026 9:00,21.3,68,0,259,9.4,1006.9,3,3
8/30/2026 9:15,21.575,66.25,0,258.5,9.575,1006.95,2.25,2.75
8/30/2026 9:30,21.85,64.5,0,258,9.75,1007,1.5,2.5
8/30/2026 9:45,22.125,62.75,0,257.5,9.925,1007.05,0.75,2.25
8/30/2026 10:00,22.4,61,0,257,10.1,1007.1,0,2
8/30/2026 10:15,22.45,60.5,0,256.75,10.45,1007.15,0,1.75
8/30/2026 10:30,22.5,60,0,256.5,10.8,1007.2,0,1.5
8/30/2026 10:45,22.55,59.5,0,256.25,11.15,1007.25,0,1.25
8/30/2026 11:00,22.6,59,0,256,11.5,1007.3,0,1
8/30/2026 11:15,22.85,58,0,254.75,11.425,1007.35,1.5,1
8/30/2026 11:30,23.1,57,0,253.5,11.35,1007.4,3,1
8/30/2026 11:45,23.35,56,0,252.25,11.275,1007.45,4.5,1
8/30/2026 12:00,23.6,55,0,251,11.2,1007.5,6,1
8/30/2026 12:15,23.375,55.75,0,249.75,11.725,1007.6,6.5,1.5
8/30/2026 12:30,23.15,56.5,0,248.5,12.25,1007.7,7,2
8/30/2026 12:45,22.925,57.25,0,247.25,12.775,1007.8,7.5,2.5
8/30/2026 13:00,22.7,58,0,246,13.3,1007.9,8,3
8/30/2026 13:15,22.65,58,0,246.5,12.775,1007.95,7.75,3
8/30/2026 13:30,22.6,58,0,247,12.25,1008,7.5,3
8/30/2026 13:45,22.55,58,0,247.5,11.725,1008.05,7.25,3
8/30/2026 14:00,22.5,58,0,248,11.2,1008.1,7,3
8/30/2026 14:15,22.475,59,0,248,11.1,1008.1,6,3
8/30/2026 14:30,22.45,60,0,248,11,1008.1,5,3
8/30/2026 14:45,22.425,61,0,248,10.9,1008.1,4,3
8/30/2026 15:00,22.4,62,0,248,10.8,1008.1,3,3
8/30/2026 15:15,22.3,61.25,0,248.75,10.45,1008.25,2.75,3
8/30/2026 15:30,22.2,60.5,0,249.5,10.1,1008.4,2.5,3
8/30/2026 15:45,22.1,59.75,0,250.25,9.75,1008.55,2.25,3
8/30/2026 16:00,22,59,0,251,9.4,1008.7,2,3
8/30/2026 16:15,22.15,58,0,259.25,8.4,1008.75,1.75,2.75
8/30/2026 16:30,22.3,57,0,267.5,7.4,1008.8,1.5,2.5
8/30/2026 16:45,22.45,56,0,275.75,6.4,1008.85,1.25,2.25
8/30/2026 17:00,22.6,55,0,284,5.4,1008.9,1,2
8/30/2026 17:15,22.025,58,0,290.5,5.125,1009.075,2,1.75
8/30/2026 17:30,21.45,61,0,297,4.85,1009.25,3,1.5
8/30/2026 17:45,20.875,64,0,303.5,4.575,1009.425,4,1.25
8/30/2026 18:00,20.3,67,0,310,4.3,1009.6,5,1
8/30/2026 18:15,20,69.25,0,295.75,4.3,1009.725,3.75,1.5
8/30/2026 18:30,19.7,71.5,0,281.5,4.3,1009.85,2.5,2
8/30/2026 18:45,19.4,73.75,0,267.25,4.3,1009.975,1.25,2.5
8/30/2026 19:00,19.1,76,0,253,4.3,1010.1,0,3
8/30/2026 19:15,18.5,78.25,0,241.25,4.125,1010.2,0,2.5
8/30/2026 19:30,17.9,80.5,0,229.5,3.95,1010.3,0,2
8/30/2026 19:45,17.3,82.75,0,217.75,3.775,1010.4,0,1.5
8/30/2026 20:00,16.7,85,0,206,3.6,1010.5,0,1
8/30/2026 20:15,16.55,85.75,0,208,3.875,1010.55,0,1
8/30/2026 20:30,16.4,86.5,0,210,4.15,1010.6,0,1
8/30/2026 20:45,16.25,87.25,0,212,4.425,1010.65,0,1
8/30/2026 21:00,16.1,88,0,214,4.7,1010.7,0,1
8/30/2026 21:15,16,88,0,208.75,4.975,1010.8,0,1
8/30/2026 21:30,15.9,88,0,203.5,5.25,1010.9,0,1
8/30/2026 21:45,15.8,88,0,198.25,5.525,1011,0,1
8/30/2026 22:00,15.7,88,0,193,5.8,1011.1,0,1
8/30/2026 22:15,15.475,89.25,0,193.5,5.875,1011.1,0,1
8/30/2026 22:30,15.25,90.5,0,194,5.95,1011.1,0,1
8/30/2026 22:45,15.025,91.75,0,194.5,6.025,1011.1,0,1
8/30/2026 23:00,14.8,93,0,195,6.1,1011.1,0,1
8/30/2026 23:15,14.625,93.75,0,194.75,6.1,1011.15,0,1
8/30/2026 23:30,14.45,94.5,0,194.5,6.1,1011.2,0,1
8/30/2026 23:45,14.275,95.25,0,194.25,6.1,1011.25,0,1
8/31/2026 0:00,14.1,96,0,194,6.1,1011.3,0,1
8/31/2026 0:15,13.775,96.5,0,195,6.1,1011.6,0,1
8/31/2026 0:30,13.45,97,0,196,6.1,1011.9,0,1
8/31/2026 0:45,13.125,97.5,0,197,6.1,1012.2,0,1
8/31/2026 5:00,12.8,98,0,198,6.1,1012.5,0,1
8/31/2026 5:15,13.4,95.25,0,196.25,6.2,1012.55,0,1
8/31/2026 5:30,14,92.5,0,194.5,6.3,1012.6,0,1
8/31/2026 5:45,14.6,89.75,0,192.75,6.4,1012.65,0,1
8/31/2026 6:00,15.2,87,0,191,6.5,1012.7,0,1
8/31/2026 6:15,15.725,84.75,0,191,6.05,1012.775,0,1
8/31/2026 6:30,16.25,82.5,0,191,5.6,1012.85,0,1
8/31/2026 6:45,16.775,80.25,0,191,5.15,1012.925,0,1
8/31/2026 7:00,17.3,78,0,191,4.7,1013,0,1
8/31/2026 7:15,18.075,75.5,0,191.75,4.775,1013.125,0,1
8/31/2026 7:30,18.85,73,0,192.5,4.85,1013.25,0,1
8/31/2026 7:45,19.625,70.5,0,193.25,4.925,1013.375,0,1
8/31/2026 8:00,20.4,68,0,194,5,1013.5,0,1
8/31/2026 8:15,20.925,66.75,0,192.75,5.2,1013.475,0,1
8/31/2026 8:30,21.45,65.5,0,191.5,5.4,1013.45,0,1
8/31/2026 8:45,21.975,64.25,0,190.25,5.6,1013.425,0,1
8/31/2026 9:00,22.5,63,0,189,5.8,1013.4,0,1
8/31/2026 9:15,22.675,60.5,0,188,6.15,1013.375,0,1
8/31/2026 9:30,22.85,58,0,187,6.5,1013.35,0,1
8/31/2026 9:45,23.025,55.5,0,186,6.85,1013.325,0,1
8/31/2026 10:00,23.2,53,0,185,7.2,1013.3,0,1
8/31/2026 10:15,23.325,51.75,0,184.5,7.55,1013.2,0,1
8/31/2026 10:30,23.45,50.5,0,184,7.9,1013.1,0,1
8/31/2026 10:45,23.575,49.25,0,183.5,8.25,1013,0,1
8/31/2026 11:00,23.7,48,0,183,8.6,1012.9,0,1
8/31/2026 11:15,23.85,47.5,0,183.5,8.525,1012.875,0,1
8/31/2026 11:30,24,47,0,184,8.45,1012.85,0,1
8/31/2026 11:45,24.15,46.5,0,184.5,8.375,1012.825,0,1
8/31/2026 12:00,24.3,46,0,185,8.3,1012.8,0,1
8/31/2026 12:15,24.5,45.5,0,189,8.2,1012.775,0.25,1
8/31/2026 12:30,24.7,45,0,193,8.1,1012.75,0.5,1
8/31/2026 12:45,24.9,44.5,0,197,8,1012.725,0.75,1
8/31/2026 13:00,25.1,44,0,201,7.9,1012.7,1,1
8/31/2026 13:15,25.05,43.75,0,201.25,7.725,1012.65,1,1.25
8/31/2026 13:30,25,43.5,0,201.5,7.55,1012.6,1,1.5
8/31/2026 13:45,24.95,43.25,0,201.75,7.375,1012.55,1,1.75
8/31/2026 14:00,24.9,43,0,202,7.2,1012.5,1,2
8/31/2026 14:15,25.05,42.25,0,200,7.025,1012.425,1,1.75
8/31/2026 14:30,25.2,41.5,0,198,6.85,1012.35,1,1.5
8/31/2026 14:45,25.35,40.75,0,196,6.675,1012.275,1,1.25
8/31/2026 15:00,25.5,40,0,194,6.5,1012.2,1,1
8/31/2026 15:15,25.375,40.25,0,188.25,5.95,1012.1,1,1.25
8/31/2026 15:30,25.25,40.5,0,182.5,5.4,1012,1,1.5
8/31/2026 15:45,25.125,40.75,0,176.75,4.85,1011.9,1,1.75
8/31/2026 16:00,25,41,0,171,4.3,1011.8,1,2
8/31/2026 16:15,24.9,41.75,0,148.75,5.025,1011.775,1.25,2
8/31/2026 16:30,24.8,42.5,0,126.5,5.75,1011.75,1.5,2
8/31/2026 16:45,24.7,43.25,0,104.25,6.475,1011.725,1.75,2
8/31/2026 17:00,24.6,44,0,82,7.2,1011.7,2,2
8/31/2026 17:15,23.675,48.25,0,87.25,7.2,1011.725,2,2
8/31/2026 17:30,22.75,52.5,0,92.5,7.2,1011.75,2,2
8/31/2026 17:45,21.825,56.75,0,97.75,7.2,1011.775,2,2
8/31/2026 18:00,20.9,61,0,103,7.2,1011.8,2,2
8/31/2026 18:15,20.475,63.75,0,107.75,7.3,1011.9,1.5,2
8/31/2026 18:30,20.05,66.5,0,112.5,7.4,1012,1,2
8/31/2026 18:45,19.625,69.25,0,117.25,7.5,1012.1,0.5,2
8/31/2026 19:00,19.2,72,0,122,7.6,1012.2,0,2
8/31/2026 19:15,19.225,71.5,0,122.5,7.6,1012.25,0,1.75
8/31/2026 19:30,19.25,71,0,123,7.6,1012.3,0,1.5
8/31/2026 19:45,19.275,70.5,0,123.5,7.6,1012.35,0,1.25
8/31/2026 20:00,19.3,70,0,124,7.6,1012.4,0,1
8/31/2026 20:15,18.925,71.75,0,119.5,8.05,1012.375,0,1
8/31/2026 20:30,18.55,73.5,0,115,8.5,1012.35,0,1
8/31/2026 20:45,18.175,75.25,0,110.5,8.95,1012.325,0,1
8/31/2026 21:00,17.8,77,0,106,9.4,1012.3,0,1
8/31/2026 21:15,17.825,75.75,0,105,9.65,1012.275,0,1
8/31/2026 21:30,17.85,74.5,0,104,9.9,1012.25,0,1
8/31/2026 21:45,17.875,73.25,0,103,10.15,1012.225,0,1
8/31/2026 22:00,17.9,72,0,102,10.4,1012.2,0,1
8/31/2026 22:15,17.575,73.5,0,103.5,10.225,1012.1,0,1
8/31/2026 22:30,17.25,75,0,105,10.05,1012,0,1
8/31/2026 22:45,16.925,76.5,0,106.5,9.875,1011.9,0,1
8/31/2026 23:00,16.6,78,0,108,9.7,1011.8,0,1
8/31/2026 23:15,16.5,78,0,110,9.7,1011.8,0,1
8/31/2026 23:30,16.4,78,0,112,9.7,1011.8,0,1
8/31/2026 23:45,16.3,78,0,114,9.7,1011.8,0,1
9/1/2026 0:00,16.2,78,0,116,9.7,1011.8,0,1
9/1/2026 0:15,15.85,80,0,116,10.25,1011.475,0,1
9/1/2026 0:30,15.5,82,0,116,10.8,1011.15,0,1
9/1/2026 0:45,15.15,84,0,116,11.35,1010.825,0,1
9/1/2026 5:00,14.8,86,0,116,11.9,1010.5,0,1
9/1/2026 5:15,15.35,84,0,114,12.075,1010.55,0,1
9/1/2026 5:30,15.9,82,0,112,12.25,1010.6,0,1
9/1/2026 5:45,16.45,80,0,110,12.425,1010.65,0,1
9/1/2026 6:00,17,78,0,108,12.6,1010.7,0,1
9/1/2026 6:15,17.65,76,0,109.5,12.325,1010.575,0,1
9/1/2026 6:30,18.3,74,0,111,12.05,1010.45,0,1
9/1/2026 6:45,18.95,72,0,112.5,11.775,1010.325,0,1
9/1/2026 7:00,19.6,70,0,114,11.5,1010.2,0,1
9/1/2026 7:15,20.225,68,0,115.5,11.5,1010.2,0,1
9/1/2026 7:30,20.85,66,0,117,11.5,1010.2,0,1
9/1/2026 7:45,21.475,64,0,118.5,11.5,1010.2,0,1
9/1/2026 8:00,22.1,62,0,120,11.5,1010.2,0,1
9/1/2026 8:15,22.525,60.75,0,122.75,12.125,1010.1,0,1
9/1/2026 8:30,22.95,59.5,0,125.5,12.75,1010,0,1
9/1/2026 8:45,23.375,58.25,0,128.25,13.375,1009.9,0,1
9/1/2026 9:00,23.8,57,0,131,14,1009.8,0,1
9/1/2026 9:15,24,55.5,0,133.75,14.1,1009.725,1.5,1
9/1/2026 9:30,24.2,54,0,136.5,14.2,1009.65,3,1
9/1/2026 9:45,24.4,52.5,0,139.25,14.3,1009.575,4.5,1
9/1/2026 10:00,24.6,51,0,142,14.4,1009.5,6,1
9/1/2026 10:15,24.7,51.25,0,143,14.75,1009.35,4.75,1.5
9/1/2026 10:30,24.8,51.5,0,144,15.1,1009.2,3.5,2
9/1/2026 10:45,24.9,51.75,0,145,15.45,1009.05,2.25,2.5
9/1/2026 11:00,25,52,0,146,15.8,1008.9,1,3
9/1/2026 11:15,25.275,50,0,150.25,16.35,1008.875,2.25,2.5
9/1/2026 11:30,25.55,48,0,154.5,16.9,1008.85,3.5,2
9/1/2026 11:45,25.825,46,0,158.75,17.45,1008.825,4.75,1.5
9/1/2026 12:00,26.1,44,0,163,18,1008.8,6,1
9/1/2026 12:15,26.05,44.5,0,164,17.65,1008.725,6.5,1.5
9/1/2026 12:30,26,45,0,165,17.3,1008.65,7,2
9/1/2026 12:45,25.95,45.5,0,166,16.95,1008.575,7.5,2.5
9/1/2026 13:00,25.9,46,0,167,16.6,1008.5,8,3
9/1/2026 13:15,26.25,45.25,0,165.75,15.95,1008.4,8,3
9/1/2026 13:30,26.6,44.5,0,164.5,15.3,1008.3,8,3
9/1/2026 13:45,26.95,43.75,0,163.25,14.65,1008.2,8,3
9/1/2026 14:00,27.3,43,0,162,14,1008.1,8,3
9/1/2026 14:15,27.15,42.75,0,162.75,13.55,1008.075,8,3
9/1/2026 14:30,27,42.5,0,163.5,13.1,1008.05,8,3
9/1/2026 14:45,26.85,42.25,0,164.25,12.65,1008.025,8,3
9/1/2026 15:00,26.7,42,0,165,12.2,1008,8,3
9/1/2026 15:15,26.625,42.75,0,163.25,11.4,1008,7.75,3
9/1/2026 15:30,26.55,43.5,0,161.5,10.6,1008,7.5,3
9/1/2026 15:45,26.475,44.25,0,159.75,9.8,1008,7.25,3
9/1/2026 16:00,26.4,45,0,158,9,1008,7,3
9/1/2026 16:15,26.025,47.25,0,152.5,9,1008,7.25,3
9/1/2026 16:30,25.65,49.5,0,147,9,1008,7.5,3
9/1/2026 16:45,25.275,51.75,0,141.5,9,1008,7.75,3
9/1/2026 17:00,24.9,54,0,136,9,1008,8,3
9/1/2026 17:15,24.35,56.25,0,137,9,1007.975,8,3
9/1/2026 17:30,23.8,58.5,0,138,9,1007.95,8,3
9/1/2026 17:45,23.25,60.75,0,139,9,1007.925,8,3
9/1/2026 18:00,22.7,63,0,140,9,1007.9,8,3
9/1/2026 18:15,22.5,62.75,0,140.5,8.825,1007.975,8,3
9/1/2026 18:30,22.3,62.5,0,141,8.65,1008.05,8,3
9/1/2026 18:45,22.1,62.25,0,141.5,8.475,1008.125,8,3
9/1/2026 19:00,21.9,62,0,142,8.3,1008.2,8,3
9/1/2026 19:15,21.55,63.5,0,176.75,9.825,1008.375,8,3
9/1/2026 19:30,21.2,65,0,211.5,11.35,1008.55,8,3
9/1/2026 19:45,20.85,66.5,0,246.25,12.875,1008.725,8,3
9/1/2026 20:00,20.5,68,0,281,14.4,1008.9,8,3
9/1/2026 20:15,20.375,69,0,288,13.6,1009,8,3
9/1/2026 20:30,20.25,70,0,295,12.8,1009.1,8,3
9/1/2026 20:45,20.125,71,0,302,12,1009.2,8,3
9/1/2026 21:00,20,72,0,309,11.2,1009.3,8,3
9/1/2026 21:15,19.975,72.25,0,306.25,11.375,1009.35,8,4
9/1/2026 21:30,19.95,72.5,0,303.5,11.55,1009.4,8,5
9/1/2026 21:45,19.925,72.75,0,300.75,11.725,1009.45,8,6
9/1/2026 22:00,19.9,73,0,298,11.9,1009.5,8,7
9/1/2026 22:15,19.425,77.25,0.15,297,11,1009.5,8,7.25
9/1/2026 22:30,18.95,81.5,0.3,296,10.1,1009.5,8,7.5
9/1/2026 22:45,18.475,85.75,0.45,295,9.2,1009.5,8,7.75
9/1/2026 23:00,18,90,0.6,294,8.3,1009.5,8,8
9/1/2026 23:15,17.875,91,0.525,296,8.125,1009.475,8,8
9/1/2026 23:30,17.75,92,0.45,298,7.95,1009.45,8,8
9/1/2026 23:45,17.625,93,0.375,300,7.775,1009.425,8,8
9/2/2026 0:00,17.5,94,0.3,302,7.6,1009.4,8,8
9/2/2026 0:15,17.35,94.5,0.225,309,6.95,1009.425,8,8.25
9/2/2026 0:30,17.2,95,0.15,316,6.3,1009.45,8,8.5
9/2/2026 0:45,17.05,95.5,0.075,323,5.65,1009.475,8,8.75
9/2/2026 5:00,16.9,96,0,330,5,1009.5,8,9
9/2/2026 5:15,16.925,96.25,0.075,311.25,4.825,1009.4,8,8.75
9/2/2026 5:30,16.95,96.5,0.15,292.5,4.65,1009.3,8,8.5
9/2/2026 5:45,16.975,96.75,0.225,273.75,4.475,1009.2,8,8.25
9/2/2026 6:00,17,97,0.3,255,4.3,1009.1,8,8
9/2/2026 6:15,17.075,97,0.275,263.25,4.85,1009.125,8,8
9/2/2026 6:30,17.15,97,0.25,271.5,5.4,1009.15,8,8
9/2/2026 6:45,17.225,97,0.225,279.75,5.95,1009.175,8,8
9/2/2026 7:00,17.3,97,0.2,288,6.5,1009.2,8,8
9/2/2026 7:15,17.3,96.5,0.2,287,6.775,1009.275,8,8
9/2/2026 7:30,17.3,96,0.2,286,7.05,1009.35,8,8
9/2/2026 7:45,17.3,95.5,0.2,285,7.325,1009.425,8,8
9/2/2026 8:00,17.3,95,0.2,284,7.6,1009.5,8,8
9/2/2026 8:15,17.225,95.5,0.55,282.5,7.675,1009.55,8,8
9/2/2026 8:30,17.15,96,0.9,281,7.75,1009.6,8,8
9/2/2026 8:45,17.075,96.5,1.25,279.5,7.825,1009.65,8,8
9/2/2026 9:00,17,97,1.6,278,7.9,1009.7,8,8
9/2/2026 9:15,17,96,1.6,279.5,7.55,1009.7,8,8
9/2/2026 9:30,17,95,1.6,281,7.2,1009.7,8,8
9/2/2026 9:45,17,94,1.6,282.5,6.85,1009.7,8,8
9/2/2026 10:00,17,93,1.6,284,6.5,1009.7,8,8
9/2/2026 10:15,17.15,92,1.325,275.25,7.125,1009.75,8,8
9/2/2026 10:30,17.3,91,1.05,266.5,7.75,1009.8,8,8
9/2/2026 10:45,17.45,90,0.775,257.75,8.375,1009.85,8,8
9/2/2026 11:00,17.6,89,0.5,249,9,1009.9,8,8
9/2/2026 11:15,17.85,88,0.375,248.5,8.825,1009.925,8,8
9/2/2026 11:30,18.1,87,0.25,248,8.65,1009.95,8,8
9/2/2026 11:45,18.35,86,0.125,247.5,8.475,1009.975,8,8
9/2/2026 12:00,18.6,85,0,247,8.3,1010,8,8
9/2/2026 12:15,18.65,84,0,244.75,7.925,1009.95,8,8
9/2/2026 12:30,18.7,83,0,242.5,7.55,1009.9,8,8
9/2/2026 12:45,18.75,82,0,240.25,7.175,1009.85,8,8
9/2/2026 13:00,18.8,81,0,238,6.8,1009.8,8,8
9/2/2026 13:15,19,81.25,0,224.75,6.175,1009.7,8,7.75
9/2/2026 13:30,19.2,81.5,0,211.5,5.55,1009.6,8,7.5
9/2/2026 13:45,19.4,81.75,0,198.25,4.925,1009.5,8,7.25
9/2/2026 14:00,19.6,82,0,185,4.3,1009.4,8,7
9/2/2026 14:15,19.575,81.5,0,186.75,4.85,1009.45,7.25,6
9/2/2026 14:30,19.55,81,0,188.5,5.4,1009.5,6.5,5
9/2/2026 14:45,19.525,80.5,0,190.25,5.95,1009.55,5.75,4
9/2/2026 15:00,19.5,80,0,192,6.5,1009.6,5,3
9/2/2026 15:15,19.55,79.5,0,194.75,6.675,1009.55,4.75,3
9/2/2026 15:30,19.6,79,0,197.5,6.85,1009.5,4.5,3
9/2/2026 15:45,19.65,78.5,0,200.25,7.025,1009.45,4.25,3
9/2/2026 16:00,19.7,78,0,203,7.2,1009.4,4,3
9/2/2026 16:15,19.55,79.25,0,197.25,6.575,1009.425,4,3
9/2/2026 16:30,19.4,80.5,0,191.5,5.95,1009.45,4,3
9/2/2026 16:45,19.25,81.75,0,185.75,5.325,1009.475,4,3
9/2/2026 17:00,19.1,83,0,180,4.7,1009.5,4,3
9/2/2026 17:15,18.825,84.75,0,180.5,4.875,1009.575,4,3
9/2/2026 17:30,18.55,86.5,0,181,5.05,1009.65,4,3
9/2/2026 17:45,18.275,88.25,0,181.5,5.225,1009.725,4,3
9/2/2026 18:00,18,90,0,182,5.4,1009.8,4,3
9/2/2026 18:15,17.975,90.5,0.025,188.25,5.75,1009.875,3.25,3
9/2/2026 18:30,17.95,91,0.05,194.5,6.1,1009.95,2.5,3
9/2/2026 18:45,17.925,91.5,0.075,200.75,6.45,1010.025,1.75,3
9/2/2026 19:00,17.9,92,0.1,207,6.8,1010.1,1,3
9/2/2026 19:15,17.775,92.75,0.075,203.5,6.625,1010.2,1,2.5
9/2/2026 19:30,17.65,93.5,0.05,200,6.45,1010.3,1,2
9/2/2026 19:45,17.525,94.25,0.025,196.5,6.275,1010.4,1,1.5
9/2/2026 20:00,17.4,95,0,193,6.1,1010.5,1,1
9/2/2026 20:15,17.425,94.25,0,184.75,6.275,1010.7,2.5,1
9/2/2026 20:30,17.45,93.5,0,176.5,6.45,1010.9,4,1
9/2/2026 20:45,17.475,92.75,0,168.25,6.625,1011.1,5.5,1
9/2/2026 21:00,17.5,92,0,160,6.8,1011.3,7,1
9/2/2026 21:15,17.4,92.5,0,165,7.25,1011.25,7,1.5
9/2/2026 21:30,17.3,93,0,170,7.7,1011.2,7,2
9/2/2026 21:45,17.2,93.5,0,175,8.15,1011.15,7,2.5
9/2/2026 22:00,17.1,94,0,180,8.6,1011.1,7,3
9/2/2026 22:15,17.025,94.25,0,185.25,8.875,1011.175,6,3
9/2/2026 22:30,16.95,94.5,0,190.5,9.15,1011.25,5,3
9/2/2026 22:45,16.875,94.75,0,195.75,9.425,1011.325,4,3
9/2/2026 23:00,16.8,95,0,201,9.7,1011.4,3,3
9/2/2026 23:15,16.525,95.5,0,202.75,9.625,1011.425,2.25,2.75
9/2/2026 23:30,16.25,96,0,204.5,9.55,1011.45,1.5,2.5
9/2/2026 23:45,15.975,96.5,0,206.25,9.475,1011.475,0.75,2.25
9/3/2026 0:00,15.7,97,0,208,9.4,1011.5,0,2
9/3/2026 0:15,15.175,96.75,0,205,9.3,1011.675,0,1.75
9/3/2026 0:30,14.65,96.5,0,202,9.2,1011.85,0,1.5
9/3/2026 0:45,14.125,96.25,0,199,9.1,1012.025,0,1.25
9/3/2026 5:00,13.6,96,0,196,9,1012.2,0,1
9/3/2026 5:15,14,94.5,0,193.75,9.35,1012.25,0,1
9/3/2026 5:30,14.4,93,0,191.5,9.7,1012.3,0,1
9/3/2026 5:45,14.8,91.5,0,189.25,10.05,1012.35,0,1
9/3/2026 6:00,15.2,90,0,187,10.4,1012.4,0,1
9/3/2026 6:15,15.675,87.75,0,185.75,9.95,1012.475,0,1
9/3/2026 6:30,16.15,85.5,0,184.5,9.5,1012.55,0,1
9/3/2026 6:45,16.625,83.25,0,183.25,9.05,1012.625,0,1
9/3/2026 7:00,17.1,81,0,182,8.6,1012.7,0,1
9/3/2026 7:15,17.575,79.25,0,182,8.875,1012.75,0,1
9/3/2026 7:30,18.05,77.5,0,182,9.15,1012.8,0,1
9/3/2026 7:45,18.525,75.75,0,182,9.425,1012.85,0,1
9/3/2026 8:00,19,74,0,182,9.7,1012.9,0,1
9/3/2026 8:15,19.6,71,0,182,10.15,1012.9,0,1
9/3/2026 8:30,20.2,68,0,182,10.6,1012.9,0,1
9/3/2026 8:45,20.8,65,0,182,11.05,1012.9,0,1
9/3/2026 9:00,21.4,62,0,182,11.5,1012.9,0,1
9/3/2026 9:15,21.65,60,0,181.5,12.225,1012.825,0,1
9/3/2026 9:30,21.9,58,0,181,12.95,1012.75,0,1
9/3/2026 9:45,22.15,56,0,180.5,13.675,1012.675,0,1
9/3/2026 10:00,22.4,54,0,180,14.4,1012.6,0,1
9/3/2026 10:15,22.65,53.25,0,181.5,14.675,1012.475,0,1
9/3/2026 10:30,22.9,52.5,0,183,14.95,1012.35,0,1
9/3/2026 10:45,23.15,51.75,0,184.5,15.225,1012.225,0,1
9/3/2026 11:00,23.4,51,0,186,15.5,1012.1,0,1
9/3/2026 11:15,23.6,50.25,0,189,16.75,1011.975,2,1
9/3/2026 11:30,23.8,49.5,0,192,18,1011.85,4,1
9/3/2026 11:45,24,48.75,0,195,19.25,1011.725,6,1
9/3/2026 12:00,24.2,48,0,198,20.5,1011.6,8,1
9/3/2026 12:15,24,48.75,0,195,18.875,1011.55,7.5,1.5
9/3/2026 12:30,23.8,49.5,0,192,17.25,1011.5,7,2
9/3/2026 12:45,23.6,50.25,0,189,15.625,1011.45,6.5,2.5
9/3/2026 13:00,23.4,51,0,186,14,1011.4,6,3
9/3/2026 13:15,23.525,50.5,0,189.25,15.35,1011.35,5.75,3
9/3/2026 13:30,23.65,50,0,192.5,16.7,1011.3,5.5,3
9/3/2026 13:45,23.775,49.5,0,195.75,18.05,1011.25,5.25,3
9/3/2026 14:00,23.9,49,0,199,19.4,1011.2,5,3
9/3/2026 14:15,24.125,49.25,0,196.75,18.25,1011.175,4.25,3
9/3/2026 14:30,24.35,49.5,0,194.5,17.1,1011.15,3.5,3
9/3/2026 14:45,24.575,49.75,0,192.25,15.95,1011.125,2.75,3
9/3/2026 15:00,24.8,50,0,190,14.8,1011.1,2,3
9/3/2026 15:15,24.625,49.75,0,184.25,14.15,1011,1.75,2.75
9/3/2026 15:30,24.45,49.5,0,178.5,13.5,1010.9,1.5,2.5
9/3/2026 15:45,24.275,49.25,0,172.75,12.85,1010.8,1.25,2.25
9/3/2026 16:00,24.1,49,0,167,12.2,1010.7,1,2
9/3/2026 16:15,23.925,49.5,0,164.5,11.95,1010.725,1,1.75
9/3/2026 16:30,23.75,50,0,162,11.7,1010.75,1,1.5
9/3/2026 16:45,23.575,50.5,0,159.5,11.45,1010.775,1,1.25
9/3/2026 17:00,23.4,51,0,157,11.2,1010.8,1,1
9/3/2026 17:15,22.9,53.25,0,156.75,11.275,1010.85,1.75,1.25
9/3/2026 17:30,22.4,55.5,0,156.5,11.35,1010.9,2.5,1.5
9/3/2026 17:45,21.9,57.75,0,156.25,11.425,1010.95,3.25,1.75
9/3/2026 18:00,21.4,60,0,156,11.5,1011,4,2
9/3/2026 18:15,20.875,63,0,155.5,11.6,1011,5,2.25
9/3/2026 18:30,20.35,66,0,155,11.7,1011,6,2.5
9/3/2026 18:45,19.825,69,0,154.5,11.8,1011,7,2.75
9/3/2026 19:00,19.3,72,0,154,11.9,1011,8,3
9/3/2026 19:15,19.175,72.5,0,155.5,12.075,1011.1,8,3
9/3/2026 19:30,19.05,73,0,157,12.25,1011.2,8,3
9/3/2026 19:45,18.925,73.5,0,158.5,12.425,1011.3,8,3
9/3/2026 20:00,18.8,74,0,160,12.6,1011.4,8,3
9/3/2026 20:15,18.725,74,0,160.75,12.5,1011.475,7.5,3
9/3/2026 20:30,18.65,74,0,161.5,12.4,1011.55,7,3
9/3/2026 20:45,18.575,74,0,162.25,12.3,1011.625,6.5,3
9/3/2026 21:00,18.5,74,0,163,12.2,1011.7,6,3
9/3/2026 21:15,18.55,73.25,0,164.25,12.025,1011.7,5.75,3
9/3/2026 21:30,18.6,72.5,0,165.5,11.85,1011.7,5.5,3
9/3/2026 21:45,18.65,71.75,0,166.75,11.675,1011.7,5.25,3
9/3/2026 22:00,18.7,71,0,168,11.5,1011.7,5,3
9/3/2026 22:15,18.625,71.25,0,169.75,11.6,1011.725,3.75,3
9/3/2026 22:30,18.55,71.5,0,171.5,11.7,1011.75,2.5,3
9/3/2026 22:45,18.475,71.75,0,173.25,11.8,1011.775,1.25,3
9/3/2026 23:00,18.4,72,0,175,11.9,1011.8,0,3
9/3/2026 23:15,18.25,72.75,0,177,11.625,1011.85,0,2.5
9/3/2026 23:30,18.1,73.5,0,179,11.35,1011.9,0,2
9/3/2026 23:45,17.95,74.25,0,181,11.075,1011.95,0,1.5
9/4/2026 0:00,17.8,75,0,183,10.8,1012,0,1
9/4/2026 0:15,17.35,77.25,0,178.5,10.8,1012.1,0.25,1.5
9/4/2026 0:30,16.9,79.5,0,174,10.8,1012.2,0.5,2
9/4/2026 0:45,16.45,81.75,0,169.5,10.8,1012.3,0.75,2.5
9/4/2026 5:00,16,84,0,165,10.8,1012.4,1,3
9/4/2026 5:15,16.025,84.25,0,165.5,11.075,1012.525,1.75,2.75
9/4/2026 5:30,16.05,84.5,0,166,11.35,1012.65,2.5,2.5
9/4/2026 5:45,16.075,84.75,0,166.5,11.625,1012.775,3.25,2.25
9/4/2026 6:00,16.1,85,0,167,11.9,1012.9,4,2
9/4/2026 6:15,17,81.75,0,167.75,11.45,1012.9,3.25,2.25
9/4/2026 6:30,17.9,78.5,0,168.5,11,1012.9,2.5,2.5
9/4/2026 6:45,18.8,75.25,0,169.25,10.55,1012.9,1.75,2.75
9/4/2026 7:00,19.7,72,0,170,10.1,1012.9,1,3
9/4/2026 7:15,20.175,69.5,0,175.25,10,1012.975,1.25,2.75
9/4/2026 7:30,20.65,67,0,180.5,9.9,1013.05,1.5,2.5
9/4/2026 7:45,21.125,64.5,0,185.75,9.8,1013.125,1.75,2.25
9/4/2026 8:00,21.6,62,0,191,9.7,1013.2,2,2
9/4/2026 8:15,22.225,60.75,0,194.25,9.7,1013.275,3,2
9/4/2026 8:30,22.85,59.5,0,197.5,9.7,1013.35,4,2
9/4/2026 8:45,23.475,58.25,0,200.75,9.7,1013.425,5,2
9/4/2026 9:00,24.1,57,0,204,9.7,1013.5,6,2
9/4/2026 9:15,24.2,56.5,0,206,9.625,1013.5,6.5,2.25
9/4/2026 9:30,24.3,56,0,208,9.55,1013.5,7,2.5
9/4/2026 9:45,24.4,55.5,0,210,9.475,1013.5,7.5,2.75
9/4/2026 10:00,24.5,55,0,212,9.4,1013.5,8,3
9/4/2026 10:15,24.875,53.25,0,210.75,9.475,1013.5,8,3
9/4/2026 10:30,25.25,51.5,0,209.5,9.55,1013.5,8,3
9/4/2026 10:45,25.625,49.75,0,208.25,9.625,1013.5,8,3
9/4/2026 11:00,26,48,0,207,9.7,1013.5,8,3
9/4/2026 11:15,26.125,48.25,0,208,10.6,1013.45,8,3
9/4/2026 11:30,26.25,48.5,0,209,11.5,1013.4,8,3
9/4/2026 11:45,26.375,48.75,0,210,12.4,1013.35,8,3
9/4/2026 12:00,26.5,49,0,211,13.3,1013.3,8,3
9/4/2026 12:15,26.575,49,0,207.5,13.125,1013.225,8,3
9/4/2026 12:30,26.65,49,0,204,12.95,1013.15,8,3
9/4/2026 12:45,26.725,49,0,200.5,12.775,1013.075,8,3
9/4/2026 13:00,26.8,49,0,197,12.6,1013,8,3
9/4/2026 13:15,26.925,48.75,0,197.75,12.6,1012.925,8,3
9/4/2026 13:30,27.05,48.5,0,198.5,12.6,1012.85,8,3
9/4/2026 13:45,27.175,48.25,0,199.25,12.6,1012.775,8,3
9/4/2026 14:00,27.3,48,0,200,12.6,1012.7,8,3
9/4/2026 14:15,27.125,48.5,0,201,12.15,1012.725,8,3
9/4/2026 14:30,26.95,49,0,202,11.7,1012.75,8,3
9/4/2026 14:45,26.775,49.5,0,203,11.25,1012.775,8,3
9/4/2026 15:00,26.6,50,0,204,10.8,1012.8,8,3
9/4/2026 15:15,26.55,50,0,204,10.075,1012.8,8,3
9/4/2026 15:30,26.5,50,0,204,9.35,1012.8,8,3
9/4/2026 15:45,26.45,50,0,204,8.625,1012.8,8,3
9/4/2026 16:00,26.4,50,0,204,7.9,1012.8,8,3
9/4/2026 16:15,26.125,51.5,0,197,7.825,1012.85,8,3
9/4/2026 16:30,25.85,53,0,190,7.75,1012.9,8,3
9/4/2026 16:45,25.575,54.5,0,183,7.675,1012.95,8,3
9/4/2026 17:00,25.3,56,0,176,7.6,1013,8,3
9/4/2026 17:15,24.6,59.25,0,172.5,7.6,1013.025,8,3
9/4/2026 17:30,23.9,62.5,0,169,7.6,1013.05,8,3
9/4/2026 17:45,23.2,65.75,0,165.5,7.6,1013.075,8,3
9/4/2026 18:00,22.5,69,0,162,7.6,1013.1,8,3
9/4/2026 18:15,22.175,70.25,0,158.75,7.6,1013.15,7.5,3
9/4/2026 18:30,21.85,71.5,0,155.5,7.6,1013.2,7,3
9/4/2026 18:45,21.525,72.75,0,152.25,7.6,1013.25,6.5,3
9/4/2026 19:00,21.2,74,0,149,7.6,1013.3,6,3
9/4/2026 19:15,21,75.5,0,148.75,7.5,1013.275,5,3
9/4/2026 19:30,20.8,77,0,148.5,7.4,1013.25,4,3
9/4/2026 19:45,20.6,78.5,0,148.25,7.3,1013.225,3,3
9/4/2026 20:00,20.4,80,0,148,7.2,1013.2,2,3
9/4/2026 20:15,20.325,80,0,144.5,7.1,1013.225,3,2.75
9/4/2026 20:30,20.25,80,0,141,7,1013.25,4,2.5
9/4/2026 20:45,20.175,80,0,137.5,6.9,1013.275,5,2.25
9/4/2026 21:00,20.1,80,0,134,6.8,1013.3,6,2
9/4/2026 21:15,20.25,79.5,0,129,6.625,1013.2,6.25,2.25
9/4/2026 21:30,20.4,79,0,124,6.45,1013.1,6.5,2.5
9/4/2026 21:45,20.55,78.5,0,119,6.275,1013,6.75,2.75
9/4/2026 22:00,20.7,78,0,114,6.1,1012.9,7,3
9/4/2026 22:15,20.675,77.75,0,115.25,5.925,1012.975,6.5,3
9/4/2026 22:30,20.65,77.5,0,116.5,5.75,1013.05,6,3
9/4/2026 22:45,20.625,77.25,0,117.75,5.575,1013.125,5.5,3
9/4/2026 23:00,20.6,77,0,119,5.4,1013.2,5,3
9/4/2026 23:15,20.575,77,0,136.75,6.65,1013.3,5.75,3
9/4/2026 23:30,20.55,77,0,154.5,7.9,1013.4,6.5,3
9/4/2026 23:45,20.525,77,0,172.25,9.15,1013.5,7.25,3
9/5/2026 0:00,20.5,77,0,190,10.4,1013.6,8,3
9/5/2026 0:15,19.75,79.25,0,212.75,9.775,1013.5,8,4.5
9/5/2026 0:30,19,81.5,0,235.5,9.15,1013.4,8,6
9/5/2026 0:45,18.25,83.75,0,258.25,8.525,1013.3,8,7.5
9/5/2026 5:00,17.5,86,0,281,7.9,1013.2,8,9
9/5/2026 5:15,17.55,86.25,0,275,7.9,1013.4,8,9
9/5/2026 5:30,17.6,86.5,0,269,7.9,1013.6,8,9
9/5/2026 5:45,17.65,86.75,0,263,7.9,1013.8,8,9
9/5/2026 6:00,17.7,87,0,257,7.9,1014,8,9
9/5/2026 6:15,17.55,89,0.5,257.75,8.275,1014.1,8,9
9/5/2026 6:30,17.4,91,1,258.5,8.65,1014.2,8,9
9/5/2026 6:45,17.25,93,1.5,259.25,9.025,1014.3,8,9
9/5/2026 7:00,17.1,95,2,260,9.4,1014.4,8,9
9/5/2026 7:15,17.225,94.5,1.625,260,9.925,1014.625,8,9
9/5/2026 7:30,17.35,94,1.25,260,10.45,1014.85,8,9
9/5/2026 7:45,17.475,93.5,0.875,260,10.975,1015.075,8,9
9/5/2026 8:00,17.6,93,0.5,260,11.5,1015.3,8,9
9/5/2026 8:15,17.85,91.75,0.375,259.75,12.05,1015.45,7.75,8.5
9/5/2026 8:30,18.1,90.5,0.25,259.5,12.6,1015.6,7.5,8
9/5/2026 8:45,18.35,89.25,0.125,259.25,13.15,1015.75,7.25,7.5
9/5/2026 9:00,18.6,88,0,259,13.7,1015.9,7,7
9/5/2026 9:15,18.7,86.25,0,260.25,13.875,1015.975,7.25,7
9/5/2026 9:30,18.8,84.5,0,261.5,14.05,1016.05,7.5,7
9/5/2026 9:45,18.9,82.75,0,262.75,14.225,1016.125,7.75,7
9/5/2026 10:00,19,81,0,264,14.4,1016.2,8,7
9/5/2026 10:15,19.05,81.25,0,266.5,14.95,1016.3,8,7
9/5/2026 10:30,19.1,81.5,0,269,15.5,1016.4,8,7
9/5/2026 10:45,19.15,81.75,0,271.5,16.05,1016.5,8,7
9/5/2026 11:00,19.2,82,0,274,16.6,1016.6,8,7
9/5/2026 11:15,18.525,85,0.9,275,15.7,1016.725,8,7.25
9/5/2026 11:30,17.85,88,1.8,276,14.8,1016.85,8,7.5
9/5/2026 11:45,17.175,91,2.7,277,13.9,1016.975,8,7.75
9/5/2026 12:00,16.5,94,3.6,278,13,1017.1,8,8
9/5/2026 12:15,16.8,92.25,2.7,279,12.8,1017.175,7.75,7.75
9/5/2026 12:30,17.1,90.5,1.8,280,12.6,1017.25,7.5,7.5
9/5/2026 12:45,17.4,88.75,0.9,281,12.4,1017.325,7.25,7.25
9/5/2026 13:00,17.7,87,0,282,12.2,1017.4,7,7
9/5/2026 13:15,18.35,83.5,0,281,12.65,1017.55,7.25,6
9/5/2026 13:30,19,80,0,280,13.1,1017.7,7.5,5
9/5/2026 13:45,19.65,76.5,0,279,13.55,1017.85,7.75,4
9/5/2026 14:00,20.3,73,0,278,14,1018,8,3
9/5/2026 14:15,20.35,72,0,278,13.65,1018.025,6.5,3
9/5/2026 14:30,20.4,71,0,278,13.3,1018.05,5,3
9/5/2026 14:45,20.45,70,0,278,12.95,1018.075,3.5,3
9/5/2026 15:00,20.5,69,0,278,12.6,1018.1,2,3
9/5/2026 15:15,20.525,68.75,0,279,12.425,1018.125,1.75,2.75
9/5/2026 15:30,20.55,68.5,0,280,12.25,1018.15,1.5,2.5
9/5/2026 15:45,20.575,68.25,0,281,12.075,1018.175,1.25,2.25
9/5/2026 16:00,20.6,68,0,282,11.9,1018.2,1,2
9/5/2026 16:15,20.5,67.5,0,280,11.075,1018.375,1.25,2
9/5/2026 16:30,20.4,67,0,278,10.25,1018.55,1.5,2
9/5/2026 16:45,20.3,66.5,0,276,9.425,1018.725,1.75,2
9/5/2026 17:00,20.2,66,0,274,8.6,1018.9,2,2
9/5/2026 17:15,19.425,70,0,275.25,8.6,1019.1,3,2
9/5/2026 17:30,18.65,74,0,276.5,8.6,1019.3,4,2
9/5/2026 17:45,17.875,78,0,277.75,8.6,1019.5,5,2
9/5/2026 18:00,17.1,82,0,279,8.6,1019.7,6,2
9/5/2026 18:15,16.8,83.25,0,272.75,7.975,1020,6.25,2.25
9/5/2026 18:30,16.5,84.5,0,266.5,7.35,1020.3,6.5,2.5
9/5/2026 18:45,16.2,85.75,0,260.25,6.725,1020.6,6.75,2.75
9/5/2026 19:00,15.9,87,0,254,6.1,1020.9,7,3
9/5/2026 19:15,15.75,87.75,0,257,6.55,1020.975,7.25,3
9/5/2026 19:30,15.6,88.5,0,260,7,1021.05,7.5,3
9/5/2026 19:45,15.45,89.25,0,263,7.45,1021.125,7.75,3
9/5/2026 20:00,15.3,90,0,266,7.9,1021.2,8,3
9/5/2026 20:15,15.15,90.75,0,269.75,8.275,1021.325,8,3
9/5/2026 20:30,15,91.5,0,273.5,8.65,1021.45,8,3
9/5/2026 20:45,14.85,92.25,0,277.25,9.025,1021.575,8,3
9/5/2026 21:00,14.7,93,0,281,9.4,1021.7,8,3
9/5/2026 21:15,14.95,91.25,0,284.25,9.65,1021.75,8,3
9/5/2026 21:30,15.2,89.5,0,287.5,9.9,1021.8,8,3
9/5/2026 21:45,15.45,87.75,0,290.75,10.15,1021.85,8,3
9/5/2026 22:00,15.7,86,0,294,10.4,1021.9,8,3
9/5/2026 22:15,15.525,86.75,0,294.75,10.15,1022.025,8,3
9/5/2026 22:30,15.35,87.5,0,295.5,9.9,1022.15,8,3
9/5/2026 22:45,15.175,88.25,0,296.25,9.65,1022.275,8,3
9/5/2026 23:00,15,89,0,297,9.4,1022.4,8,3
9/5/2026 23:15,15.075,88.25,0,297.75,9.475,1022.5,8,3
9/5/2026 23:30,15.15,87.5,0,298.5,9.55,1022.6,8,3
9/5/2026 23:45,15.225,86.75,0,299.25,9.625,1022.7,8,3
9/6/2026 0:00,15.3,86,0,300,9.7,1022.8,8,3
9/6/2026 0:15,14.875,87.5,0,300,9.525,1023.075,8,3
9/6/2026 0:30,14.45,89,0,300,9.35,1023.35,8,3
9/6/2026 0:45,14.025,90.5,0,300,9.175,1023.625,8,3
9/6/2026 5:00,13.6,92,0,300,9,1023.9,8,3
9/6/2026 5:15,13.575,92,0,299.25,8.55,1023.975,8,3
9/6/2026 5:30,13.55,92,0,298.5,8.1,1024.05,8,3
9/6/2026 5:45,13.525,92,0,297.75,7.65,1024.125,8,3
9/6/2026 6:00,13.5,92,0,297,7.2,1024.2,8,3
9/6/2026 6:15,13.6,91.5,0,298,7.2,1024.3,8,3
9/6/2026 6:30,13.7,91,0,299,7.2,1024.4,8,3
9/6/2026 6:45,13.8,90.5,0,300,7.2,1024.5,8,3
9/6/2026 7:00,13.9,90,0,301,7.2,1024.6,8,3
9/6/2026 7:15,14.6,87.75,0,301.75,7.025,1024.675,8,3
9/6/2026 7:30,15.3,85.5,0,302.5,6.85,1024.75,8,3
9/6/2026 7:45,16,83.25,0,303.25,6.675,1024.825,8,3
9/6/2026 8:00,16.7,81,0,304,6.5,1024.9,8,3
9/6/2026 8:15,17.35,77.25,0,302.75,6.775,1024.925,8,3
9/6/2026 8:30,18,73.5,0,301.5,7.05,1024.95,8,3
9/6/2026 8:45,18.65,69.75,0,300.25,7.325,1024.975,8,3
9/6/2026 9:00,19.3,66,0,299,7.6,1025,8,3
9/6/2026 9:15,19.55,65,0,299,7.675,1024.95,6.25,3
9/6/2026 9:30,19.8,64,0,299,7.75,1024.9,4.5,3
9/6/2026 9:45,20.05,63,0,299,7.825,1024.85,2.75,3
9/6/2026 10:00,20.3,62,0,299,7.9,1024.8,1,3
9/6/2026 10:15,20.35,61.75,0,299.75,8.35,1024.825,1,2.5
9/6/2026 10:30,20.4,61.5,0,300.5,8.8,1024.85,1,2
9/6/2026 10:45,20.45,61.25,0,301.25,9.25,1024.875,1,1.5
9/6/2026 11:00,20.5,61,0,302,9.7,1024.9,1,1
9/6/2026 11:15,20.75,58,0,305,9.8,1024.825,1,1.25
9/6/2026 11:30,21,55,0,308,9.9,1024.75,1,1.5
9/6/2026 11:45,21.25,52,0,311,10,1024.675,1,1.75
9/6/2026 12:00,21.5,49,0,314,10.1,1024.6,1,2
9/6/2026 12:15,21.55,49.25,0,315,9.925,1024.55,1,2
9/6/2026 12:30,21.6,49.5,0,316,9.75,1024.5,1,2
9/6/2026 12:45,21.65,49.75,0,317,9.575,1024.45,1,2
9/6/2026 13:00,21.7,50,0,318,9.4,1024.4,1,2
9/6/2026 13:15,21.825,49.5,0,319,8.95,1024.35,1,2
9/6/2026 13:30,21.95,49,0,320,8.5,1024.3,1,2
9/6/2026 13:45,22.075,48.5,0,321,8.05,1024.25,1,2
9/6/2026 14:00,22.2,48,0,322,7.6,1024.2,1,2
9/6/2026 14:15,22.125,48.25,0,320.75,7.325,1024.125,1,1.75
9/6/2026 14:30,22.05,48.5,0,319.5,7.05,1024.05,1,1.5
9/6/2026 14:45,21.975,48.75,0,318.25,6.775,1023.975,1,1.25
9/6/2026 15:00,21.9,49,0,317,6.5,1023.9,1,1
9/6/2026 15:15,21.775,48.5,0,316.75,6.05,1023.925,0.75,1
9/6/2026 15:30,21.65,48,0,316.5,5.6,1023.95,0.5,1
9/6/2026 15:45,21.525,47.5,0,316.25,5.15,1023.975,0.25,1
9/6/2026 16:00,21.4,47,0,316,4.7,1024,0,1
9/6/2026 16:15,21.225,48.25,0,299.25,4.325,1023.975,0,1
9/6/2026 16:30,21.05,49.5,0,282.5,3.95,1023.95,0,1
9/6/2026 16:45,20.875,50.75,0,265.75,3.575,1023.925,0,1
9/6/2026 17:00,20.7,52,0,249,3.2,1023.9,0,1
9/6/2026 17:15,20.05,55.75,0,248.5,3.475,1024.05,0.25,1
9/6/2026 17:30,19.4,59.5,0,248,3.75,1024.2,0.5,1
9/6/2026 17:45,18.75,63.25,0,247.5,4.025,1024.35,0.75,1
9/6/2026 18:00,18.1,67,0,247,4.3,1024.5,1,1
9/6/2026 18:15,17.375,71,0,255,4.4,1024.55,0.75,1
9/6/2026 18:30,16.65,75,0,263,4.5,1024.6,0.5,1
9/6/2026 18:45,15.925,79,0,271,4.6,1024.65,0.25,1
9/6/2026 19:00,15.2,83,0,279,4.7,1024.7,0,1
9/6/2026 19:15,15.025,84.25,0,235.5,4.975,1024.7,0,1
9/6/2026 19:30,14.85,85.5,0,192,5.25,1024.7,0,1
9/6/2026 19:45,14.675,86.75,0,148.5,5.525,1024.7,0,1
9/6/2026 20:00,14.5,88,0,105,5.8,1024.7,0,1
9/6/2026 20:15,14.65,87,0,99.75,5.875,1024.7,0,1
9/6/2026 20:30,14.8,86,0,94.5,5.95,1024.7,0,1
9/6/2026 20:45,14.95,85,0,89.25,6.025,1024.7,0,1
9/6/2026 21:00,15.1,84,0,84,6.1,1024.7,0,1
9/6/2026 21:15,14.925,84.5,0,86,6.1,1024.725,0,1
9/6/2026 21:30,14.75,85,0,88,6.1,1024.75,0,1
9/6/2026 21:45,14.575,85.5,0,90,6.1,1024.775,0,1
9/6/2026 22:00,14.4,86,0,92,6.1,1024.8,0,1
9/6/2026 22:15,14.15,87,0,95.75,6.025,1024.775,0,1
9/6/2026 22:30,13.9,88,0,99.5,5.95,1024.75,0,1
9/6/2026 22:45,13.65,89,0,103.25,5.875,1024.725,0,1
9/6/2026 23:00,13.4,90,0,107,5.8,1024.7,0,1
9/6/2026 23:15,13.325,90,0,108.75,5.525,1024.75,0,1
9/6/2026 23:30,13.25,90,0,110.5,5.25,1024.8,0,1
9/6/2026 23:45,13.175,90,0,112.25,4.975,1024.85,0,1
9/7/2026 0:00,13.1,90,0,114,4.7,1024.9,0,1
9/7/2026 0:15,12.65,91.75,0,105.5,5.325,1024.7,0,1
9/7/2026 0:30,12.2,93.5,0,97,5.95,1024.5,0,1
9/7/2026 0:45,11.75,95.25,0,88.5,6.575,1024.3,0,1
9/7/2026 5:00,11.3,97,0,80,7.2,1024.1,0,1
9/7/2026 5:15,11.825,95,0,80,7.55,1024.125,0,1
9/7/2026 5:30,12.35,93,0,80,7.9,1024.15,0,1
9/7/2026 5:45,12.875,91,0,80,8.25,1024.175,0,1
9/7/2026 6:00,13.4,89,0,80,8.6,1024.2,0,1
9/7/2026 6:15,14.225,86.25,0,84.75,7.8,1024.175,0,1
9/7/2026 6:30,15.05,83.5,0,89.5,7,1024.15,0,1
9/7/2026 6:45,15.875,80.75,0,94.25,6.2,1024.125,0,1
9/7/2026 7:00,16.7,78,0,99,5.4,1024.1,0,1
9/7/2026 7:15,17.05,76,0,98.75,5.75,1024.075,0,1
9/7/2026 7:30,17.4,74,0,98.5,6.1,1024.05,0,1
9/7/2026 7:45,17.75,72,0,98.25,6.45,1024.025,0,1
9/7/2026 8:00,18.1,70,0,98,6.8,1024,0,1
9/7/2026 8:15,18.475,68.25,0,98.75,6.9,1023.925,0,1
9/7/2026 8:30,18.85,66.5,0,99.5,7,1023.85,0,1
9/7/2026 8:45,19.225,64.75,0,100.25,7.1,1023.775,0,1
9/7/2026 9:00,19.6,63,0,101,7.2,1023.7,0,1
9/7/2026 9:15,19.775,61.5,0,98,7.025,1023.65,0,1
9/7/2026 9:30,19.95,60,0,95,6.85,1023.6,0,1
9/7/2026 9:45,20.125,58.5,0,92,6.675,1023.55,0,1
9/7/2026 10:00,20.3,57,0,89,6.5,1023.5,0,1
9/7/2026 10:15,20.475,56.5,0,86.75,6.675,1023.35,0.5,1
9/7/2026 10:30,20.65,56,0,84.5,6.85,1023.2,1,1
9/7/2026 10:45,20.825,55.5,0,82.25,7.025,1023.05,1.5,1
9/7/2026 11:00,21,55,0,80,7.2,1022.9,2,1
9/7/2026 11:15,21.1,54,0,79,7.375,1022.825,1.75,1.25
9/7/2026 11:30,21.2,53,0,78,7.55,1022.75,1.5,1.5
9/7/2026 11:45,21.3,52,0,77,7.725,1022.675,1.25,1.75
9/7/2026 12:00,21.4,51,0,76,7.9,1022.6,1,2
9/7/2026 12:15,21.7,50.75,0,76,8.175,1022.475,1,2
9/7/2026 12:30,22,50.5,0,76,8.45,1022.35,1,2
9/7/2026 12:45,22.3,50.25,0,76,8.725,1022.225,1,2
9/7/2026 13:00,22.6,50,0,76,9,1022.1,1,2
9/7/2026 13:15,22.475,48.75,0,76,9.1,1021.975,1,1.75
9/7/2026 13:30,22.35,47.5,0,76,9.2,1021.85,1,1.5
9/7/2026 13:45,22.225,46.25,0,76,9.3,1021.725,1,1.25
9/7/2026 14:00,22.1,45,0,76,9.4,1021.6,1,1
9/7/2026 14:15,22.175,44.75,0,77.25,9.475,1021.525,0.75,1
9/7/2026 14:30,22.25,44.5,0,78.5,9.55,1021.45,0.5,1
9/7/2026 14:45,22.325,44.25,0,79.75,9.625,1021.375,0.25,1
9/7/2026 15:00,22.4,44,0,81,9.7,1021.3,0,1
9/7/2026 15:15,22.275,44,0,80.75,9.8,1021.225,0,1
9/7/2026 15:30,22.15,44,0,80.5,9.9,1021.15,0,1
9/7/2026 15:45,22.025,44,0,80.25,10,1021.075,0,1
9/7/2026 16:00,21.9,44,0,80,10.1,1021,0,1
9/7/2026 16:15,21.675,44.75,0,79.5,9.65,1020.9,0,1
9/7/2026 16:30,21.45,45.5,0,79,9.2,1020.8,0,1
9/7/2026 16:45,21.225,46.25,0,78.5,8.75,1020.7,0,1
9/7/2026 17:00,21,47,0,78,8.3,1020.6,0,1
9/7/2026 17:15,20.15,51.25,0,73.5,8.3,1020.7,0,1
9/7/2026 17:30,19.3,55.5,0,69,8.3,1020.8,0,1
9/7/2026 17:45,18.45,59.75,0,64.5,8.3,1020.9,0,1
9/7/2026 18:00,17.6,64,0,60,8.3,1021,0,1
9/7/2026 18:15,17.525,64.25,0,59.5,8.65,1021.025,0,1
9/7/2026 18:30,17.45,64.5,0,59,9,1021.05,0,1
9/7/2026 18:45,17.375,64.75,0,58.5,9.35,1021.075,0,1
9/7/2026 19:00,17.3,65,0,58,9.7,1021.1,0,1
9/7/2026 19:15,17.075,66.25,0,60.75,10.325,1021.1,0,1
9/7/2026 19:30,16.85,67.5,0,63.5,10.95,1021.1,0,1
9/7/2026 19:45,16.625,68.75,0,66.25,11.575,1021.1,0,1
9/7/2026 20:00,16.4,70,0,69,12.2,1021.1,0,1
9/7/2026 20:15,16.3,71,0,72.5,11.675,1021,0,1
9/7/2026 20:30,16.2,72,0,76,11.15,1020.9,0,1
9/7/2026 20:45,16.1,73,0,79.5,10.625,1020.8,0,1
9/7/2026 21:00,16,74,0,83,10.1,1020.7,0,1
9/7/2026 21:15,15.85,75,0,81.5,10,1020.675,0,1
9/7/2026 21:30,15.7,76,0,80,9.9,1020.65,0,1
9/7/2026 21:45,15.55,77,0,78.5,9.8,1020.625,0,1
9/7/2026 22:00,15.4,78,0,77,9.7,1020.6,0,1
9/7/2026 22:15,15.275,78.75,0,79,9.625,1020.65,0,1
9/7/2026 22:30,15.15,79.5,0,81,9.55,1020.7,0,1
9/7/2026 22:45,15.025,80.25,0,83,9.475,1020.75,0,1
9/7/2026 23:00,14.9,81,0,85,9.4,1020.8,0,1
9/7/2026 23:15,14.725,82,0,85.75,9.3,1020.75,0,1
9/7/2026 23:30,14.55,83,0,86.5,9.2,1020.7,0,1
9/7/2026 23:45,14.375,84,0,87.25,9.1,1020.65,0,1
9/8/2026 0:00,14.2,85,0,88,9,1020.6,0,1
9/8/2026 0:15,13.75,87.25,0,87.75,8.9,1020.25,0,1
9/8/2026 0:30,13.3,89.5,0,87.5,8.8,1019.9,0,1
9/8/2026 0:45,12.85,91.75,0,87.25,8.7,1019.55,0,1
9/8/2026 5:00,12.4,94,0,87,8.6,1019.2,0,1
9/8/2026 5:15,12.8,92.5,0,88,8.875,1019.2,0,1
9/8/2026 5:30,13.2,91,0,89,9.15,1019.2,0,1
9/8/2026 5:45,13.6,89.5,0,90,9.425,1019.2,0,1
9/8/2026 6:00,14,88,0,91,9.7,1019.2,0,1
9/8/2026 6:15,14.6,85.25,0,89.25,9.175,1019.225,0,1
9/8/2026 6:30,15.2,82.5,0,87.5,8.65,1019.25,0,1
9/8/2026 6:45,15.8,79.75,0,85.75,8.125,1019.275,0,1
9/8/2026 7:00,16.4,77,0,84,7.6,1019.3,0,1
9/8/2026 7:15,16.975,74.5,0,85.75,7.6,1019.3,0,1
9/8/2026 7:30,17.55,72,0,87.5,7.6,1019.3,0,1
9/8/2026 7:45,18.125,69.5,0,89.25,7.6,1019.3,0,1
9/8/2026 8:00,18.7,67,0,91,7.6,1019.3,0,1
9/8/2026 8:15,19.125,65.25,0,93.25,7.95,1019.2,0,1
9/8/2026 8:30,19.55,63.5,0,95.5,8.3,1019.1,0,1
9/8/2026 8:45,19.975,61.75,0,97.75,8.65,1019,0,1
9/8/2026 9:00,20.4,60,0,100,9,1018.9,0,1
9/8/2026 9:15,20.675,59.25,0,103,9.55,1018.825,0.75,1
9/8/2026 9:30,20.95,58.5,0,106,10.1,1018.75,1.5,1
9/8/2026 9:45,21.225,57.75,0,109,10.65,1018.675,2.25,1
9/8/2026 10:00,21.5,57,0,112,11.2,1018.6,3,1
9/8/2026 10:15,21.35,57.75,0,110.75,11.275,1018.5,3.25,1.5
9/8/2026 10:30,21.2,58.5,0,109.5,11.35,1018.4,3.5,2
9/8/2026 10:45,21.05,59.25,0,108.25,11.425,1018.3,3.75,2.5
9/8/2026 11:00,20.9,60,0,107,11.5,1018.2,4,3
9/8/2026 11:15,21.425,58,0,107,11.325,1018.15,4.5,3
9/8/2026 11:30,21.95,56,0,107,11.15,1018.1,5,3
9/8/2026 11:45,22.475,54,0,107,10.975,1018.05,5.5,3
9/8/2026 12:00,23,52,0,107,10.8,1018,6,3
9/8/2026 12:15,22.85,51.25,0,105.25,10.45,1017.925,5.75,3
9/8/2026 12:30,22.7,50.5,0,103.5,10.1,1017.85,5.5,3
9/8/2026 12:45,22.55,49.75,0,101.75,9.75,1017.775,5.25,3
9/8/2026 13:00,22.4,49,0,100,9.4,1017.7,5,3
9/8/2026 13:15,22.55,48.5,0,98,9.125,1017.625,5.5,3
9/8/2026 13:30,22.7,48,0,96,8.85,1017.55,6,3
9/8/2026 13:45,22.85,47.5,0,94,8.575,1017.475,6.5,3
9/8/2026 14:00,23,47,0,92,8.3,1017.4,7,3
9/8/2026 14:15,23.05,47.25,0,87.5,7.925,1017.375,6.75,3
9/8/2026 14:30,23.1,47.5,0,83,7.55,1017.35,6.5,3
9/8/2026 14:45,23.15,47.75,0,78.5,7.175,1017.325,6.25,3
9/8/2026 15:00,23.2,48,0,74,6.8,1017.3,6,3
9/8/2026 15:15,22.95,49,0,63.75,6.45,1017.25,6.25,3
9/8/2026 15:30,22.7,50,0,53.5,6.1,1017.2,6.5,3
9/8/2026 15:45,22.45,51,0,43.25,5.75,1017.15,6.75,3
9/8/2026 16:00,22.2,52,0,33,5.4,1017.1,7,3
9/8/2026 16:15,21.8,54.75,0,27,5.95,1017.075,5.25,3
9/8/2026 16:30,21.4,57.5,0,21,6.5,1017.05,3.5,3
9/8/2026 16:45,21,60.25,0,15,7.05,1017.025,1.75,3
9/8/2026 17:00,20.6,63,0,9,7.6,1017,0,3
9/8/2026 17:15,20.4,63.5,0,13.75,7.6,1017.1,1.25,2.5
9/8/2026 17:30,20.2,64,0,18.5,7.6,1017.2,2.5,2
9/8/2026 17:45,20,64.5,0,23.25,7.6,1017.3,3.75,1.5
9/8/2026 18:00,19.8,65,0,28,7.6,1017.4,5,1
9/8/2026 18:15,19.6,65.5,0,33.25,7.675,1017.475,4,1.5
9/8/2026 18:30,19.4,66,0,38.5,7.75,1017.55,3,2
9/8/2026 18:45,19.2,66.5,0,43.75,7.825,1017.625,2,2.5
9/8/2026 19:00,19,67,0,49,7.9,1017.7,1,3
9/8/2026 19:15,18.325,70.25,0,49.75,8,1017.675,0.75,2.5
9/8/2026 19:30,17.65,73.5,0,50.5,8.1,1017.65,0.5,2
9/8/2026 19:45,16.975,76.75,0,51.25,8.2,1017.625,0.25,1.5
9/8/2026 20:00,16.3,80,0,52,8.3,1017.6,0,1
9/8/2026 20:15,16.1,81.25,0,51.75,8.2,1017.55,0.75,1
9/8/2026 20:30,15.9,82.5,0,51.5,8.1,1017.5,1.5,1
9/8/2026 20:45,15.7,83.75,0,51.25,8,1017.45,2.25,1
9/8/2026 21:00,15.5,85,0,51,7.9,1017.4,3,1
9/8/2026 21:15,15.3,86.5,0,54.25,7.825,1017.325,3,1.25
9/8/2026 21:30,15.1,88,0,57.5,7.75,1017.25,3,1.5
9/8/2026 21:45,14.9,89.5,0,60.75,7.675,1017.175,3,1.75
9/8/2026 22:00,14.7,91,0,64,7.6,1017.1,3,2
9/8/2026 22:15,14.6,91.25,0,63.75,7.325,1017.05,2.5,2
9/8/2026 22:30,14.5,91.5,0,63.5,7.05,1017,2,2
9/8/2026 22:45,14.4,91.75,0,63.25,6.775,1016.95,1.5,2
9/8/2026 23:00,14.3,92,0,63,6.5,1016.9,1,2
9/8/2026 23:15,14.1,92.75,0,62,6.4,1016.95,1,2
9/8/2026 23:30,13.9,93.5,0,61,6.3,1017,1,2
9/8/2026 23:45,13.7,94.25,0,60,6.2,1017.05,1,2
9/9/2026 0:00,13.5,95,0,59,6.1,1017.1,1,2
9/9/2026 0:15,13.425,95.5,0,66,6.65,1016.925,1.75,1.75
9/9/2026 0:30,13.35,96,0,73,7.2,1016.75,2.5,1.5
9/9/2026 0:45,13.275,96.5,0,80,7.75,1016.575,3.25,1.25
9/9/2026 5:00,13.2,97,0,87,8.3,1016.4,4,1
9/9/2026 5:15,13.65,96,0,87.75,8.575,1016.4,5,1.5
9/9/2026 5:30,14.1,95,0,88.5,8.85,1016.4,6,2
9/9/2026 5:45,14.55,94,0,89.25,9.125,1016.4,7,2.5
9/9/2026 6:00,15,93,0,90,9.4,1016.4,8,3
9/9/2026 6:15,15.5,91.25,0,91,9.85,1016.35,7.5,3
9/9/2026 6:30,16,89.5,0,92,10.3,1016.3,7,3
9/9/2026 6:45,16.5,87.75,0,93,10.75,1016.25,6.5,3
9/9/2026 7:00,17,86,0,94,11.2,1016.2,6,3
9/9/2026 7:15,17.725,84,0,90.75,10.65,1016.1,4.75,3
9/9/2026 7:30,18.45,82,0,87.5,10.1,1016,3.5,3
9/9/2026 7:45,19.175,80,0,84.25,9.55,1015.9,2.25,3
9/9/2026 8:00,19.9,78,0,81,9,1015.8,1,3
9/9/2026 8:15,20.3,76.75,0,81.25,9,1015.75,0.75,2.5
9/9/2026 8:30,20.7,75.5,0,81.5,9,1015.7,0.5,2
9/9/2026 8:45,21.1,74.25,0,81.75,9,1015.65,0.25,1.5
9/9/2026 9:00,21.5,73,0,82,9,1015.6,0,1
9/9/2026 9:15,21.775,70.75,0,81.75,8.9,1015.5,0,1
9/9/2026 9:30,22.05,68.5,0,81.5,8.8,1015.4,0,1
9/9/2026 9:45,22.325,66.25,0,81.25,8.7,1015.3,0,1
9/9/2026 10:00,22.6,64,0,81,8.6,1015.2,0,1
9/9/2026 10:15,22.9,62.5,0,81.75,9.05,1015.075,0.5,1
9/9/2026 10:30,23.2,61,0,82.5,9.5,1014.95,1,1
9/9/2026 10:45,23.5,59.5,0,83.25,9.95,1014.825,1.5,1
9/9/2026 11:00,23.8,58,0,84,10.4,1014.7,2,1
9/9/2026 11:15,23.975,56.5,0,86.25,10.95,1014.625,1.75,1.25
9/9/2026 11:30,24.15,55,0,88.5,11.5,1014.55,1.5,1.5
9/9/2026 11:45,24.325,53.5,0,90.75,12.05,1014.475,1.25,1.75
9/9/2026 12:00,24.5,52,0,93,12.6,1014.4,1,2
9/9/2026 12:15,24.475,51.75,0,94.5,12.325,1014.325,1.25,1.75
9/9/2026 12:30,24.45,51.5,0,96,12.05,1014.25,1.5,1.5
9/9/2026 12:45,24.425,51.25,0,97.5,11.775,1014.175,1.75,1.25
9/9/2026 13:00,24.4,51,0,99,11.5,1014.1,2,1
9/9/2026 13:15,24.625,50.75,0,98.5,11.5,1014,2,1.25
9/9/2026 13:30,24.85,50.5,0,98,11.5,1013.9,2,1.5
9/9/2026 13:45,25.075,50.25,0,97.5,11.5,1013.8,2,1.75
9/9/2026 14:00,25.3,50,0,97,11.5,1013.7,2,2
9/9/2026 14:15,25.075,50.5,0,95.25,11.225,1013.575,2.25,2
9/9/2026 14:30,24.85,51,0,93.5,10.95,1013.45,2.5,2
9/9/2026 14:45,24.625,51.5,0,91.75,10.675,1013.325,2.75,2
9/9/2026 15:00,24.4,52,0,90,10.4,1013.2,3,2
9/9/2026 15:15,24.375,52,0,90.75,10.15,1013.15,2.75,2.25
9/9/2026 15:30,24.35,52,0,91.5,9.9,1013.1,2.5,2.5
9/9/2026 15:45,24.325,52,0,92.25,9.65,1013.05,2.25,2.75
9/9/2026 16:00,24.3,52,0,93,9.4,1013,2,3
9/9/2026 16:15,24.15,52.75,0,90.25,9.3,1012.975,3.5,2.75
9/9/2026 16:30,24,53.5,0,87.5,9.2,1012.95,5,2.5
9/9/2026 16:45,23.85,54.25,0,84.75,9.1,1012.925,6.5,2.25
9/9/2026 17:00,23.7,55,0,82,9,1012.9,8,2
9/9/2026 17:15,23.1,57.5,0,83.5,9.35,1012.975,8,2.25
9/9/2026 17:30,22.5,60,0,85,9.7,1013.05,8,2.5
9/9/2026 17:45,21.9,62.5,0,86.5,10.05,1013.125,8,2.75
9/9/2026 18:00,21.3,65,0,88,10.4,1013.2,8,3
9/9/2026 18:15,20.975,65.75,0,91,10.325,1013.25,8,3
9/9/2026 18:30,20.65,66.5,0,94,10.25,1013.3,8,3
9/9/2026 18:45,20.325,67.25,0,97,10.175,1013.35,8,3
9/9/2026 19:00,20,68,0,100,10.1,1013.4,8,3
9/9/2026 19:15,19.825,68.5,0,101.75,10.275,1013.45,8,3
9/9/2026 19:30,19.65,69,0,103.5,10.45,1013.5,8,3
9/9/2026 19:45,19.475,69.5,0,105.25,10.625,1013.55,8,3
9/9/2026 20:00,19.3,70,0,107,10.8,1013.6,8,3
9/9/2026 20:15,19.025,70.75,0,106.25,10.7,1013.6,8,3
9/9/2026 20:30,18.75,71.5,0,105.5,10.6,1013.6,8,3
9/9/2026 20:45,18.475,72.25,0,104.75,10.5,1013.6,8,3
9/9/2026 21:00,18.2,73,0,104,10.4,1013.6,8,3
9/9/2026 21:15,18.2,73,0,106,10.5,1013.475,8,3
9/9/2026 21:30,18.2,73,0,108,10.6,1013.35,8,3
9/9/2026 21:45,18.2,73,0,110,10.7,1013.225,8,3
9/9/2026 22:00,18.2,73,0,112,10.8,1013.1,8,3
9/9/2026 22:15,18,74.25,0,108.5,10.25,1013.075,8,3
9/9/2026 22:30,17.8,75.5,0,105,9.7,1013.05,8,3
9/9/2026 22:45,17.6,76.75,0,101.5,9.15,1013.025,8,3
9/9/2026 23:00,17.4,78,0,98,8.6,1013,8,3
9/9/2026 23:15,16.95,80.5,0,93.25,8.35,1012.95,8,3
9/9/2026 23:30,16.5,83,0,88.5,8.1,1012.9,8,3
9/9/2026 23:45,16.05,85.5,0,83.75,7.85,1012.85,8,3
9/10/2026 0:00,15.6,88,0,79,7.6,1012.8,8,3
9/10/2026 0:15,15.575,87.5,0,88.75,8.225,1012.575,6.75,3
9/10/2026 0:30,15.55,87,0,98.5,8.85,1012.35,5.5,3
9/10/2026 0:45,15.525,86.5,0,108.25,9.475,1012.125,4.25,3
9/10/2026 5:00,15.5,86,0,118,10.1,1011.9,3,3
9/10/2026 5:15,15.525,86.25,0,120.5,9.55,1011.875,4,3
9/10/2026 5:30,15.55,86.5,0,123,9,1011.85,5,3
9/10/2026 5:45,15.575,86.75,0,125.5,8.45,1011.825,6,3
9/10/2026 6:00,15.6,87,0,128,7.9,1011.8,7,3
9/10/2026 6:15,16.125,85.25,0,133.5,7.825,1011.8,6.5,3
9/10/2026 6:30,16.65,83.5,0,139,7.75,1011.8,6,3
9/10/2026 6:45,17.175,81.75,0,144.5,7.675,1011.8,5.5,3
9/10/2026 7:00,17.7,80,0,150,7.6,1011.8,5,3
9/10/2026 7:15,18.075,78.75,0,153.75,7.6,1011.75,4.5,3
9/10/2026 7:30,18.45,77.5,0,157.5,7.6,1011.7,4,3
9/10/2026 7:45,18.825,76.25,0,161.25,7.6,1011.65,3.5,3
9/10/2026 8:00,19.2,75,0,165,7.6,1011.6,3,3
9/10/2026 8:15,19.675,73.5,0,165.75,7.85,1011.55,4.25,2.75
9/10/2026 8:30,20.15,72,0,166.5,8.1,1011.5,5.5,2.5
9/10/2026 8:45,20.625,70.5,0,167.25,8.35,1011.45,6.75,2.25
9/10/2026 9:00,21.1,69,0,168,8.6,1011.4,8,2
9/10/2026 9:15,21.325,68.25,0,172.75,8.425,1011.4,7,2.25
9/10/2026 9:30,21.55,67.5,0,177.5,8.25,1011.4,6,2.5
9/10/2026 9:45,21.775,66.75,0,182.25,8.075,1011.4,5,2.75
9/10/2026 10:00,22,66,0,187,7.9,1011.4,4,3
9/10/2026 10:15,22,65.5,0,188,7.625,1011.2,4.25,3
9/10/2026 10:30,22,65,0,189,7.35,1011,4.5,3
9/10/2026 10:45,22,64.5,0,190,7.075,1010.8,4.75,3
9/10/2026 11:00,22,64,0,191,6.8,1010.6,5,3
9/10/2026 11:15,22.025,64.25,0,189,6.725,1010.4,5.75,3
9/10/2026 11:30,22.05,64.5,0,187,6.65,1010.2,6.5,3
9/10/2026 11:45,22.075,64.75,0,185,6.575,1010,7.25,3
9/10/2026 12:00,22.1,65,0,183,6.5,1009.8,8,3
9/10/2026 12:15,22.175,64.5,0,186.25,7.025,1009.75,8,3
9/10/2026 12:30,22.25,64,0,189.5,7.55,1009.7,8,3
9/10/2026 12:45,22.325,63.5,0,192.75,8.075,1009.65,8,3
9/10/2026 13:00,22.4,63,0,196,8.6,1009.6,8,3
9/10/2026 13:15,22.4,61.75,0,186,10.225,1009.55,8,4
9/10/2026 13:30,22.4,60.5,0,176,11.85,1009.5,8,5
9/10/2026 13:45,22.4,59.25,0,166,13.475,1009.45,8,6
9/10/2026 14:00,22.4,58,0,156,15.1,1009.4,8,7
9/10/2026 14:15,22.375,58.25,0,159.25,12.85,1009.2,8,6
9/10/2026 14:30,22.35,58.5,0,162.5,10.6,1009,8,5
9/10/2026 14:45,22.325,58.75,0,165.75,8.35,1008.8,8,4
9/10/2026 15:00,22.3,59,0,169,6.1,1008.6,8,3
9/10/2026 15:15,22.175,59.25,0,146.25,5.575,1008.5,8,3
9/10/2026 15:30,22.05,59.5,0,123.5,5.05,1008.4,8,3
9/10/2026 15:45,21.925,59.75,0,100.75,4.525,1008.3,8,3
9/10/2026 16:00,21.8,60,0,78,4,1008.2,8,3
9/10/2026 16:15,21.425,62.75,0,70.5,4.35,1008.2,8,3
9/10/2026 16:30,21.05,65.5,0,63,4.7,1008.2,8,3
9/10/2026 16:45,20.675,68.25,0,55.5,5.05,1008.2,8,3
9/10/2026 17:00,20.3,71,0,48,5.4,1008.2,8,3
9/10/2026 17:15,20.1,72,0,42.25,5.5,1008.125,8,4
9/10/2026 17:30,19.9,73,0,36.5,5.6,1008.05,8,5
9/10/2026 17:45,19.7,74,0,30.75,5.7,1007.975,8,6
9/10/2026 18:00,19.5,75,0,25,5.8,1007.9,8,7
9/10/2026 18:15,19.425,76.25,0.025,106.5,5.8,1007.8,8,7.25
9/10/2026 18:30,19.35,77.5,0.05,188,5.8,1007.7,8,7.5
9/10/2026 18:45,19.275,78.75,0.075,269.5,5.8,1007.6,8,7.75
9/10/2026 19:00,19.2,80,0.1,351,5.8,1007.5,8,8
9/10/2026 19:15,18.9,82,0.175,264,6.05,1007.4,8,8.25
9/10/2026 19:30,18.6,84,0.25,177,6.3,1007.3,8,8.5
9/10/2026 19:45,18.3,86,0.325,90,6.55,1007.2,8,8.75
9/10/2026 20:00,18,88,0.4,3,6.8,1007.1,8,9
9/10/2026 20:15,17.75,89.5,0.625,81,7.7,1006.975,8,9
9/10/2026 20:30,17.5,91,0.85,159,8.6,1006.85,8,9
9/10/2026 20:45,17.25,92.5,1.075,237,9.5,1006.725,8,9
9/10/2026 21:00,17,94,1.3,315,10.4,1006.6,8,9
9/10/2026 21:15,16.95,93.75,1.075,317.5,10.85,1006.425,8,9
9/10/2026 21:30,16.9,93.5,0.85,320,11.3,1006.25,8,9
9/10/2026 21:45,16.85,93.25,0.625,322.5,11.75,1006.075,8,9
9/10/2026 22:00,16.8,93,0.4,325,12.2,1005.9,8,9
9/10/2026 22:15,16.625,93.75,0.7,321.75,12.475,1005.775,8,9
9/10/2026 22:30,16.45,94.5,1,318.5,12.75,1005.65,8,9
9/10/2026 22:45,16.275,95.25,1.3,315.25,13.025,1005.525,8,9
9/10/2026 23:00,16.1,96,1.6,312,13.3,1005.4,8,9
9/10/2026 23:15,15.925,95.75,1.4,309.5,13.3,1005.325,8,9
9/10/2026 23:30,15.75,95.5,1.2,307,13.3,1005.25,8,9
9/10/2026 23:45,15.575,95.25,1,304.5,13.3,1005.175,8,9
9/11/2026 0:00,15.4,95,0.8,302,13.3,1005.1,8,9
9/11/2026 0:15,14.975,95.75,0.6,290,13.025,1005.125,8,7
9/11/2026 0:30,14.55,96.5,0.4,278,12.75,1005.15,8,5
9/11/2026 0:45,14.125,97.25,0.2,266,12.475,1005.175,8,3
9/11/2026 5:00,13.7,98,0,254,12.2,1005.2,8,1
9/11/2026 5:15,14.025,97.5,0,251.25,11.85,1005.3,8,1.5
9/11/2026 5:30,14.35,97,0,248.5,11.5,1005.4,8,2
9/11/2026 5:45,14.675,96.5,0,245.75,11.15,1005.5,8,2.5
9/11/2026 6:00,15,96,0,243,10.8,1005.6,8,3
9/11/2026 6:15,15.2,93,0,239,10.9,1005.675,7.5,3
9/11/2026 6:30,15.4,90,0,235,11,1005.75,7,3
9/11/2026 6:45,15.6,87,0,231,11.1,1005.825,6.5,3
9/11/2026 7:00,15.8,84,0,227,11.2,1005.9,6,3
9/11/2026 7:15,16.1,83,0,224.5,11.55,1006,4.5,3
9/11/2026 7:30,16.4,82,0,222,11.9,1006.1,3,3
9/11/2026 7:45,16.7,81,0,219.5,12.25,1006.2,1.5,3
9/11/2026 8:00,17,80,0,217,12.6,1006.3,0,3
9/11/2026 8:15,17.35,78.25,0,214.5,12.15,1006.25,0,2.5
9/11/2026 8:30,17.7,76.5,0,212,11.7,1006.2,0,2
9/11/2026 8:45,18.05,74.75,0,209.5,11.25,1006.15,0,1.5
9/11/2026 9:00,18.4,73,0,207,10.8,1006.1,0,1
9/11/2026 9:15,18.8,71.75,0,206.5,11.35,1006.175,0,1
9/11/2026 9:30,19.2,70.5,0,206,11.9,1006.25,0,1
9/11/2026 9:45,19.6,69.25,0,205.5,12.45,1006.325,0,1
9/11/2026 10:00,20,68,0,205,13,1006.4,0,1
9/11/2026 10:15,20.525,66.25,0,206.75,13.7,1006.275,0.5,1
9/11/2026 10:30,21.05,64.5,0,208.5,14.4,1006.15,1,1
9/11/2026 10:45,21.575,62.75,0,210.25,15.1,1006.025,1.5,1
9/11/2026 11:00,22.1,61,0,212,15.8,1005.9,2,1
9/11/2026 11:15,22.15,61,0,214.75,16.45,1005.9,1.75,1.25
9/11/2026 11:30,22.2,61,0,217.5,17.1,1005.9,1.5,1.5
9/11/2026 11:45,22.25,61,0,220.25,17.75,1005.9,1.25,1.75
9/11/2026 12:00,22.3,61,0,223,18.4,1005.9,1,2
9/11/2026 12:15,22.275,60.5,0,224,19.3,1006.025,2.25,5.75
9/11/2026 12:30,22.25,60,0,225,20.2,1006.15,3.5,9.5
9/11/2026 12:45,22.225,59.5,0,226,21.1,1006.275,4.75,13.25
9/11/2026 13:00,22.2,59,0,227,22,1006.4,6,17
9/11/2026 13:15,22.15,59.25,0,225.25,20.65,1006.375,6,17
9/11/2026 13:30,22.1,59.5,0,223.5,19.3,1006.35,6,17
9/11/2026 13:45,22.05,59.75,0,221.75,17.95,1006.325,6,17
9/11/2026 14:00,22,60,0,220,16.6,1006.3,6,17
9/11/2026 14:15,21.95,59.75,0,218.5,16.325,1006.45,6.25,17
9/11/2026 14:30,21.9,59.5,0,217,16.05,1006.6,6.5,17
9/11/2026 14:45,21.85,59.25,0,215.5,15.775,1006.75,6.75,17
9/11/2026 15:00,21.8,59,0,214,15.5,1006.9,7,17
9/11/2026 15:15,21.85,59.5,0,214.5,15.675,1007.125,6.25,17
9/11/2026 15:30,21.9,60,0,215,15.85,1007.35,5.5,17
9/11/2026 15:45,21.95,60.5,0,215.5,16.025,1007.575,4.75,17
9/11/2026 16:00,22,61,0,216,16.2,1007.8,4,17
9/11/2026 16:15,20.65,66.5,0.45,219,15.4,1008.025,3.5,13.5
9/11/2026 16:30,19.3,72,0.9,222,14.6,1008.25,3,10
9/11/2026 16:45,17.95,77.5,1.35,225,13.8,1008.475,2.5,6.5
9/11/2026 17:00,16.6,83,1.8,228,13,1008.7,2,3
9/11/2026 17:15,16.25,86,1.525,227.75,12.55,1008.9,2,2.75
9/11/2026 17:30,15.9,89,1.25,227.5,12.1,1009.1,2,2.5
9/11/2026 17:45,15.55,92,0.975,227.25,11.65,1009.3,2,2.25
9/11/2026 18:00,15.2,95,0.7,227,11.2,1009.5,2,2
9/11/2026 18:15,15.175,94.5,0.525,223,10.55,1009.675,1.75,2
9/11/2026 18:30,15.15,94,0.35,219,9.9,1009.85,1.5,2
9/11/2026 18:45,15.125,93.5,0.175,215,9.25,1010.025,1.25,2
9/11/2026 19:00,15.1,93,0,211,8.6,1010.2,1,2
9/11/2026 19:15,15.075,92.5,0,215,9.6,1010.35,1,1.75
9/11/2026 19:30,15.05,92,0,219,10.6,1010.5,1,1.5
9/11/2026 19:45,15.025,91.5,0,223,11.6,1010.65,1,1.25
9/11/2026 20:00,15,91,0,227,12.6,1010.8,1,1
9/11/2026 20:15,14.925,91,0,223.75,12.6,1010.925,1,1.25
9/11/2026 20:30,14.85,91,0,220.5,12.6,1011.05,1,1.5
9/11/2026 20:45,14.775,91,0,217.25,12.6,1011.175,1,1.75
9/11/2026 21:00,14.7,91,0,214,12.6,1011.3,1,2
9/11/2026 21:15,14.8,89,0,213.5,12.5,1011.35,0.75,2
9/11/2026 21:30,14.9,87,0,213,12.4,1011.4,0.5,2
9/11/2026 21:45,15,85,0,212.5,12.3,1011.45,0.25,2
9/11/2026 22:00,15.1,83,0,212,12.2,1011.5,0,2
9/11/2026 22:15,14.825,83.75,0,212,12.575,1011.525,0,1.75
9/11/2026 22:30,14.55,84.5,0,212,12.95,1011.55,0,1.5
9/11/2026 22:45,14.275,85.25,0,212,13.325,1011.575,0,1.25
9/11/2026 23:00,14,86,0,212,13.7,1011.6,0,1
9/11/2026 23:15,13.875,86,0,212,13.6,1011.65,0,1
9/11/2026 23:30,13.75,86,0,212,13.5,1011.7,0,1
9/11/2026 23:45,13.625,86,0,212,13.4,1011.75,0,1
9/12/2026 0:00,13.5,86,0,212,13.3,1011.8,0,1
9/12/2026 0:15,13.1,87.25,0,213,12.5,1012.1,0.75,1.25
9/12/2026 0:30,12.7,88.5,0,214,11.7,1012.4,1.5,1.5
9/12/2026 0:45,12.3,89.75,0,215,10.9,1012.7,2.25,1.75
9/12/2026 5:00,11.9,91,0,216,10.1,1013,3,2
9/12/2026 5:15,12.25,89.25,0,210.5,10.175,1013.075,3.75,2
9/12/2026 5:30,12.6,87.5,0,205,10.25,1013.15,4.5,2
9/12/2026 5:45,12.95,85.75,0,199.5,10.325,1013.225,5.25,2
9/12/2026 6:00,13.3,84,0,194,10.4,1013.3,6,2
9/12/2026 6:15,13.9,82,0,193,10.6,1013.45,6,2.25
9/12/2026 6:30,14.5,80,0,192,10.8,1013.6,6,2.5
9/12/2026 6:45,15.1,78,0,191,11,1013.75,6,2.75
9/12/2026 7:00,15.7,76,0,190,11.2,1013.9,6,3
9/12/2026 7:15,15.45,77.75,0.025,191,11.725,1014.075,6,3
9/12/2026 7:30,15.2,79.5,0.05,192,12.25,1014.25,6,3
9/12/2026 7:45,14.95,81.25,0.075,193,12.775,1014.425,6,3
9/12/2026 8:00,14.7,83,0.1,194,13.3,1014.6,6,3
9/12/2026 8:15,14.725,83.25,0.1,196.5,13.3,1014.7,5,6.5
9/12/2026 8:30,14.75,83.5,0.1,199,13.3,1014.8,4,10
9/12/2026 8:45,14.775,83.75,0.1,201.5,13.3,1014.9,3,13.5
9/12/2026 9:00,14.8,84,0.1,204,13.3,1015,2,17
9/12/2026 9:15,15.125,83.5,0.075,206.5,13.4,1015,2.25,13.25
9/12/2026 9:30,15.45,83,0.05,209,13.5,1015,2.5,9.5
9/12/2026 9:45,15.775,82.5,0.025,211.5,13.6,1015,2.75,5.75
9/12/2026 10:00,16.1,82,0,214,13.7,1015,3,2
9/12/2026 10:15,16.775,78.5,0,218.25,13.975,1015.125,3.75,5.75
9/12/2026 10:30,17.45,75,0,222.5,14.25,1015.25,4.5,9.5
9/12/2026 10:45,18.125,71.5,0,226.75,14.525,1015.375,5.25,13.25
9/12/2026 11:00,18.8,68,0,231,14.8,1015.5,6,17
9/12/2026 11:15,18.1,69.75,0.1,231.5,14.7,1015.525,5.25,13.5
9/12/2026 11:30,17.4,71.5,0.2,232,14.6,1015.55,4.5,10
9/12/2026 11:45,16.7,73.25,0.3,232.5,14.5,1015.575,3.75,6.5
9/12/2026 12:00,16,75,0.4,233,14.4,1015.6,3,3
9/12/2026 12:15,16.775,73.25,0.675,231.5,14.4,1015.675,3,2.75
9/12/2026 12:30,17.55,71.5,0.95,230,14.4,1015.75,3,2.5
9/12/2026 12:45,18.325,69.75,1.225,228.5,14.4,1015.825,3,2.25
9/12/2026 13:00,19.1,68,1.5,227,14.4,1015.9,3,2
9/12/2026 13:15,19.5,64,1.125,226.75,15.3,1015.9,3.75,2
9/12/2026 13:30,19.9,60,0.75,226.5,16.2,1015.9,4.5,2
9/12/2026 13:45,20.3,56,0.375,226.25,17.1,1015.9,5.25,2
9/12/2026 14:00,20.7,52,0,226,18,1015.9,6,2
9/12/2026 14:15,20.55,51.75,0,228,17.1,1016.175,4.75,6
9/12/2026 14:30,20.4,51.5,0,230,16.2,1016.45,3.5,10
9/12/2026 14:45,20.25,51.25,0,232,15.3,1016.725,2.25,14
9/12/2026 15:00,20.1,51,0,234,14.4,1017,1,18
9/12/2026 15:15,20.25,49.25,0,230,13.5,1017,1.25,13.75
9/12/2026 15:30,20.4,47.5,0,226,12.6,1017,1.5,9.5
9/12/2026 15:45,20.55,45.75,0,222,11.7,1017,1.75,5.25
9/12/2026 16:00,20.7,44,0,218,10.8,1017,2,1
9/12/2026 16:15,20.325,45.5,0,219.5,9.8,1017.175,1.75,1.25
9/12/2026 16:30,19.95,47,0,221,8.8,1017.35,1.5,1.5
9/12/2026 16:45,19.575,48.5,0,222.5,7.8,1017.525,1.25,1.75
9/12/2026 17:00,19.2,50,0,224,6.8,1017.7,1,2
9/12/2026 17:15,18.7,51.25,0,223.75,6.8,1017.9,0.75,2
9/12/2026 17:30,18.2,52.5,0,223.5,6.8,1018.1,0.5,2
9/12/2026 17:45,17.7,53.75,0,223.25,6.8,1018.3,0.25,2
9/12/2026 18:00,17.2,55,0,223,6.8,1018.5,0,2
9/12/2026 18:15,16.75,57.5,0,221.25,6.9,1018.675,0,1.75
9/12/2026 18:30,16.3,60,0,219.5,7,1018.85,0,1.5
9/12/2026 18:45,15.85,62.5,0,217.75,7.1,1019.025,0,1.25
9/12/2026 19:00,15.4,65,0,216,7.2,1019.2,0,1
9/12/2026 19:15,15.05,66.75,0,211,7.1,1019.275,0,1
9/12/2026 19:30,14.7,68.5,0,206,7,1019.35,0,1
9/12/2026 19:45,14.35,70.25,0,201,6.9,1019.425,0,1
9/12/2026 20:00,14,72,0,196,6.8,1019.5,0,1
9/12/2026 20:15,13.65,74.25,0,201,7.525,1019.625,0,1
9/12/2026 20:30,13.3,76.5,0,206,8.25,1019.75,0,1
9/12/2026 20:45,12.95,78.75,0,211,8.975,1019.875,0,1
9/12/2026 21:00,12.6,81,0,216,9.7,1020,0,1
9/12/2026 21:15,12.55,81,0,213.75,9.525,1020.025,0,1
9/12/2026 21:30,12.5,81,0,211.5,9.35,1020.05,0,1
9/12/2026 21:45,12.45,81,0,209.25,9.175,1020.075,0,1
9/12/2026 22:00,12.4,81,0,207,9,1020.1,0,1
9/12/2026 22:15,12.425,80.25,0,207,9,1020.125,0,1
9/12/2026 22:30,12.45,79.5,0,207,9,1020.15,0,1
9/12/2026 22:45,12.475,78.75,0,207,9,1020.175,0,1
9/12/2026 23:00,12.5,78,0,207,9,1020.2,0,1
9/12/2026 23:15,12.2,79.75,0,205.5,8.825,1020.2,0,1
9/12/2026 23:30,11.9,81.5,0,204,8.65,1020.2,0,1
9/12/2026 23:45,11.6,83.25,0,202.5,8.475,1020.2,0,1
9/13/2026 0:00,11.3,85,0,201,8.3,1020.2,0,1
9/13/2026 0:15,10.925,87,0,191,8.475,1020.225,2,1.5
9/13/2026 0:30,10.55,89,0,181,8.65,1020.25,4,2
9/13/2026 0:45,10.175,91,0,171,8.825,1020.275,6,2.5
9/13/2026 5:00,9.8,93,0,161,9,1020.3,8,3
9/13/2026 5:15,10.175,91.5,0,159.5,9.175,1020.325,8,3
9/13/2026 5:30,10.55,90,0,158,9.35,1020.35,8,3
9/13/2026 5:45,10.925,88.5,0,156.5,9.525,1020.375,8,3
9/13/2026 6:00,11.3,87,0,155,9.7,1020.4,8,3
9/13/2026 6:15,11.45,86.5,0,151.5,9.8,1020.375,8,3
9/13/2026 6:30,11.6,86,0,148,9.9,1020.35,8,3
9/13/2026 6:45,11.75,85.5,0,144.5,10,1020.325,8,3
9/13/2026 7:00,11.9,85,0,141,10.1,1020.3,8,3
9/13/2026 7:15,12.525,82.25,0,144.5,10,1020.25,6.25,3
9/13/2026 7:30,13.15,79.5,0,148,9.9,1020.2,4.5,3
9/13/2026 7:45,13.775,76.75,0,151.5,9.8,1020.15,2.75,3
9/13/2026 8:00,14.4,74,0,155,9.7,1020.1,1,3
9/13/2026 8:15,15.075,71.5,0,156.25,9.8,1020,2.25,2.75
9/13/2026 8:30,15.75,69,0,157.5,9.9,1019.9,3.5,2.5
9/13/2026 8:45,16.425,66.5,0,158.75,10,1019.8,4.75,2.25
9/13/2026 9:00,17.1,64,0,160,10.1,1019.7,6,2
9/13/2026 9:15,17.65,62,0,161,10.55,1019.55,5.75,2.25
9/13/2026 9:30,18.2,60,0,162,11,1019.4,5.5,2.5
9/13/2026 9:45,18.75,58,0,163,11.45,1019.25,5.25,2.75
9/13/2026 10:00,19.3,56,0,164,11.9,1019.1,5,3
9/13/2026 10:15,19.575,55,0,166.25,13.075,1018.9,4.75,3
9/13/2026 10:30,19.85,54,0,168.5,14.25,1018.7,4.5,3
9/13/2026 10:45,20.125,53,0,170.75,15.425,1018.5,4.25,3
9/13/2026 11:00,20.4,52,0,173,16.6,1018.3,4,3
9/13/2026 11:15,20.4,52.25,0,175.25,16.775,1018.175,4.75,3
9/13/2026 11:30,20.4,52.5,0,177.5,16.95,1018.05,5.5,3
9/13/2026 11:45,20.4,52.75,0,179.75,17.125,1017.925,6.25,3
9/13/2026 12:00,20.4,53,0,182,17.3,1017.8,7,3
9/13/2026 12:15,20.5,53,0,185.5,17.125,1017.675,6.75,3
9/13/2026 12:30,20.6,53,0,189,16.95,1017.55,6.5,3
9/13/2026 12:45,20.7,53,0,192.5,16.775,1017.425,6.25,3
9/13/2026 13:00,20.8,53,0,196,16.6,1017.3,6,3
9/13/2026 13:15,20.35,55.75,0.1,195,16.15,1017.125,5.5,3
9/13/2026 13:30,19.9,58.5,0.2,194,15.7,1016.95,5,3
9/13/2026 13:45,19.45,61.25,0.3,193,15.25,1016.775,4.5,3
9/13/2026 14:00,19,64,0.4,192,14.8,1016.6,4,3
9/13/2026 14:15,18.525,69.5,0.65,187.5,13.975,1016.475,3.75,3
9/13/2026 14:30,18.05,75,0.9,183,13.15,1016.35,3.5,3
9/13/2026 14:45,17.575,80.5,1.15,178.5,12.325,1016.225,3.25,3
9/13/2026 15:00,17.1,86,1.4,174,11.5,1016.1,3,3
9/13/2026 15:15,17.175,85.75,1.1,174.25,11.05,1016.05,4.25,3
9/13/2026 15:30,17.25,85.5,0.8,174.5,10.6,1016,5.5,3
9/13/2026 15:45,17.325,85.25,0.5,174.75,10.15,1015.95,6.75,3
9/13/2026 16:00,17.4,85,0.2,175,9.7,1015.9,8,3
9/13/2026 16:15,17.275,86,0.15,167.75,9.7,1015.9,7.75,3
9/13/2026 16:30,17.15,87,0.1,160.5,9.7,1015.9,7.5,3
9/13/2026 16:45,17.025,88,0.05,153.25,9.7,1015.9,7.25,3
9/13/2026 17:00,16.9,89,0,146,9.7,1015.9,7,3
9/13/2026 17:15,16.475,90.25,0,146.75,9.8,1015.95,6.25,3
9/13/2026 17:30,16.05,91.5,0,147.5,9.9,1016,5.5,3
9/13/2026 17:45,15.625,92.75,0,148.25,10,1016.05,4.75,3
9/13/2026 18:00,15.2,94,0,149,10.1,1016.1,4,3
9/13/2026 18:15,14.95,94.5,0,147.75,10.175,1016.125,4.75,3
9/13/2026 18:30,14.7,95,0,146.5,10.25,1016.15,5.5,3
9/13/2026 18:45,14.45,95.5,0,145.25,10.325,1016.175,6.25,3
9/13/2026 19:00,14.2,96,0,144,10.4,1016.2,7,3
9/13/2026 19:15,14.1,95.5,0,146.75,10.6,1016.15,7.25,3
9/13/2026 19:30,14,95,0,149.5,10.8,1016.1,7.5,3
9/13/2026 19:45,13.9,94.5,0,152.25,11,1016.05,7.75,3
9/13/2026 20:00,13.8,94,0,155,11.2,1016,8,3
9/13/2026 20:15,13.9,92.75,0,155.25,11.1,1015.925,8,3
9/13/2026 20:30,14,91.5,0,155.5,11,1015.85,8,3
9/13/2026 20:45,14.1,90.25,0,155.75,10.9,1015.775,8,3
9/13/2026 21:00,14.2,89,0,156,10.8,1015.7,8,3
9/13/2026 21:15,14.275,88.25,0,155.5,10.625,1015.65,8,3
9/13/2026 21:30,14.35,87.5,0,155,10.45,1015.6,8,3
9/13/2026 21:45,14.425,86.75,0,154.5,10.275,1015.55,8,3
9/13/2026 22:00,14.5,86,0,154,10.1,1015.5,8,3
9/13/2026 22:15,14.225,87.5,0,154,10.175,1015.375,8,3
9/13/2026 22:30,13.95,89,0,154,10.25,1015.25,8,3
9/13/2026 22:45,13.675,90.5,0,154,10.325,1015.125,8,3
9/13/2026 23:00,13.4,92,0,154,10.4,1015,8,3
9/13/2026 23:15,13.65,91,0,155.5,10.225,1014.875,8,3
9/13/2026 23:30,13.9,90,0,157,10.05,1014.75,8,3
9/13/2026 23:45,14.15,89,0,158.5,9.875,1014.625,8,3
9/14/2026 0:00,14.4,88,0,160,9.7,1014.5,8,3
9/14/2026 0:15,14.3,90,0.025,171.25,9.625,1014.15,8,3
9/14/2026 0:30,14.2,92,0.05,182.5,9.55,1013.8,8,3
9/14/2026 0:45,14.1,94,0.075,193.75,9.475,1013.45,8,3
9/14/2026 5:00,14,96,0.1,205,9.4,1013.1,8,3
9/14/2026 5:15,14.05,95.75,0.075,208,9.4,1013.15,8,3
9/14/2026 5:30,14.1,95.5,0.05,211,9.4,1013.2,8,3
9/14/2026 5:45,14.15,95.25,0.025,214,9.4,1013.25,8,3
9/14/2026 6:00,14.2,95,0,217,9.4,1013.3,8,3
9/14/2026 6:15,14.275,95,0.025,218.5,9.125,1013.275,8,4
9/14/2026 6:30,14.35,95,0.05,220,8.85,1013.25,8,5
9/14/2026 6:45,14.425,95,0.075,221.5,8.575,1013.225,8,6
9/14/2026 7:00,14.5,95,0.1,223,8.3,1013.2,8,7
9/14/2026 7:15,14.625,94,0.15,227,8.75,1013.25,8,7
9/14/2026 7:30,14.75,93,0.2,231,9.2,1013.3,8,7
9/14/2026 7:45,14.875,92,0.25,235,9.65,1013.35,8,7
9/14/2026 8:00,15,91,0.3,239,10.1,1013.4,8,7
9/14/2026 8:15,15.05,91,0.225,244,10.9,1013.475,8,7
9/14/2026 8:30,15.1,91,0.15,249,11.7,1013.55,8,7
9/14/2026 8:45,15.15,91,0.075,254,12.5,1013.625,8,7
9/14/2026 9:00,15.2,91,0,259,13.3,1013.7,8,7
9/14/2026 9:15,15.3,89,0,260.75,12.85,1013.7,8,7.25
9/14/2026 9:30,15.4,87,0,262.5,12.4,1013.7,8,7.5
9/14/2026 9:45,15.5,85,0,264.25,11.95,1013.7,8,7.75
9/14/2026 10:00,15.6,83,0,266,11.5,1013.7,8,8
9/14/2026 10:15,16.025,82,0,268.5,11.425,1013.6,8,6.75
9/14/2026 10:30,16.45,81,0,271,11.35,1013.5,8,5.5
9/14/2026 10:45,16.875,80,0,273.5,11.275,1013.4,8,4.25
9/14/2026 11:00,17.3,79,0,276,11.2,1013.3,8,3
9/14/2026 11:15,17.3,76.75,0,277,11.375,1013.275,7.75,3
9/14/2026 11:30,17.3,74.5,0,278,11.55,1013.25,7.5,3
9/14/2026 11:45,17.3,72.25,0,279,11.725,1013.225,7.25,3
9/14/2026 12:00,17.3,70,0,280,11.9,1013.2,7,3
9/14/2026 12:15,17.675,67.5,0,278.75,12.35,1013.175,7.25,3
9/14/2026 12:30,18.05,65,0,277.5,12.8,1013.15,7.5,3
9/14/2026 12:45,18.425,62.5,0,276.25,13.25,1013.125,7.75,3
9/14/2026 13:00,18.8,60,0,275,13.7,1013.1,8,3
9/14/2026 13:15,19.025,57.75,0,276,13.975,1013.125,7.75,3
9/14/2026 13:30,19.25,55.5,0,277,14.25,1013.15,7.5,3
9/14/2026 13:45,19.475,53.25,0,278,14.525,1013.175,7.25,3
9/14/2026 14:00,19.7,51,0,279,14.8,1013.2,7,3
9/14/2026 14:15,19.625,51.75,0,279.5,14.975,1013.25,5.75,3
9/14/2026 14:30,19.55,52.5,0,280,15.15,1013.3,4.5,3
9/14/2026 14:45,19.475,53.25,0,280.5,15.325,1013.35,3.25,3
9/14/2026 15:00,19.4,54,0,281,15.5,1013.4,2,3
9/14/2026 15:15,19.1,54.5,0,280.75,14.425,1013.5,2,2.75
9/14/2026 15:30,18.8,55,0,280.5,13.35,1013.6,2,2.5
9/14/2026 15:45,18.5,55.5,0,280.25,12.275,1013.7,2,2.25
9/14/2026 16:00,18.2,56,0,280,11.2,1013.8,2,2
9/14/2026 16:15,17.875,57,0,279,10.375,1013.85,1.75,2
9/14/2026 16:30,17.55,58,0,278,9.55,1013.9,1.5,2
9/14/2026 16:45,17.225,59,0,277,8.725,1013.95,1.25,2
9/14/2026 17:00,16.9,60,0,276,7.9,1014,1,2
9/14/2026 17:15,16.075,63.75,0,273.5,7.825,1014.1,0.75,1.75
9/14/2026 17:30,15.25,67.5,0,271,7.75,1014.2,0.5,1.5
9/14/2026 17:45,14.425,71.25,0,268.5,7.675,1014.3,0.25,1.25
9/14/2026 18:00,13.6,75,0,266,7.6,1014.4,0,1
9/14/2026 18:15,13.15,77.75,0,259.75,7.6,1014.475,0.25,1
9/14/2026 18:30,12.7,80.5,0,253.5,7.6,1014.55,0.5,1
9/14/2026 18:45,12.25,83.25,0,247.25,7.6,1014.625,0.75,1
9/14/2026 19:00,11.8,86,0,241,7.6,1014.7,1,1
9/14/2026 19:15,11.6,87,0,238.75,7.675,1014.725,1.25,1
9/14/2026 19:30,11.4,88,0,236.5,7.75,1014.75,1.5,1
9/14/2026 19:45,11.2,89,0,234.25,7.825,1014.775,1.75,1
9/14/2026 20:00,11,90,0,232,7.9,1014.8,2,1
9/14/2026 20:15,10.875,90.75,0,230.5,7.825,1014.7,1.75,1.25
9/14/2026 20:30,10.75,91.5,0,229,7.75,1014.6,1.5,1.5
9/14/2026 20:45,10.625,92.25,0,227.5,7.675,1014.5,1.25,1.75
9/14/2026 21:00,10.5,93,0,226,7.6,1014.4,1,2
9/14/2026 21:15,10.5,92.75,0,220.75,7.775,1014.3,2.75,1.75
9/14/2026 21:30,10.5,92.5,0,215.5,7.95,1014.2,4.5,1.5
9/14/2026 21:45,10.5,92.25,0,210.25,8.125,1014.1,6.25,1.25
9/14/2026 22:00,10.5,92,0,205,8.3,1014,8,1
9/14/2026 22:15,10.625,91,0,202,8.575,1014.025,6.75,1.5
9/14/2026 22:30,10.75,90,0,199,8.85,1014.05,5.5,2
9/14/2026 22:45,10.875,89,0,196,9.125,1014.075,4.25,2.5
9/14/2026 23:00,11,88,0,193,9.4,1014.1,3,3
9/14/2026 23:15,11.2,85.75,0,188.25,9.4,1013.975,4.25,3
9/14/2026 23:30,11.4,83.5,0,183.5,9.4,1013.85,5.5,3
9/14/2026 23:45,11.6,81.25,0,178.75,9.4,1013.725,6.75,3
9/15/2026 0:00,11.8,79,0,174,9.4,1013.6,8,3
9/15/2026 0:15,12.15,80.5,0,170.5,11.375,1012.5,8,3
9/15/2026 0:30,12.5,82,0,167,13.35,1011.4,8,3
9/15/2026 0:45,12.85,83.5,0,163.5,15.325,1010.3,8,3
9/15/2026 5:00,13.2,85,0,160,17.3,1009.2,8,3
9/15/2026 5:15,13.1,87.75,0.2,162.75,17.575,1009.125,7.5,3
9/15/2026 5:30,13,90.5,0.4,165.5,17.85,1009.05,7,3
9/15/2026 5:45,12.9,93.25,0.6,168.25,18.125,1008.975,6.5,3
9/15/2026 6:00,12.8,96,0.8,171,18.4,1008.9,6,3
9/15/2026 6:15,13.025,95.5,0.675,174.5,18.925,1008.825,5.75,6.5
9/15/2026 6:30,13.25,95,0.55,178,19.45,1008.75,5.5,10
9/15/2026 6:45,13.475,94.5,0.425,181.5,19.975,1008.675,5.25,13.5
9/15/2026 7:00,13.7,94,0.3,185,20.5,1008.6,5,17
9/15/2026 7:15,13.975,94,0.3,183.75,19.775,1008.45,4.5,13.5
9/15/2026 7:30,14.25,94,0.3,182.5,19.05,1008.3,4,10
9/15/2026 7:45,14.525,94,0.3,181.25,18.325,1008.15,3.5,6.5
9/15/2026 8:00,14.8,94,0.3,180,17.6,1008,3,3
9/15/2026 8:15,15.625,91.75,0.225,186.5,17.6,1007.9,4,3
9/15/2026 8:30,16.45,89.5,0.15,193,17.6,1007.8,5,3
9/15/2026 8:45,17.275,87.25,0.075,199.5,17.6,1007.7,6,3
9/15/2026 9:00,18.1,85,0,206,17.6,1007.6,7,3
9/15/2026 9:15,18.725,82.75,0,209,18.875,1007.6,6.5,4
9/15/2026 9:30,19.35,80.5,0,212,20.15,1007.6,6,5
9/15/2026 9:45,19.975,78.25,0,215,21.425,1007.6,5.5,6
9/15/2026 10:00,20.6,76,0,218,22.7,1007.6,5,7
9/15/2026 10:15,19.95,80.75,0.425,217.25,21.7,1007.5,5.25,9.5
9/15/2026 10:30,19.3,85.5,0.85,216.5,20.7,1007.4,5.5,12
9/15/2026 10:45,18.65,90.25,1.275,215.75,19.7,1007.3,5.75,14.5
9/15/2026 11:00,18,95,1.7,215,18.7,1007.2,6,17
9/15/2026 11:15,17.8,94.5,1.425,219.75,20.225,1007.35,5.75,17.25
9/15/2026 11:30,17.6,94,1.15,224.5,21.75,1007.5,5.5,17.5
9/15/2026 11:45,17.4,93.5,0.875,229.25,23.275,1007.65,5.25,17.75
9/15/2026 12:00,17.2,93,0.6,234,24.8,1007.8,5,18
9/15/2026 12:15,17.375,92.75,0.525,231.25,23.275,1007.725,4.5,17.75
9/15/2026 12:30,17.55,92.5,0.45,228.5,21.75,1007.65,4,17.5
9/15/2026 12:45,17.725,92.25,0.375,225.75,20.225,1007.575,3.5,17.25
9/15/2026 13:00,17.9,92,0.3,223,18.7,1007.5,3,17
9/15/2026 13:15,18.1,91,0.225,224,18.425,1007.45,3.75,13.25
9/15/2026 13:30,18.3,90,0.15,225,18.15,1007.4,4.5,9.5
9/15/2026 13:45,18.5,89,0.075,226,17.875,1007.35,5.25,5.75
9/15/2026 14:00,18.7,88,0,227,17.6,1007.3,6,2
9/15/2026 14:15,19.125,86,0,227.75,16.45,1007.275,5,5.75
9/15/2026 14:30,19.55,84,0,228.5,15.3,1007.25,4,9.5
9/15/2026 14:45,19.975,82,0,229.25,14.15,1007.225,3,13.25
9/15/2026 15:00,20.4,80,0,230,13,1007.2,2,17
9/15/2026 15:15,20.55,74,0,234.5,12.725,1007.225,2.25,17
9/15/2026 15:30,20.7,68,0,239,12.45,1007.25,2.5,17
9/15/2026 15:45,20.85,62,0,243.5,12.175,1007.275,2.75,17
9/15/2026 16:00,21,56,0,248,11.9,1007.3,3,17
9/15/2026 16:15,20.425,59,0,248.75,12.25,1007.375,2.5,13.5
9/15/2026 16:30,19.85,62,0,249.5,12.6,1007.45,2,10
9/15/2026 16:45,19.275,65,0,250.25,12.95,1007.525,1.5,6.5
9/15/2026 17:00,18.7,68,0,251,13.3,1007.6,1,3
9/15/2026 17:15,17.975,71.75,0,250.75,13.475,1007.775,1,2.75
9/15/2026 17:30,17.25,75.5,0,250.5,13.65,1007.95,1,2.5
9/15/2026 17:45,16.525,79.25,0,250.25,13.825,1008.125,1,2.25
9/15/2026 18:00,15.8,83,0,250,14,1008.3,1,2
9/15/2026 18:15,15.55,84.75,0,238.75,12.75,1008.45,2.75,1.75
9/15/2026 18:30,15.3,86.5,0,227.5,11.5,1008.6,4.5,1.5
9/15/2026 18:45,15.05,88.25,0,216.25,10.25,1008.75,6.25,1.25
9/15/2026 19:00,14.8,90,0,205,9,1008.9,8,1
9/15/2026 19:15,14.625,91,0,208.5,9.45,1009.025,7,1.5
9/15/2026 19:30,14.45,92,0,212,9.9,1009.15,6,2
9/15/2026 19:45,14.275,93,0,215.5,10.35,1009.275,5,2.5
9/15/2026 20:00,14.1,94,0,219,10.8,1009.4,4,3
9/15/2026 20:15,14.175,93.5,0,220,10.8,1009.425,3.5,3
9/15/2026 20:30,14.25,93,0,221,10.8,1009.45,3,3
9/15/2026 20:45,14.325,92.5,0,222,10.8,1009.475,2.5,3
9/15/2026 21:00,14.4,92,0,223,10.8,1009.5,2,3
9/15/2026 21:15,14.55,89.5,0.025,222,11.35,1009.425,1.5,2.75
9/15/2026 21:30,14.7,87,0.05,221,11.9,1009.35,1,2.5
9/15/2026 21:45,14.85,84.5,0.075,220,12.45,1009.275,0.5,2.25
9/15/2026 22:00,15,82,0.1,219,13,1009.2,0,2
9/15/2026 22:15,15.2,79,0.075,221.5,14.35,1009.275,0.5,1.75
9/15/2026 22:30,15.4,76,0.05,224,15.7,1009.35,1,1.5
9/15/2026 22:45,15.6,73,0.025,226.5,17.05,1009.425,1.5,1.25
9/15/2026 23:00,15.8,70,0,229,18.4,1009.5,2,1
9/15/2026 23:15,15.7,69.75,0,230,18.575,1009.525,1.75,1.25
9/15/2026 23:30,15.6,69.5,0,231,18.75,1009.55,1.5,1.5
9/15/2026 23:45,15.5,69.25,0,232,18.925,1009.575,1.25,1.75
9/16/2026 0:00,15.4,69,0,233,19.1,1009.6,1,2
9/16/2026 0:15,15.15,69.25,0,231.5,19.55,1009.6,1,2
9/16/2026 0:30,14.9,69.5,0,230,20,1009.6,1,2
9/16/2026 0:45,14.65,69.75,0,228.5,20.45,1009.6,1,2
9/16/2026 5:00,14.4,70,0,227,20.9,1009.6,1,2
9/16/2026 5:15,14.625,69.5,0,227,21.25,1009.675,2.75,2
9/16/2026 5:30,14.85,69,0,227,21.6,1009.75,4.5,2
9/16/2026 5:45,15.075,68.5,0,227,21.95,1009.825,6.25,2
9/16/2026 6:00,15.3,68,0,227,22.3,1009.9,8,2
9/16/2026 6:15,15.4,67.5,0,227.25,22.3,1010.025,8,2.25
9/16/2026 6:30,15.5,67,0,227.5,22.3,1010.15,8,2.5
9/16/2026 6:45,15.6,66.5,0,227.75,22.3,1010.275,8,2.75
9/16/2026 7:00,15.7,66,0,228,22.3,1010.4,8,3
9/16/2026 7:15,15.85,65.5,0,227.25,22.575,1010.4,8,3
9/16/2026 7:30,16,65,0,226.5,22.85,1010.4,8,3
9/16/2026 7:45,16.15,64.5,0,225.75,23.125,1010.4,8,3
9/16/2026 8:00,16.3,64,0,225,23.4,1010.4,8,3
9/16/2026 8:15,16.4,63.75,0,227.5,24.125,1010.45,7.75,3
9/16/2026 8:30,16.5,63.5,0,230,24.85,1010.5,7.5,3
9/16/2026 8:45,16.6,63.25,0,232.5,25.575,1010.55,7.25,3
9/16/2026 9:00,16.7,63,0,235,26.3,1010.6,7,3
9/16/2026 9:15,16.875,62,0,238.5,27.475,1010.65,6.75,3
9/16/2026 9:30,17.05,61,0,242,28.65,1010.7,6.5,3
9/16/2026 9:45,17.225,60,0,245.5,29.825,1010.75,6.25,3
9/16/2026 10:00,17.4,59,0,249,31,1010.8,6,3
9/16/2026 10:15,17.575,59,0,249.5,30.725,1010.85,5.5,6.5
9/16/2026 10:30,17.75,59,0,250,30.45,1010.9,5,10
9/16/2026 10:45,17.925,59,0,250.5,30.175,1010.95,4.5,13.5
9/16/2026 11:00,18.1,59,0,251,29.9,1011,4,17
9/16/2026 11:15,17.975,59,0,251.75,29.8,1011.075,3.75,13.5
9/16/2026 11:30,17.85,59,0,252.5,29.7,1011.15,3.5,10
9/16/2026 11:45,17.725,59,0,253.25,29.6,1011.225,3.25,6.5
9/16/2026 12:00,17.6,59,0,254,29.5,1011.3,3,3
9/16/2026 12:15,17.6,58.75,0,253.25,28.975,1011.375,3,3
9/16/2026 12:30,17.6,58.5,0,252.5,28.45,1011.45,3,3
9/16/2026 12:45,17.6,58.25,0,251.75,27.925,1011.525,3,3
9/16/2026 13:00,17.6,58,0,251,27.4,1011.6,3,3
9/16/2026 13:15,17.6,57.75,0,251,26.675,1011.575,2.75,3
9/16/2026 13:30,17.6,57.5,0,251,25.95,1011.55,2.5,3
9/16/2026 13:45,17.6,57.25,0,251,25.225,1011.525,2.25,3
9/16/2026 14:00,17.6,57,0,251,24.5,1011.5,2,3
9/16/2026 14:15,17.8,55.75,0,249.5,23.875,1011.55,1.75,2.75
9/16/2026 14:30,18,54.5,0,248,23.25,1011.6,1.5,2.5
9/16/2026 14:45,18.2,53.25,0,246.5,22.625,1011.65,1.25,2.25
9/16/2026 15:00,18.4,52,0,245,22,1011.7,1,2
9/16/2026 15:15,18.475,51,0,248,21.55,1011.875,1.5,5.75
9/16/2026 15:30,18.55,50,0,251,21.1,1012.05,2,9.5
9/16/2026 15:45,18.625,49,0,254,20.65,1012.225,2.5,13.25
9/16/2026 16:00,18.7,48,0,257,20.2,1012.4,3,17
9/16/2026 16:15,18.35,49.75,0,256.25,20.275,1012.4,2.75,13.5
9/16/2026 16:30,18,51.5,0,255.5,20.35,1012.4,2.5,10
9/16/2026 16:45,17.65,53.25,0,254.75,20.425,1012.4,2.25,6.5
9/16/2026 17:00,17.3,55,0,254,20.5,1012.4,2,3
9/16/2026 17:15,16.575,59.5,0.025,254.25,20.6,1012.5,1.5,2.75
9/16/2026 17:30,15.85,64,0.05,254.5,20.7,1012.6,1,2.5
9/16/2026 17:45,15.125,68.5,0.075,254.75,20.8,1012.7,0.5,2.25
9/16/2026 18:00,14.4,73,0.1,255,20.9,1012.8,0,2
9/16/2026 18:15,14.425,72.75,0.075,255.75,20.975,1012.95,0.5,1.75
9/16/2026 18:30,14.45,72.5,0.05,256.5,21.05,1013.1,1,1.5
9/16/2026 18:45,14.475,72.25,0.025,257.25,21.125,1013.25,1.5,1.25
9/16/2026 19:00,14.5,72,0,258,21.2,1013.4,2,1
9/16/2026 19:15,14.35,72.5,0,256,20.85,1013.45,2.25,1.25
9/16/2026 19:30,14.2,73,0,254,20.5,1013.5,2.5,1.5
9/16/2026 19:45,14.05,73.5,0,252,20.15,1013.55,2.75,1.75
9/16/2026 20:00,13.9,74,0,250,19.8,1013.6,3,2
9/16/2026 20:15,13.825,75,0,249.5,19.8,1013.65,4.25,2.25
9/16/2026 20:30,13.75,76,0,249,19.8,1013.7,5.5,2.5
9/16/2026 20:45,13.675,77,0,248.5,19.8,1013.75,6.75,2.75
9/16/2026 21:00,13.6,78,0,248,19.8,1013.8,8,3
9/16/2026 21:15,13.525,79.75,0.025,247.75,19.45,1013.825,8,3
9/16/2026 21:30,13.45,81.5,0.05,247.5,19.1,1013.85,8,3
9/16/2026 21:45,13.375,83.25,0.075,247.25,18.75,1013.875,8,3
9/16/2026 22:00,13.3,85,0.1,247,18.4,1013.9,8,3
9/16/2026 22:15,13.375,84.75,0.075,248.5,18.2,1014,7,4
9/16/2026 22:30,13.45,84.5,0.05,250,18,1014.1,6,5
9/16/2026 22:45,13.525,84.25,0.025,251.5,17.8,1014.2,5,6
9/16/2026 23:00,13.6,84,0,253,17.6,1014.3,4,7
9/16/2026 23:15,13.675,83.5,0,256.25,17.6,1014.45,3.5,6
9/16/2026 23:30,13.75,83,0,259.5,17.6,1014.6,3,5
9/16/2026 23:45,13.825,82.5,0,262.75,17.6,1014.75,2.5,4
9/17/2026 0:00,13.9,82,0,266,17.6,1014.9,2,3
9/17/2026 0:15,13.525,83.25,0,262.75,17.15,1015.35,2,2.75
9/17/2026 0:30,13.15,84.5,0,259.5,16.7,1015.8,2,2.5
9/17/2026 0:45,12.775,85.75,0,256.25,16.25,1016.25,2,2.25
9/17/2026 5:00,12.4,87,0,253,15.8,1016.7,2,2
9/17/2026 5:15,12.55,86.5,0,252.75,16,1016.8,3.5,2
9/17/2026 5:30,12.7,86,0,252.5,16.2,1016.9,5,2
9/17/2026 5:45,12.85,85.5,0,252.25,16.4,1017,6.5,2
9/17/2026 6:00,13,85,0,252,16.6,1017.1,8,2
9/17/2026 6:15,13.2,83.75,0,250.5,17.05,1017.2,8,2.25
9/17/2026 6:30,13.4,82.5,0,249,17.5,1017.3,8,2.5
9/17/2026 6:45,13.6,81.25,0,247.5,17.95,1017.4,8,2.75
9/17/2026 7:00,13.8,80,0,246,18.4,1017.5,8,3
9/17/2026 7:15,14.15,78.5,0,250.75,19.825,1017.65,8,3
9/17/2026 7:30,14.5,77,0,255.5,21.25,1017.8,8,3
9/17/2026 7:45,14.85,75.5,0,260.25,22.675,1017.95,8,3
9/17/2026 8:00,15.2,74,0,265,24.1,1018.1,8,3
9/17/2026 8:15,15.55,72.75,0,265.75,23.825,1018.15,7.5,3
9/17/2026 8:30,15.9,71.5,0,266.5,23.55,1018.2,7,3
9/17/2026 8:45,16.25,70.25,0,267.25,23.275,1018.25,6.5,3
9/17/2026 9:00,16.6,69,0,268,23,1018.3,6,3
9/17/2026 9:15,16.675,68.5,0,266.75,22.375,1018.325,6.25,3
9/17/2026 9:30,16.75,68,0,265.5,21.75,1018.35,6.5,3
9/17/2026 9:45,16.825,67.5,0,264.25,21.125,1018.375,6.75,3
9/17/2026 10:00,16.9,67,0,263,20.5,1018.4,7,3
9/17/2026 10:15,17.225,65.5,0,263.5,20.5,1018.35,6,3
9/17/2026 10:30,17.55,64,0,264,20.5,1018.3,5,3
9/17/2026 10:45,17.875,62.5,0,264.5,20.5,1018.25,4,3
9/17/2026 11:00,18.2,61,0,265,20.5,1018.2,3,3
9/17/2026 11:15,18.05,60.5,0,266.25,20.675,1018.2,2.75,3
9/17/2026 11:30,17.9,60,0,267.5,20.85,1018.2,2.5,3
9/17/2026 11:45,17.75,59.5,0,268.75,21.025,1018.2,2.25,3
9/17/2026 12:00,17.6,59,0,270,21.2,1018.2,2,3
9/17/2026 12:15,17.7,58.25,0,270,21.3,1018.125,2,2.75
9/17/2026 12:30,17.8,57.5,0,270,21.4,1018.05,2,2.5
9/17/2026 12:45,17.9,56.75,0,270,21.5,1017.975,2,2.25
9/17/2026 13:00,18,56,0,270,21.6,1017.9,2,2
9/17/2026 13:15,18,55.75,0,269.75,21.6,1017.925,1.75,2
9/17/2026 13:30,18,55.5,0,269.5,21.6,1017.95,1.5,2
9/17/2026 13:45,18,55.25,0,269.25,21.6,1017.975,1.25,2
9/17/2026 14:00,18,55,0,269,21.6,1018,1,2
9/17/2026 14:15,18.15,54.25,0,268,21.05,1018.05,1.5,2
9/17/2026 14:30,18.3,53.5,0,267,20.5,1018.1,2,2
9/17/2026 14:45,18.45,52.75,0,266,19.95,1018.15,2.5,2
9/17/2026 15:00,18.6,52,0,265,19.4,1018.2,3,2
9/17/2026 15:15,18.575,52.5,0,264.25,18.7,1018.3,2.75,2
9/17/2026 15:30,18.55,53,0,263.5,18,1018.4,2.5,2
9/17/2026 15:45,18.525,53.5,0,262.75,17.3,1018.5,2.25,2
9/17/2026 16:00,18.5,54,0,262,16.6,1018.6,2,2
9/17/2026 16:15,18.175,55.5,0,261.25,16.225,1018.65,1.75,2
9/17/2026 16:30,17.85,57,0,260.5,15.85,1018.7,1.5,2
9/17/2026 16:45,17.525,58.5,0,259.75,15.475,1018.75,1.25,2
9/17/2026 17:00,17.2,60,0,259,15.1,1018.8,1,2
9/17/2026 17:15,16.975,60.75,0,258.5,14.575,1018.925,1,1.75
9/17/2026 17:30,16.75,61.5,0,258,14.05,1019.05,1,1.5
9/17/2026 17:45,16.525,62.25,0,257.5,13.525,1019.175,1,1.25
9/17/2026 18:00,16.3,63,0,257,13,1019.3,1,1
9/17/2026 18:15,16.1,64,0,254.75,13,1019.4,1,1
9/17/2026 18:30,15.9,65,0,252.5,13,1019.5,1,1
9/17/2026 18:45,15.7,66,0,250.25,13,1019.6,1,1
9/17/2026 19:00,15.5,67,0,248,13,1019.7,1,1
9/17/2026 19:15,15.325,68,0,247,12.55,1019.725,0.75,1
9/17/2026 19:30,15.15,69,0,246,12.1,1019.75,0.5,1
9/17/2026 19:45,14.975,70,0,245,11.65,1019.775,0.25,1
9/17/2026 20:00,14.8,71,0,244,11.2,1019.8,0,1
9/17/2026 20:15,14.675,71.25,0,241.5,11.1,1019.825,2,1
9/17/2026 20:30,14.55,71.5,0,239,11,1019.85,4,1
9/17/2026 20:45,14.425,71.75,0,236.5,10.9,1019.875,6,1
9/17/2026 21:00,14.3,72,0,234,10.8,1019.9,8,1
9/17/2026 21:15,14.175,72.75,0,231.25,10.7,1019.825,8,1.5
9/17/2026 21:30,14.05,73.5,0,228.5,10.6,1019.75,8,2
9/17/2026 21:45,13.925,74.25,0,225.75,10.5,1019.675,8,2.5
9/17/2026 22:00,13.8,75,0,223,10.4,1019.6,8,3
9/17/2026 22:15,13.95,74.25,0,220.75,10.6,1019.575,8,3
9/17/2026 22:30,14.1,73.5,0,218.5,10.8,1019.55,8,3
9/17/2026 22:45,14.25,72.75,0,216.25,11,1019.525,8,3
9/17/2026 23:00,14.4,72,0,214,11.2,1019.5,8,3
9/17/2026 23:15,14.5,71.75,0,213.75,11.825,1019.475,8,3
9/17/2026 23:30,14.6,71.5,0,213.5,12.45,1019.45,8,3
9/17/2026 23:45,14.7,71.25,0,213.25,13.075,1019.425,8,3
9/18/2026 0:00,14.8,71,0,213,13.7,1019.4,8,3
9/18/2026 0:15,14.725,76,0,215.5,14.05,1019.025,8,3
9/18/2026 0:30,14.65,81,0,218,14.4,1018.65,8,3
9/18/2026 0:45,14.575,86,0,220.5,14.75,1018.275,8,3
9/18/2026 5:00,14.5,91,0,223,15.1,1017.9,8,3
9/18/2026 5:15,14.525,92,0,224.5,15.025,1017.9,8,3
9/18/2026 5:30,14.55,93,0,226,14.95,1017.9,8,3
9/18/2026 5:45,14.575,94,0,227.5,14.875,1017.9,8,3
9/18/2026 6:00,14.6,95,0,229,14.8,1017.9,8,3
9/18/2026 6:15,14.625,95.5,0.025,230,14.875,1018.025,8,3
9/18/2026 6:30,14.65,96,0.05,231,14.95,1018.15,8,3
9/18/2026 6:45,14.675,96.5,0.075,232,15.025,1018.275,8,3
9/18/2026 7:00,14.7,97,0.1,233,15.1,1018.4,8,3
9/18/2026 7:15,14.8,97.25,0.2,233.5,14.75,1018.45,8,3
9/18/2026 7:30,14.9,97.5,0.3,234,14.4,1018.5,8,3
9/18/2026 7:45,15,97.75,0.4,234.5,14.05,1018.55,8,3
9/18/2026 8:00,15.1,98,0.5,235,13.7,1018.6,8,3
9/18/2026 8:15,15.275,97.75,0.4,235.5,13.775,1018.625,8,3
9/18/2026 8:30,15.45,97.5,0.3,236,13.85,1018.65,8,3
9/18/2026 8:45,15.625,97.25,0.2,236.5,13.925,1018.675,8,3
9/18/2026 9:00,15.8,97,0.1,237,14,1018.7,8,3
9/18/2026 9:15,15.975,96.25,0.1,241.5,16.35,1018.725,8,3
9/18/2026 9:30,16.15,95.5,0.1,246,18.7,1018.75,8,3
9/18/2026 9:45,16.325,94.75,0.1,250.5,21.05,1018.775,8,3
9/18/2026 10:00,16.5,94,0.1,255,23.4,1018.8,8,3
9/18/2026 10:15,16.8,92.5,0.075,255.25,22.675,1018.825,8,3
9/18/2026 10:30,17.1,91,0.05,255.5,21.95,1018.85,8,3
9/18/2026 10:45,17.4,89.5,0.025,255.75,21.225,1018.875,8,3
9/18/2026 11:00,17.7,88,0,256,20.5,1018.9,8,3
9/18/2026 11:15,17.85,87.25,0,257.5,20.325,1019,8,3
9/18/2026 11:30,18,86.5,0,259,20.15,1019.1,8,3
9/18/2026 11:45,18.15,85.75,0,260.5,19.975,1019.2,8,3
9/18/2026 12:00,18.3,85,0,262,19.8,1019.3,8,3
9/18/2026 12:15,18.425,84.25,0,258.5,19.25,1019.3,7.75,3
9/18/2026 12:30,18.55,83.5,0,255,18.7,1019.3,7.5,3
9/18/2026 12:45,18.675,82.75,0,251.5,18.15,1019.3,7.25,3
9/18/2026 13:00,18.8,82,0,248,17.6,1019.3,7,3
9/18/2026 13:15,18.95,81.5,0,249,18.425,1019.275,7.25,3
9/18/2026 13:30,19.1,81,0,250,19.25,1019.25,7.5,3
9/18/2026 13:45,19.25,80.5,0,251,20.075,1019.225,7.75,3
9/18/2026 14:00,19.4,80,0,252,20.9,1019.2,8,3
9/18/2026 14:15,19.3,81.25,0,251.5,19.725,1019.275,8,3
9/18/2026 14:30,19.2,82.5,0,251,18.55,1019.35,8,3
9/18/2026 14:45,19.1,83.75,0,250.5,17.375,1019.425,8,3
9/18/2026 15:00,19,85,0,250,16.2,1019.5,8,3
9/18/2026 15:15,19.15,83.75,0,249.25,16.2,1019.525,7.75,3
9/18/2026 15:30,19.3,82.5,0,248.5,16.2,1019.55,7.5,3
9/18/2026 15:45,19.45,81.25,0,247.75,16.2,1019.575,7.25,3
9/18/2026 16:00,19.6,80,0,247,16.2,1019.6,7,3
9/18/2026 16:15,19.625,79.75,0,247,15.65,1019.55,7.25,3
9/18/2026 16:30,19.65,79.5,0,247,15.1,1019.5,7.5,3
9/18/2026 16:45,19.675,79.25,0,247,14.55,1019.45,7.75,3
9/18/2026 17:00,19.7,79,0,247,14,1019.4,8,3
9/18/2026 17:15,19.7,78.75,0,250,14,1019.6,8,3
9/18/2026 17:30,19.7,78.5,0,253,14,1019.8,8,3
9/18/2026 17:45,19.7,78.25,0,256,14,1020,8,3
9/18/2026 18:00,19.7,78,0,259,14,1020.2,8,3
9/18/2026 18:15,19.725,77.5,0,256.75,14,1020.275,8,3
9/18/2026 18:30,19.75,77,0,254.5,14,1020.35,8,3
9/18/2026 18:45,19.775,76.5,0,252.25,14,1020.425,8,3
9/18/2026 19:00,19.8,76,0,250,14,1020.5,8,3
9/18/2026 19:15,19.8,76,0,250.75,13.825,1020.6,8,3
9/18/2026 19:30,19.8,76,0,251.5,13.65,1020.7,8,3
9/18/2026 19:45,19.8,76,0,252.25,13.475,1020.8,8,3
9/18/2026 20:00,19.8,76,0,253,13.3,1020.9,8,3
9/18/2026 20:15,19.75,76,0,255,14.125,1020.95,8,3
9/18/2026 20:30,19.7,76,0,257,14.95,1021,8,3
9/18/2026 20:45,19.65,76,0,259,15.775,1021.05,8,3
9/18/2026 21:00,19.6,76,0,261,16.6,1021.1,8,3
9/18/2026 21:15,19.6,76,0,259.75,16.225,1021.1,7.5,3
9/18/2026 21:30,19.6,76,0,258.5,15.85,1021.1,7,3
9/18/2026 21:45,19.6,76,0,257.25,15.475,1021.1,6.5,3
9/18/2026 22:00,19.6,76,0,256,15.1,1021.1,6,3
9/18/2026 22:15,19.725,75.5,0,255.75,15.375,1021.175,6.5,3
9/18/2026 22:30,19.85,75,0,255.5,15.65,1021.25,7,3
9/18/2026 22:45,19.975,74.5,0,255.25,15.925,1021.325,7.5,3
9/18/2026 23:00,20.1,74,0,255,16.2,1021.4,8,3
9/18/2026 23:15,19.95,75,0,257.25,16.2,1021.475,7.75,3
9/18/2026 23:30,19.8,76,0,259.5,16.2,1021.55,7.5,3
9/18/2026 23:45,19.65,77,0,261.75,16.2,1021.625,7.25,3
9/19/2026 0:00,19.5,78,0,264,16.2,1021.7,7,3
9/19/2026 0:15,19.2,79,0,259.5,15.3,1022.075,7.25,3
9/19/2026 0:30,18.9,80,0,255,14.4,1022.45,7.5,3
9/19/2026 0:45,18.6,81,0,250.5,13.5,1022.825,7.75,3
9/19/2026 5:00,18.3,82,0,246,12.6,1023.2,8,3
9/19/2026 5:15,18.225,82.5,0,245.75,12.325,1023.25,8,3
9/19/2026 5:30,18.15,83,0,245.5,12.05,1023.3,8,3
9/19/2026 5:45,18.075,83.5,0,245.25,11.775,1023.35,8,3
9/19/2026 6:00,18,84,0,245,11.5,1023.4,8,3
9/19/2026 6:15,18.15,83.25,0,243.5,11.5,1023.525,7.75,3
9/19/2026 6:30,18.3,82.5,0,242,11.5,1023.65,7.5,3
9/19/2026 6:45,18.45,81.75,0,240.5,11.5,1023.775,7.25,3
9/19/2026 7:00,18.6,81,0,239,11.5,1023.9,7,3
9/19/2026 7:15,18.675,80.5,0,242,12.575,1023.9,5.75,3
9/19/2026 7:30,18.75,80,0,245,13.65,1023.9,4.5,3
9/19/2026 7:45,18.825,79.5,0,248,14.725,1023.9,3.25,3
9/19/2026 8:00,18.9,79,0,251,15.8,1023.9,2,3
9/19/2026 8:15,19.175,77.75,0,252.75,16,1023.95,3.25,2.75
9/19/2026 8:30,19.45,76.5,0,254.5,16.2,1024,4.5,2.5
9/19/2026 8:45,19.725,75.25,0,256.25,16.4,1024.05,5.75,2.25
9/19/2026 9:00,20,74,0,258,16.6,1024.1,7,2
9/19/2026 9:15,20.25,73,0,258,16.325,1024.1,7.25,2.25
9/19/2026 9:30,20.5,72,0,258,16.05,1024.1,7.5,2.5
9/19/2026 9:45,20.75,71,0,258,15.775,1024.1,7.75,2.75
9/19/2026 10:00,21,70,0,258,15.5,1024.1,8,3
9/19/2026 10:15,20.85,69.75,0,258.25,15.5,1024.125,8,3
9/19/2026 10:30,20.7,69.5,0,258.5,15.5,1024.15,8,3
9/19/2026 10:45,20.55,69.25,0,258.75,15.5,1024.175,8,3
9/19/2026 11:00,20.4,69,0,259,15.5,1024.2,8,3
9/19/2026 11:15,20.7,68,0,260.5,15.225,1024.225,7.25,3
9/19/2026 11:30,21,67,0,262,14.95,1024.25,6.5,3
9/19/2026 11:45,21.3,66,0,263.5,14.675,1024.275,5.75,3
9/19/2026 12:00,21.6,65,0,265,14.4,1024.3,5,3
9/19/2026 12:15,21.95,63.75,0,261.75,13.85,1024.2,4.5,3
9/19/2026 12:30,22.3,62.5,0,258.5,13.3,1024.1,4,3
9/19/2026 12:45,22.65,61.25,0,255.25,12.75,1024,3.5,3
9/19/2026 13:00,23,60,0,252,12.2,1023.9,3,3
9/19/2026 13:15,23.15,59,0,250,11.75,1023.75,2.25,3
9/19/2026 13:30,23.3,58,0,248,11.3,1023.6,1.5,3
9/19/2026 13:45,23.45,57,0,246,10.85,1023.45,0.75,3
9/19/2026 14:00,23.6,56,0,244,10.4,1023.3,0,3
9/19/2026 14:15,23.575,56.5,0,242.75,9.95,1023.2,0,2.5
9/19/2026 14:30,23.55,57,0,241.5,9.5,1023.1,0,2
9/19/2026 14:45,23.525,57.5,0,240.25,9.05,1023,0,1.5
9/19/2026 15:00,23.5,58,0,239,8.6,1022.9,0,1
9/19/2026 15:15,23.475,58.25,0,234.75,7.525,1022.875,0,1
9/19/2026 15:30,23.45,58.5,0,230.5,6.45,1022.85,0,1
9/19/2026 15:45,23.425,58.75,0,226.25,5.375,1022.825,0,1
9/19/2026 16:00,23.4,59,0,222,4.3,1022.8,0,1
9/19/2026 16:15,22.8,61.75,0,214,4.675,1022.75,0,1
9/19/2026 16:30,22.2,64.5,0,206,5.05,1022.7,0,1
9/19/2026 16:45,21.6,67.25,0,198,5.425,1022.65,0,1
9/19/2026 17:00,21,70,0,190,5.8,1022.6,0,1
9/19/2026 17:15,20.425,73,0,187.25,6.7,1022.625,0,1
9/19/2026 17:30,19.85,76,0,184.5,7.6,1022.65,0,1
9/19/2026 17:45,19.275,79,0,181.75,8.5,1022.675,0,1
9/19/2026 18:00,18.7,82,0,179,9.4,1022.7,0,1
9/19/2026 18:15,18.525,82.5,0,180,9.3,1022.7,0,1
9/19/2026 18:30,18.35,83,0,181,9.2,1022.7,0,1
9/19/2026 18:45,18.175,83.5,0,182,9.1,1022.7,0,1
9/19/2026 19:00,18,84,0,183,9,1022.7,0,1
9/19/2026 19:15,18,84.25,0,182.25,9,1022.675,2,1
9/19/2026 19:30,18,84.5,0,181.5,9,1022.65,4,1
9/19/2026 19:45,18,84.75,0,180.75,9,1022.625,6,1
9/19/2026 20:00,18,85,0,180,9,1022.6,8,1
9/19/2026 20:15,18.05,84.5,0,178,9.175,1022.525,8,1.5
9/19/2026 20:30,18.1,84,0,176,9.35,1022.45,8,2
9/19/2026 20:45,18.15,83.5,0,174,9.525,1022.375,8,2.5
9/19/2026 21:00,18.2,83,0,172,9.7,1022.3,8,3
9/19/2026 21:15,18,84,0,171,9.625,1022.175,6.25,3
9/19/2026 21:30,17.8,85,0,170,9.55,1022.05,4.5,3
9/19/2026 21:45,17.6,86,0,169,9.475,1021.925,2.75,3
9/19/2026 22:00,17.4,87,0,168,9.4,1021.8,1,3
9/19/2026 22:15,17.175,88,0,166.75,9.85,1021.575,0.75,2.5
9/19/2026 22:30,16.95,89,0,165.5,10.3,1021.35,0.5,2
9/19/2026 22:45,16.725,90,0,164.25,10.75,1021.125,0.25,1.5
9/19/2026 23:00,16.5,91,0,163,11.2,1020.9,0,1
9/19/2026 23:15,16.3,92,0,164.75,11.275,1020.825,0,1
9/19/2026 23:30,16.1,93,0,166.5,11.35,1020.75,0,1
9/19/2026 23:45,15.9,94,0,168.25,11.425,1020.675,0,1
9/20/2026 0:00,15.7,95,0,170,11.5,1020.6,0,1
9/20/2026 0:15,15.225,95.25,0,176.75,11.675,1020,0,1
9/20/2026 0:30,14.75,95.5,0,183.5,11.85,1019.4,0,1
9/20/2026 0:45,14.275,95.75,0,190.25,12.025,1018.8,0,1
9/20/2026 5:00,13.8,96,0,197,12.2,1018.2,0,1
9/20/2026 5:15,14.2,93.75,0,196.75,12.025,1018.125,0.75,1
9/20/2026 5:30,14.6,91.5,0,196.5,11.85,1018.05,1.5,1
9/20/2026 5:45,15,89.25,0,196.25,11.675,1017.975,2.25,1
9/20/2026 6:00,15.4,87,0,196,11.5,1017.9,3,1
9/20/2026 6:15,16.125,83.5,0,193.75,11.5,1017.875,4.25,1.5
9/20/2026 6:30,16.85,80,0,191.5,11.5,1017.85,5.5,2
9/20/2026 6:45,17.575,76.5,0,189.25,11.5,1017.825,6.75,2.5
9/20/2026 7:00,18.3,73,0,187,11.5,1017.8,8,3
9/20/2026 7:15,18.8,71.25,0,190,11.05,1017.775,8,3
9/20/2026 7:30,19.3,69.5,0,193,10.6,1017.75,8,3
9/20/2026 7:45,19.8,67.75,0,196,10.15,1017.725,8,3
9/20/2026 8:00,20.3,66,0,199,9.7,1017.7,8,3
9/20/2026 8:15,21.05,63.75,0,201,9.7,1017.6,8,3
9/20/2026 8:30,21.8,61.5,0,203,9.7,1017.5,8,3
9/20/2026 8:45,22.55,59.25,0,205,9.7,1017.4,8,3
9/20/2026 9:00,23.3,57,0,207,9.7,1017.3,8,3
9/20/2026 9:15,23.8,56,0,206.25,9.8,1017.1,8,3
9/20/2026 9:30,24.3,55,0,205.5,9.9,1016.9,8,3
9/20/2026 9:45,24.8,54,0,204.75,10,1016.7,8,3
9/20/2026 10:00,25.3,53,0,204,10.1,1016.5,8,3
9/20/2026 10:15,25.475,52.25,0,205.25,10.275,1016.35,7.75,3
9/20/2026 10:30,25.65,51.5,0,206.5,10.45,1016.2,7.5,3
9/20/2026 10:45,25.825,50.75,0,207.75,10.625,1016.05,7.25,3
9/20/2026 11:00,26,50,0,209,10.8,1015.9,7,3
9/20/2026 11:15,26.35,49.75,0,207.5,10.9,1015.725,7,3
9/20/2026 11:30,26.7,49.5,0,206,11,1015.55,7,3
9/20/2026 11:45,27.05,49.25,0,204.5,11.1,1015.375,7,3
9/20/2026 12:00,27.4,49,0,203,11.2,1015.2,7,3
9/20/2026 12:15,27.625,47.25,0,202.75,11.2,1015.025,7,3
9/20/2026 12:30,27.85,45.5,0,202.5,11.2,1014.85,7,3
9/20/2026 12:45,28.075,43.75,0,202.25,11.2,1014.675,7,3
9/20/2026 13:00,28.3,42,0,202,11.2,1014.5,7,3
9/20/2026 13:15,28.5,42,0,201.25,11.45,1014.375,6.75,3
9/20/2026 13:30,28.7,42,0,200.5,11.7,1014.25,6.5,3
9/20/2026 13:45,28.9,42,0,199.75,11.95,1014.125,6.25,3
9/20/2026 14:00,29.1,42,0,199,12.2,1014,6,3
9/20/2026 14:15,29.1,41.75,0,199.25,11.95,1013.875,6.25,3
9/20/2026 14:30,29.1,41.5,0,199.5,11.7,1013.75,6.5,3
9/20/2026 14:45,29.1,41.25,0,199.75,11.45,1013.625,6.75,3
9/20/2026 15:00,29.1,41,0,200,11.2,1013.5,7,3
9/20/2026 15:15,28.825,41,0,198.75,11,1013.45,5.75,3
9/20/2026 15:30,28.55,41,0,197.5,10.8,1013.4,4.5,3
9/20/2026 15:45,28.275,41,0,196.25,10.6,1013.35,3.25,3
9/20/2026 16:00,28,41,0,195,10.4,1013.3,2,3
9/20/2026 16:15,26.775,46,0,192.5,10.4,1013.125,3.5,2.75
9/20/2026 16:30,25.55,51,0,190,10.4,1012.95,5,2.5
9/20/2026 16:45,24.325,56,0,187.5,10.4,1012.775,6.5,2.25
9/20/2026 17:00,23.1,61,0,185,10.4,1012.6,8,2
9/20/2026 17:15,22.525,63.5,0,184,10.775,1012.575,7.5,2.25
9/20/2026 17:30,21.95,66,0,183,11.15,1012.55,7,2.5
9/20/2026 17:45,21.375,68.5,0,182,11.525,1012.525,6.5,2.75
9/20/2026 18:00,20.8,71,0,181,11.9,1012.5,6,3
9/20/2026 18:15,20.75,71,0,182.5,12.075,1012.5,6.5,3
9/20/2026 18:30,20.7,71,0,184,12.25,1012.5,7,3
9/20/2026 18:45,20.65,71,0,185.5,12.425,1012.5,7.5,3
9/20/2026 19:00,20.6,71,0,187,12.6,1012.5,8,3
9/20/2026 19:15,20.975,68.75,0,189.5,12.7,1012.45,6.75,3
9/20/2026 19:30,21.35,66.5,0,192,12.8,1012.4,5.5,3
9/20/2026 19:45,21.725,64.25,0,194.5,12.9,1012.35,4.25,3
9/20/2026 20:00,22.1,62,0,197,13,1012.3,3,3
9/20/2026 20:15,21.825,63.25,0,198.5,12.725,1012.275,3.5,3
9/20/2026 20:30,21.55,64.5,0,200,12.45,1012.25,4,3
9/20/2026 20:45,21.275,65.75,0,201.5,12.175,1012.225,4.5,3
9/20/2026 21:00,21,67,0,203,11.9,1012.2,5,3
9/20/2026 21:15,20.575,68.5,0,205.25,12.175,1012.15,5,3
9/20/2026 21:30,20.15,70,0,207.5,12.45,1012.1,5,3
9/20/2026 21:45,19.725,71.5,0,209.75,12.725,1012.05,5,3
9/20/2026 22:00,19.3,73,0,212,13,1012,5,3
9/20/2026 22:15,19.425,72,0,214.5,12.8,1012,4,3
9/20/2026 22:30,19.55,71,0,217,12.6,1012,3,3
9/20/2026 22:45,19.675,70,0,219.5,12.4,1012,2,3
9/20/2026 23:00,19.8,69,0,222,12.2,1012,1,3
9/20/2026 23:15,19.45,70.5,0,223.5,11.95,1012,1,2.5
9/20/2026 23:30,19.1,72,0,225,11.7,1012,1,2
9/20/2026 23:45,18.75,73.5,0,226.5,11.45,1012,1,1.5
9/21/2026 0:00,18.4,75,0,228,11.2,1012,1,1
9/21/2026 0:15,17.95,77.75,0,217,10.925,1011.775,1.75,1.25
9/21/2026 0:30,17.5,80.5,0,206,10.65,1011.55,2.5,1.5
9/21/2026 0:45,17.05,83.25,0,195,10.375,1011.325,3.25,1.75
9/21/2026 5:00,16.6,86,0,184,10.1,1011.1,4,2
9/21/2026 5:15,16.95,84.5,0,183.5,10.175,1011.075,3.25,2.25
9/21/2026 5:30,17.3,83,0,183,10.25,1011.05,2.5,2.5
9/21/2026 5:45,17.65,81.5,0,182.5,10.325,1011.025,1.75,2.75
9/21/2026 6:00,18,80,0,182,10.4,1011,1,3
9/21/2026 6:15,18.275,79,0,180,10.6,1011,1,2.75
9/21/2026 6:30,18.55,78,0,178,10.8,1011,1,2.5
9/21/2026 6:45,18.825,77,0,176,11,1011,1,2.25
9/21/2026 7:00,19.1,76,0,174,11.2,1011,1,2
9/21/2026 7:15,19.8,73.75,0,173.75,11,1011,2.75,2
9/21/2026 7:30,20.5,71.5,0,173.5,10.8,1011,4.5,2
9/21/2026 7:45,21.2,69.25,0,173.25,10.6,1011,6.25,2
9/21/2026 8:00,21.9,67,0,173,10.4,1011,8,2
9/21/2026 8:15,22.325,66.25,0,173.25,10.4,1010.95,6.25,2.25
9/21/2026 8:30,22.75,65.5,0,173.5,10.4,1010.9,4.5,2.5
9/21/2026 8:45,23.175,64.75,0,173.75,10.4,1010.85,2.75,2.75
9/21/2026 9:00,23.6,64,0,174,10.4,1010.8,1,3
9/21/2026 9:15,24.2,62,0,184,10.775,1010.725,2.5,2.75
9/21/2026 9:30,24.8,60,0,194,11.15,1010.65,4,2.5
9/21/2026 9:45,25.4,58,0,204,11.525,1010.575,5.5,2.25
9/21/2026 10:00,26,56,0,214,11.9,1010.5,7,2
9/21/2026 10:15,26.425,54.75,0,215.75,12.175,1010.425,6.75,2.25
9/21/2026 10:30,26.85,53.5,0,217.5,12.45,1010.35,6.5,2.5
9/21/2026 10:45,27.275,52.25,0,219.25,12.725,1010.275,6.25,2.75
9/21/2026 11:00,27.7,51,0,221,13,1010.2,6,3
9/21/2026 11:15,27.5,51,0,223.5,12.625,1010.075,5.25,3
9/21/2026 11:30,27.3,51,0,226,12.25,1009.95,4.5,3
9/21/2026 11:45,27.1,51,0,228.5,11.875,1009.825,3.75,3
9/21/2026 12:00,26.9,51,0,231,11.5,1009.7,3,3
9/21/2026 12:15,26.4,52.75,0,234.25,11.95,1009.725,4.25,2.75
9/21/2026 12:30,25.9,54.5,0,237.5,12.4,1009.75,5.5,2.5
9/21/2026 12:45,25.4,56.25,0,240.75,12.85,1009.775,6.75,2.25
9/21/2026 13:00,24.9,58,0,244,13.3,1009.8,8,2
9/21/2026 13:15,24.875,59.25,0,247,13.75,1009.925,8,3.5
9/21/2026 13:30,24.85,60.5,0,250,14.2,1010.05,8,5
9/21/2026 13:45,24.825,61.75,0,253,14.65,1010.175,8,6.5
9/21/2026 14:00,24.8,63,0,256,15.1,1010.3,8,8
9/21/2026 14:15,24.65,63.75,0,263.5,16,1010.475,7.75,7.75
9/21/2026 14:30,24.5,64.5,0,271,16.9,1010.65,7.5,7.5
9/21/2026 14:45,24.35,65.25,0,278.5,17.8,1010.825,7.25,7.25
9/21/2026 15:00,24.2,66,0,286,18.7,1011,7,7
9/21/2026 15:15,23.55,64.5,0,285.5,18.7,1011.15,7.25,6
9/21/2026 15:30,22.9,63,0,285,18.7,1011.3,7.5,5
9/21/2026 15:45,22.25,61.5,0,284.5,18.7,1011.45,7.75,4
9/21/2026 16:00,21.6,60,0,284,18.7,1011.6,8,3
9/21/2026 16:15,21.2,57.75,0,285.5,19.15,1011.8,8,3
9/21/2026 16:30,20.8,55.5,0,287,19.6,1012,8,3
9/21/2026 16:45,20.4,53.25,0,288.5,20.05,1012.2,8,3
9/21/2026 17:00,20,51,0,290,20.5,1012.4,8,3
9/21/2026 17:15,19.8,51.5,0,291.75,20.05,1012.65,8,3
9/21/2026 17:30,19.6,52,0,293.5,19.6,1012.9,8,3
9/21/2026 17:45,19.4,52.5,0,295.25,19.15,1013.15,8,3
9/21/2026 18:00,19.2,53,0,297,18.7,1013.4,8,3
9/21/2026 18:15,18.75,56,0,297,18.175,1013.575,8,3
9/21/2026 18:30,18.3,59,0,297,17.65,1013.75,8,3
9/21/2026 18:45,17.85,62,0,297,17.125,1013.925,8,3
9/21/2026 19:00,17.4,65,0,297,16.6,1014.1,8,3
9/21/2026 19:15,17.3,65,0,297,16.6,1014.2,8,3
9/21/2026 19:30,17.2,65,0,297,16.6,1014.3,8,3
9/21/2026 19:45,17.1,65,0,297,16.6,1014.4,8,3
9/21/2026 20:00,17,65,0,297,16.6,1014.5,8,3
9/21/2026 20:15,16.775,66.5,0,300.25,16.85,1014.675,8,3
9/21/2026 20:30,16.55,68,0,303.5,17.1,1014.85,8,3
9/21/2026 20:45,16.325,69.5,0,306.75,17.35,1015.025,8,3
9/21/2026 21:00,16.1,71,0,310,17.6,1015.2,8,3
9/21/2026 21:15,15.775,73,0,313.5,17.25,1015.325,8,3
9/21/2026 21:30,15.45,75,0,317,16.9,1015.45,8,3
9/21/2026 21:45,15.125,77,0,320.5,16.55,1015.575,8,3
9/21/2026 22:00,14.8,79,0,324,16.2,1015.7,8,3
9/21/2026 22:15,14.5,79.5,0,323,15.85,1015.8,8,3
9/21/2026 22:30,14.2,80,0,322,15.5,1015.9,8,3
9/21/2026 22:45,13.9,80.5,0,321,15.15,1016,8,3
9/21/2026 23:00,13.6,81,0,320,14.8,1016.1,8,3
9/21/2026 23:15,13.4,82.5,0.05,319.5,14.6,1016.175,8,3
9/21/2026 23:30,13.2,84,0.1,319,14.4,1016.25,8,3
9/21/2026 23:45,13,85.5,0.15,318.5,14.2,1016.325,8,3
9/22/2026 0:00,12.8,87,0.2,318,14,1016.4,8,3
9/22/2026 0:15,12.475,88.75,0.175,311.25,12.3,1016.775,8,3
9/22/2026 0:30,12.15,90.5,0.15,304.5,10.6,1017.15,8,3
9/22/2026 0:45,11.825,92.25,0.125,297.75,8.9,1017.525,8,3
